[{"id":"5f47f79e8f0814ff0a917572","companyId":"5f47ce0c8f0815394ff3bd8a","createdDate":1730493747951,"updatedDate":1730493747951,"versionId":57,"referenceId":null,"systemStatus":"P","updatedByUserId":"5f47ce0e8f0815394ff3be1b","updatedByUserName":"Josh Havens","systemStatusText":null,"userTypes":null,"requirementIds":null,"name":"API_MainRequest","sourceReferenceId":"5e4ad771e4b053c18438f564","sourceReferenceAppId":"5e3c7705e4b0dc635b34e645","lockedByUserId":null,"lockedByUserName":null,"publicArtifact":false,"enableOffline":false,"locked":false,"canUnlock":false,"publishComment":" ","importantPublish":false,"appId":"5f47f6158f0814ff0a917552","folderId":"","initializer":null,"triggerType":"workflow","flow":[],"createdBy":null,"lastModifiedBy":null,"objectsMap":{"1581963120952":{"id":"1581963120952","type":"startObject","value":null,"taskName":"Start","triggerType":"workflow","addedToConfig":true,"painted":true,"position":{},"taskNotes":"<p><br></p>","modelName":"API_MainRequest","desc":"API_MainRequest"},"15819631209521000":{"id":"15819631209521000","parent":"1652898709032","systemExit":true,"type":"return","returnType":"return","taskName":"Exit","label":"","addedToConfig":false,"painted":false,"position":{},"taskNotes":"<p><br></p>","desc":"Return","outputTask":"1652898339117"},"1581963133755":{"id":"1581963133755","type":"workflow","position":{},"workflowId":"rr_dynamic_vlc","workflowName":"VLC is obtained at runtime","workflowType":"serverFlow","label":"","taskName":"Visual Logic Component","parent":"1685566756071_end","painted":false,"addedToConfig":false,"callType":"sync","taskNotes":"<p><br></p>","vlcInputTask":"1652899487838","vlcInputValue":"string","inputTask":"rr_page_data","inputValue":"data","outputDataModel":"API_MainResponse"},"1652897925179":{"id":"1652897925179","type":"query","position":{},"source":null,"target":null,"mapping":[],"label":"","filterBy":"criteria","searchOption":"one","operator":"and","taskName":"Workflow","parent":"1652899487838","painted":false,"addedToConfig":false,"taskNotes":"<p><br></p>","useOwnerTenant":false,"ignoreSecurity":true,"queryType":"named","relationshipMapping":[],"selectFields":[],"sortFields":[],"query":"628538b88f08bf10ebb7041b","modelName":"SysPlatformObject","inputTask":"rr_page_data","inputValue":null},"1652898323766_end":{"id":"1652898323766_end","decisionId":"1652898323766","position":{},"type":"decisionEnd","painted":false,"addedToConfig":false,"taskNotes":"<p><br></p>"},"1652898323766_success_start":{"id":"1652898323766_success_start","decisionId":"1652898323766","parent":"1652898323766","position":{},"type":"decisionSucessStart","painted":false,"addedToConfig":false},"1652898323766_failure_start":{"id":"1652898323766_failure_start","decisionId":"1652898323766","parent":"1652898323766","position":{},"type":"decisionFailureStart","painted":false,"addedToConfig":false},"1652898323766_success_end":{"id":"1652898323766_success_end","decisionId":"1652898323766","parent":"1652899514535","position":{},"type":"decisionSucessEnd","painted":false,"addedToConfig":false},"1652898323766_failure_end":{"id":"1652898323766_failure_end","decisionId":"1652898323766","parent":"1652898368910","position":{},"type":"decisionFailureEnd","painted":false,"addedToConfig":false},"1652898323766":{"id":"1652898323766","type":"decision","newMapping":true,"position":{},"condition":null,"serviceName":null,"serviceType":null,"operator":"and","mapping":[{"sourceType":"notNull","sourceValue":null,"source":"1652897925179","sourceFieldType":null,"sourceModel":"SysPlatformObject","isSourceList":null,"targetType":"variable","targetValue":null,"target":null,"targetFieldType":null,"targetModel":"","isTargetList":null,"comparator":null}],"label":"","parent":"1652897925179","painted":false,"taskNotes":"<p><br></p>","addedToConfig":false},"1652898339117":{"id":"1652898339117","type":"createDataObject","position":{},"condition":"API_MainResponse","mapping":[{"name":"status","valueType":"constant","value":"SUCCESS - API_MainResponse","fieldType":"String","list":false,"rr_dynamic_field_name_type":"","fromModel":""}],"label":"","taskName":"API_MainResponse","parent":"1705703782126","painted":false,"taskNotes":"<p><br></p>","addedToConfig":false},"1652898368910":{"id":"1652898368910","type":"service","value":"Utility Function","serviceType":"internal","position":{},"label":"","callType":"async","taskName":"Add Reason to List","parent":"1652898391696","painted":false,"desc":"Utility Function","taskNotes":"<p><br></p>","utilityFunctionId":"addToList","addAtIndexType":"constant","addAtIndex":false,"inputTask":"1652898391696","inputValue":"","targetTask":"1652898339117","targetValue":"reasons","addedToConfig":false},"1652898373574":{"id":"1652898373574","type":"dataTransfer","position":{},"source":"mddui_page_input_data","sourceType":"page","sourceVariable":"rr_page_data","targetType":"page","target":"1652898339117","targetVariable":null,"resultVariable":null,"mapping":[{"name":"status","valueType":"constant","value":"FAILED","fieldType":"String","list":false,"rr_dynamic_field_name_type":"","fromModel":""}],"label":"","taskName":"Update Model in Memory","parent":"1652898323766_failure_start","painted":false,"taskNotes":"<p><br></p>","condition":"API_MainResponse","addedToConfig":false},"1652898391696":{"id":"1652898391696","type":"expression","position":{},"expression":[{"type":"data","source":"constant","value":"Invalid Workflow"}],"targetVariable":null,"label":"","taskName":"Invalid Workflow","parent":"1652898373574","painted":false,"taskNotes":"<p><br></p>","outputVariable":"","expressionType":"string","addedToConfig":false},"1652898709032":{"id":"1652898709032","type":"dataTransfer","position":{},"source":"mddui_page_input_data","sourceType":"page","sourceVariable":"rr_page_data","targetType":"page","target":"1652898339117","targetVariable":null,"resultVariable":null,"mapping":[{"name":"rr_this_object","valueType":"variable","value":"rr_this_object","fieldType":null,"list":null,"rr_dynamic_field_name_type":"","fromModel":"API_MainResponse","source":"1581963133755"}],"label":"","taskName":"Update Model in Memory","parent":"1581963133755","painted":false,"taskNotes":"<p><br></p>","condition":"API_MainResponse","addedToConfig":false},"1652899487838":{"id":"1652899487838","type":"createDataObject","position":{},"condition":"SUB_String","mapping":[{"name":"string","valueType":"variable","value":"service","fieldType":"String","list":false,"rr_dynamic_field_name_type":"","fromModel":"API_MainRequest","source":"rr_page_data"}],"label":"","taskName":"Workflow","parent":"1656358876312_end","painted":false,"taskNotes":"<p><br></p>","addedToConfig":false},"1652899514535":{"id":"1652899514535","type":"dataTransfer","position":{},"source":"mddui_page_input_data","sourceType":"page","sourceVariable":"rr_page_data","targetType":"page","target":"1652899487838","targetVariable":null,"resultVariable":null,"mapping":[{"name":"string","valueType":"variable","value":"_id","fieldType":"String","list":false,"rr_dynamic_field_name_type":"","fromModel":"SysPlatformObject","source":"1652897925179"}],"label":"","taskName":"Update Model in Memory","parent":"1652898323766_success_start","painted":false,"taskNotes":"<p><br></p>","condition":"SUB_String","addedToConfig":false},"1656358755175_end":{"id":"1656358755175_end","decisionId":"1656358755175","position":{},"type":"decisionEnd","painted":false,"taskNotes":"<p><br></p>","addedToConfig":false},"1656358755175_success_start":{"id":"1656358755175_success_start","decisionId":"1656358755175","parent":"1656358755175","position":{},"type":"decisionSucessStart","painted":false,"addedToConfig":false},"1656358755175_failure_start":{"id":"1656358755175_failure_start","decisionId":"1656358755175","parent":"1656358755175","position":{},"type":"decisionFailureStart","painted":false,"addedToConfig":false},"1656358755175_success_end":{"id":"1656358755175_success_end","decisionId":"1656358755175","parent":"1656358755175_success_start","position":{},"type":"decisionSucessEnd","painted":false,"addedToConfig":false},"1656358755175_failure_end":{"id":"1656358755175_failure_end","decisionId":"1656358755175","parent":"1656358812551","position":{},"type":"decisionFailureEnd","painted":false,"addedToConfig":false},"1656358755175":{"id":"1656358755175","type":"decision","newMapping":true,"position":{},"condition":null,"serviceName":null,"serviceType":null,"operator":"and","mapping":[{"sourceType":"variable","sourceValue":"service","source":"rr_page_data","sourceFieldType":"String","sourceModel":"API_MainRequest","isSourceList":false,"targetType":"variable","targetValue":null,"target":null,"targetFieldType":null,"targetModel":"","isTargetList":null,"comparator":"notEmpty"}],"label":"","parent":"1652898339117","painted":false,"taskNotes":"<p><br></p>","addedToConfig":false},"1656358776210":{"id":"1656358776210","type":"dataTransfer","position":{},"source":"mddui_page_input_data","sourceType":"page","sourceVariable":"rr_page_data","targetType":"page","target":"1652898339117","targetVariable":null,"resultVariable":null,"mapping":[{"name":"status","valueType":"constant","value":"FAILED","fieldType":"String","list":false,"rr_dynamic_field_name_type":"","fromModel":""}],"label":"","taskName":"Update Model in Memory","parent":"1656358755175_failure_start","painted":false,"taskNotes":"<p>&nbsp;</p>","condition":"API_MainResponse","addedToConfig":false},"1656358792361":{"id":"1656358792361","type":"expression","position":{},"expression":[{"type":"data","source":"constant","value":"service Not Defined"}],"targetVariable":null,"label":"","taskName":"service Not Defined","parent":"1656358776210","painted":false,"taskNotes":"<p><br></p>","outputVariable":"","expressionType":"string","addedToConfig":false},"1656358812551":{"id":"1656358812551","type":"service","value":"Utility Function","serviceType":"internal","position":{},"label":"","callType":"async","taskName":"Add Reason to List","parent":"1656358792361","painted":false,"desc":"Utility Function","taskNotes":"<p><br></p>","utilityFunctionId":"addToList","addAtIndexType":"constant","addAtIndex":false,"inputTask":"1656358792361","inputValue":"","targetTask":"1652898339117","targetValue":"reasons","addedToConfig":false},"1656358853590":{"id":"1656358853590","type":"decision","newMapping":true,"position":{},"condition":null,"serviceName":null,"serviceType":null,"operator":"and","mapping":[{"sourceType":"variable","sourceValue":"data","source":"rr_page_data","sourceFieldType":"Object","sourceModel":"API_MainRequest","isSourceList":false,"targetType":"variable","targetValue":null,"target":null,"targetFieldType":null,"targetModel":"","isTargetList":null,"comparator":"notEmpty"}],"label":"","parent":"1656358755175_end","painted":false,"taskNotes":"<p><br></p>","addedToConfig":false},"1656358853590_end":{"id":"1656358853590_end","decisionId":"1656358853590","position":{},"type":"decisionEnd","painted":false,"taskNotes":"<p><br></p>","addedToConfig":false},"1656358853590_success_start":{"id":"1656358853590_success_start","decisionId":"1656358853590","parent":"1656358853590","position":{},"type":"decisionSucessStart","painted":false,"addedToConfig":false},"1656358853590_failure_start":{"id":"1656358853590_failure_start","decisionId":"1656358853590","parent":"1656358853590","position":{},"type":"decisionFailureStart","painted":false,"addedToConfig":false},"1656358853590_success_end":{"id":"1656358853590_success_end","decisionId":"1656358853590","parent":"1656358853590_success_start","position":{},"type":"decisionSucessEnd","painted":false,"addedToConfig":false},"1656358853590_failure_end":{"id":"1656358853590_failure_end","decisionId":"1656358853590","parent":"1656358853599","position":{},"type":"decisionFailureEnd","painted":false,"addedToConfig":false},"1656358853597":{"id":"1656358853597","type":"dataTransfer","position":{},"source":"mddui_page_input_data","sourceType":"page","sourceVariable":"rr_page_data","targetType":"page","target":"1652898339117","targetVariable":null,"resultVariable":null,"mapping":[{"name":"status","valueType":"constant","value":"FAILED","fieldType":"String","list":false,"rr_dynamic_field_name_type":"","fromModel":""}],"label":"","taskName":"Update Model in Memory","parent":"1656358853590_failure_start","painted":false,"taskNotes":"<p>&nbsp;</p>","condition":"API_MainResponse","addedToConfig":false},"1656358853598":{"id":"1656358853598","type":"expression","position":{},"expression":[{"type":"data","source":"constant","value":"data Object Not Defined"}],"targetVariable":null,"label":"","taskName":"data Object Not Defined","parent":"1656358853597","painted":false,"taskNotes":"<p><br></p>","outputVariable":"","expressionType":"string","addedToConfig":false},"1656358853599":{"id":"1656358853599","type":"service","value":"Utility Function","serviceType":"internal","position":{},"label":"","callType":"async","taskName":"Add Reason to List","parent":"1656358853598","painted":false,"desc":"Utility Function","taskNotes":"<p><br></p>","utilityFunctionId":"addToList","addAtIndexType":"constant","addAtIndex":false,"inputTask":"1656358853598","inputValue":"","targetTask":"1652898339117","targetValue":"reasons","addedToConfig":false},"1656358876312_end":{"id":"1656358876312_end","decisionId":"1656358876312","position":{},"type":"decisionEnd","painted":false,"addedToConfig":false},"1656358876312_success_start":{"id":"1656358876312_success_start","decisionId":"1656358876312","parent":"1656358876312","position":{},"type":"decisionSucessStart","painted":false,"addedToConfig":false},"1656358876312_failure_start":{"id":"1656358876312_failure_start","decisionId":"1656358876312","parent":"1656358876312","position":{},"type":"decisionFailureStart","painted":false,"addedToConfig":false},"1656358876312_success_end":{"id":"1656358876312_success_end","decisionId":"1656358876312","parent":"1656358890947","position":{},"type":"decisionSucessEnd","painted":false,"addedToConfig":false},"1656358876312_failure_end":{"id":"1656358876312_failure_end","decisionId":"1656358876312","parent":"1656358876312_failure_start","position":{},"type":"decisionFailureEnd","painted":false,"addedToConfig":false},"1656358876312":{"id":"1656358876312","type":"decision","newMapping":true,"position":{},"condition":null,"serviceName":null,"serviceType":null,"operator":"and","mapping":[{"sourceType":"variable","sourceValue":"status","source":"1652898339117","sourceFieldType":"String","sourceModel":"API_MainResponse","isSourceList":false,"targetType":"constant","targetValue":"FAILED","target":null,"targetFieldType":null,"targetModel":"","isTargetList":null,"comparator":"equals"}],"label":"","parent":"1656358853590_end","painted":false,"taskNotes":"<p><br></p>","addedToConfig":false},"1656358890947":{"id":"1656358890947","type":"goTo","position":{},"mapping":null,"label":"","taskId":"15819631209521000","taskParent":"1652898709032","taskName":"Go To","parent":"1656358876312_success_start","painted":false,"taskNotes":"<p><br></p>","addedToConfig":false},"1685566735204":{"id":"1685566735204","type":"service","value":"Utility Function","serviceType":"internal","position":{},"label":"","callType":"async","taskName":"action","parent":"1652898323766_end","painted":false,"desc":"Utility Function","taskNotes":"<p><br></p>","utilityFunctionId":"getFromMap","keyType":"constant","outputModel":"","inputTask":"rr_page_data","inputValue":"data","keyTypeValue":"action","addedToConfig":false},"1685566742904":{"id":"1685566742904","type":"service","value":"Utility Function","serviceType":"internal","position":{},"label":"","callType":"async","taskName":"actionType","parent":"1685566735204","painted":false,"desc":"Utility Function","taskNotes":"<p><br></p>","utilityFunctionId":"getFromMap","keyType":"constant","outputModel":"","inputTask":"rr_page_data","inputValue":"data","keyTypeValue":"actionType","addedToConfig":false},"1685566750172":{"id":"1685566750172","type":"query","position":{},"source":null,"target":null,"mapping":[{"name":"action","valueType":"variable","value":"","fieldType":"String","list":false,"fromModel":"","comparator":"equals","source":"1685566735204"},{"name":"actionType","valueType":"variable","value":"","fieldType":"String","list":false,"fromModel":"","comparator":"equals","source":"1685566742904"},{"name":"service","valueType":"variable","value":"service","fieldType":"String","list":false,"fromModel":"API_MainRequest","comparator":"equals","source":"rr_page_data"},{"name":"enabled","valueType":"constant","value":"true","fieldType":"Boolean","list":false,"fromModel":"","comparator":"equals"},{"name":"requiresPermission","valueType":"constant","value":"true","fieldType":"Boolean","list":false,"fromModel":"","comparator":"equals"},{"name":"type","valueType":"constant","value":"NON_MENU","fieldType":"String","list":false,"fromModel":"","comparator":"equals"}],"label":"","filterBy":"criteria","searchOption":"many","operator":"and","taskName":"Menu_Item","parent":"1685566742904","painted":false,"taskNotes":"<p><br></p>","ignoreSecurity":true,"queryType":"dynamic","relationshipMapping":[],"selectFields":[],"sortFields":[],"modelName":"Menu_Items","addedToConfig":false,"useOwnerTenant":true},"1685566756071":{"id":"1685566756071","type":"decision","newMapping":true,"position":{},"condition":null,"serviceName":null,"serviceType":null,"operator":"and","mapping":[{"sourceType":"notNull","sourceValue":null,"source":"1685566750172","sourceFieldType":null,"sourceModel":"Menu_Items","isSourceList":null,"targetType":"variable","targetValue":null,"target":null,"targetFieldType":null,"targetModel":"","isTargetList":null,"comparator":null}],"label":"","parent":"1685566750172","painted":false,"taskNotes":"<p><br></p>","addedToConfig":false},"1685566756071_end":{"id":"1685566756071_end","decisionId":"1685566756071","position":{},"type":"decisionEnd","painted":false,"addedToConfig":false},"1685566756071_success_start":{"id":"1685566756071_success_start","decisionId":"1685566756071","parent":"1685566756071","position":{},"type":"decisionSucessStart","painted":false,"addedToConfig":false},"1685566756071_failure_start":{"id":"1685566756071_failure_start","decisionId":"1685566756071","parent":"1685566756071","position":{},"type":"decisionFailureStart","painted":false,"addedToConfig":false},"1685566756071_success_end":{"id":"1685566756071_success_end","decisionId":"1685566756071","parent":"1691177622651_end","position":{},"type":"decisionSucessEnd","painted":false,"addedToConfig":false},"1685566756071_failure_end":{"id":"1685566756071_failure_end","decisionId":"1685566756071","parent":"1685566756071_failure_start","position":{},"type":"decisionFailureEnd","painted":false,"addedToConfig":false},"1685566756072":{"id":"1685566756072","type":"service","value":"Utility Function","serviceType":"internal","position":{},"label":"","callType":"async","taskName":"userId","parent":"1687893037525","painted":false,"desc":"Utility Function","taskNotes":"<p><br></p>","utilityFunctionId":"getFromMap","keyType":"constant","modelName":"","outputModel":"","inputTask":"rr_page_data","inputValue":"data","keyTypeValue":"userId","addedToConfig":false},"1687892823802":{"id":"1687892823802","type":"service","value":"Base64Decode","serviceType":"internal","position":{},"label":"","callType":"async","taskName":"Decode Auth Header","parent":"1687893312136","painted":false,"desc":"Base64Decode","taskNotes":"<p><br></p>","utilityFunctionId":"hmacSHA512","algorithm":"HmacSHA512","inputTask":"1687893312136","inputValue":null,"addedToConfig":false},"1687892991188":{"id":"1687892991188","type":"service","value":"Custom Function","serviceType":"internal","position":{},"label":"","callType":"async","taskName":"Delimit","parent":"1687892823802","painted":false,"desc":"Custom Function","taskNotes":"<p><br></p>","customFunctionId":"String_split","customFunctionParam":{"source_task":"1687892823802","source_model_field":"","1_task":"constant","1_model_field":":"},"addedToConfig":false},"1687893037525":{"id":"1687893037525","type":"filter","position":{},"source":null,"target":null,"mapping":[],"label":"","searchOption":"one","operator":"and","taskName":"userName","filterBy":"index","indexType":"constant","index":0,"parent":"1687892991188","painted":false,"taskNotes":"<p><br></p>","inputValue":null,"inputTask":"1687892991188","addedToConfig":false},"1687893065474":{"id":"1687893065474","type":"query","position":{},"source":null,"target":null,"mapping":[{"name":"userName","valueType":"variable","value":null,"fieldType":"String","list":false,"comparator":"equalsIgnoreCase","source":"1687893037525"}],"label":"","filterBy":"criteria","searchOption":"one","operator":"and","taskName":"User","parent":"1685566756072","painted":false,"taskNotes":"<p><br></p>","ignoreSecurity":true,"queryType":"dynamic","relationshipMapping":[],"selectFields":[{"fieldName":"_id"},{"fieldName":"lastUsedRole"}],"sortFields":[],"modelName":"User","addedToConfig":false},"1687893312136":{"id":"1687893312136","type":"service","value":"Custom Function","serviceType":"internal","position":{},"label":"","callType":"async","taskName":"Strip Basic","parent":"1730492333683","painted":false,"desc":"Custom Function","taskNotes":"<p><br></p>","utilityFunctionId":"headerInfo","customFunctionId":"String_replace","customFunctionParam":{"source_task":"rr_page_data","source_model_field":"authHeader","1_task":"constant","1_model_field":"Basic ","2_task":"constant","2_model_field":""},"addedToConfig":false},"1691177622651_end":{"id":"1691177622651_end","decisionId":"1691177622651","position":{},"type":"decisionEnd","painted":false,"addedToConfig":false},"1691177622651_success_start":{"id":"1691177622651_success_start","decisionId":"1691177622651","parent":"1691177622651","position":{},"type":"decisionSucessStart","painted":false,"addedToConfig":false},"1691177622651_failure_start":{"id":"1691177622651_failure_start","decisionId":"1691177622651","parent":"1691177622651","position":{},"type":"decisionFailureStart","painted":false,"addedToConfig":false},"1691177622651_success_end":{"id":"1691177622651_success_end","decisionId":"1691177622651","parent":"1691177622651_success_start","position":{},"type":"decisionSucessEnd","painted":false,"addedToConfig":false},"1691177622651_failure_end":{"id":"1691177622651_failure_end","decisionId":"1691177622651","parent":"1691177636932","position":{},"type":"decisionFailureEnd","painted":false,"addedToConfig":false},"1691177622651":{"id":"1691177622651","type":"decision","newMapping":true,"position":{},"condition":null,"serviceName":null,"serviceType":null,"operator":"and","mapping":[{"sourceType":"variable","sourceValue":"boolean","source":"1719278924506","sourceFieldType":"Boolean","sourceModel":"User_MenuPermissions","isSourceList":false,"targetType":"constant","targetValue":"true","target":null,"targetFieldType":null,"targetModel":"","isTargetList":null,"comparator":"equals"}],"label":"","parent":"1719278924506","painted":false,"taskNotes":"<p><br></p>","addedToConfig":false},"1691177636932":{"id":"1691177636932","type":"goTo","position":{},"mapping":null,"label":"","taskId":"15819631209521000","taskParent":"1652898709032","taskName":"Go To","parent":"1691177673971","painted":false,"taskNotes":"<p><br></p>","addedToConfig":false},"1691177656731":{"id":"1691177656731","type":"expression","position":{},"expression":[{"type":"data","source":"constant","value":"No Permission"}],"targetVariable":null,"label":"","taskName":"No Permission","parent":"1691177622651_failure_start","painted":false,"taskNotes":"<p><br></p>","outputVariable":"","expressionType":"string","addedToConfig":false},"1691177660962":{"id":"1691177660962","type":"service","value":"Utility Function","serviceType":"internal","position":{},"label":"","callType":"async","taskName":"Add Reason to List","parent":"1691177656731","painted":false,"desc":"Utility Function","taskNotes":"<p><br></p>","utilityFunctionId":"addToList","addAtIndexType":"constant","addAtIndex":false,"inputTask":"1691177656731","inputValue":null,"targetTask":"1652898339117","targetValue":"reasons","addedToConfig":false},"1691177670227":{"id":"1691177670227","type":"createDataObject","position":{},"condition":"SUB_String","mapping":[{"name":"string","valueType":"constant","value":"You do not have permission to do this.","fieldType":"String","list":false,"rr_dynamic_field_name_type":"","fromModel":""}],"label":"","taskName":"SUB_String","parent":"1691177660962","painted":false,"taskNotes":"<p><br></p>","addedToConfig":false},"1691177673971":{"id":"1691177673971","type":"service","value":"Utility Function","serviceType":"internal","position":{},"label":"","callType":"async","taskName":"Add Reason to List","parent":"1691177670227","painted":false,"desc":"Utility Function","taskNotes":"<p><br></p>","utilityFunctionId":"addToList","addAtIndexType":"constant","addAtIndex":false,"inputTask":"1691177670227","inputValue":null,"targetTask":"1652898339117","targetValue":"reasons2","addedToConfig":false},"1705703782126":{"id":"1705703782126","type":"service","value":"Change Tenant Context","serviceType":"internal","position":{},"label":"","callType":"async","taskName":"Local Service","parent":"1581963120952","painted":false,"desc":"Change Tenant Context","taskNotes":"<p><br></p>","inputTask":"rr_page_data","inputValue":"rr_id","addedToConfig":false},"1719278924506":{"id":"1719278924506","type":"query","position":{},"source":null,"target":null,"mapping":[{"name":"itemId","valueType":"variable","value":"_id","fieldType":"String","list":false,"fromModel":"Menu_Items","comparator":"equals","source":"1730492333683"},{"name":"userId","valueType":"variable","value":"_id","fieldType":"String","list":false,"fromModel":"User","comparator":"equals","source":"1687893065474"}],"label":"","filterBy":"criteria","searchOption":"one","operator":"and","taskName":"User_MenuPermission","parent":"1730493472656_end","painted":false,"taskNotes":"<p><br></p>","ignoreSecurity":true,"queryType":"dynamic","relationshipMapping":[],"selectFields":[],"sortFields":[],"modelName":"User_MenuPermissions","addedToConfig":false},"1730492333683":{"id":"1730492333683","type":"createDataObject","position":{},"condition":"Menu_Items","mapping":[],"label":"","taskName":"Temp Menu_Item","parent":"1685566756071_success_start","painted":false,"taskNotes":"<p><br></p>","addedToConfig":false},"1730493464917":{"id":"1730493464917","type":"filter","position":{},"source":null,"target":null,"mapping":[{"name":"loggedInUserRole","valueType":"variable","value":"lastUsedRole","fieldType":"String","list":false,"fromModel":"User","comparator":"equals","source":"1687893065474"}],"label":"","searchOption":"one","operator":"and","taskName":"Filter","filterBy":"criteria","indexType":"constant","index":0,"parent":"1687893065474","painted":false,"taskNotes":"<p><br></p>","inputTask":"1685566750172","inputValue":null,"modelName":"Menu_Items","addedToConfig":false},"1730493472656":{"id":"1730493472656","type":"decision","newMapping":true,"position":{},"condition":null,"serviceName":null,"serviceType":null,"operator":"and","mapping":[{"sourceType":"notNull","sourceValue":null,"source":"1730493464917","sourceFieldType":null,"sourceModel":"Menu_Items","isSourceList":null,"targetType":"variable","targetValue":null,"target":null,"targetFieldType":null,"targetModel":"","isTargetList":null,"comparator":null}],"label":"","parent":"1730493464917","painted":false,"taskNotes":"<p><br></p>","addedToConfig":false},"1730493472656_end":{"id":"1730493472656_end","decisionId":"1730493472656","position":{},"type":"decisionEnd","painted":false,"addedToConfig":false},"1730493472656_success_start":{"id":"1730493472656_success_start","decisionId":"1730493472656","parent":"1730493472656","position":{},"type":"decisionSucessStart","painted":false,"addedToConfig":false},"1730493472656_failure_start":{"id":"1730493472656_failure_start","decisionId":"1730493472656","parent":"1730493472656","position":{},"type":"decisionFailureStart","painted":false,"addedToConfig":false},"1730493472656_success_end":{"id":"1730493472656_success_end","decisionId":"1730493472656","parent":"1730493472657","position":{},"type":"decisionSucessEnd","painted":false,"addedToConfig":false},"1730493472656_failure_end":{"id":"1730493472656_failure_end","decisionId":"1730493472656","parent":"1730493735027","position":{},"type":"decisionFailureEnd","painted":false,"addedToConfig":false},"1730493472657":{"id":"1730493472657","type":"dataTransfer","position":{},"source":"mddui_page_input_data","sourceType":"page","sourceVariable":"rr_page_data","targetType":"page","target":"1730492333683","targetVariable":null,"resultVariable":null,"mapping":[{"name":"rr_this_object","valueType":"variable","value":"rr_this_object","fieldType":null,"list":null,"rr_dynamic_field_name_type":"","fromModel":"Menu_Items","source":"1730493464917"}],"label":"","taskName":"Update Model in Memory","parent":"1730493472656_success_start","painted":false,"taskNotes":"<p><br></p>","condition":"Menu_Items","addedToConfig":false},"1730493735027":{"id":"1730493735027","type":"goTo","position":{"top":243,"left":731},"mapping":null,"label":"","taskId":"1581963133755","taskParent":"1685566756071_end","taskName":"Go To","parent":"1730493472656_failure_start","painted":false,"taskNotes":"<p><br></p>","addedToConfig":false}},"decisionsMap":{"1652898323766":{"success":"1652898323766_success_start","failure":"1652898323766_failure_start","successEnd":"1652898323766_success_end","failureEnd":"1652898323766_failure_end","end":"1652898323766_end","root":true},"1656358755175":{"success":"1656358755175_success_start","failure":"1656358755175_failure_start","successEnd":"1656358755175_success_end","failureEnd":"1656358755175_failure_end","end":"1656358755175_end","root":false},"1656358853590":{"root":false,"success":"1656358853590_success_start","failure":"1656358853590_failure_start","successEnd":"1656358853590_success_end","failureEnd":"1656358853590_failure_end","end":"1656358853590_end"},"1656358876312":{"success":"1656358876312_success_start","failure":"1656358876312_failure_start","successEnd":"1656358876312_success_end","failureEnd":"1656358876312_failure_end","end":"1656358876312_end","root":false},"1685566756071":{"root":false,"success":"1685566756071_success_start","failure":"1685566756071_failure_start","successEnd":"1685566756071_success_end","failureEnd":"1685566756071_failure_end","end":"1685566756071_end"},"1691177622651":{"success":"1691177622651_success_start","failure":"1691177622651_failure_start","successEnd":"1691177622651_success_end","failureEnd":"1691177622651_failure_end","end":"1691177622651_end","root":false},"1730493472656":{"root":false,"success":"1730493472656_success_start","failure":"1730493472656_failure_start","successEnd":"1730493472656_success_end","failureEnd":"1730493472656_failure_end","end":"1730493472656_end"}},"active":false,"scheduler":false,"savedId":null,"workInProgress":false,"uiFLow":false,"startTaskId":"1581963120952","shouldSecure":true,"allowExecutionForAll":true,"testCase":false,"testSuite":false,"sequence":1,"internal":true,"triggeredFromBpm":false,"inputModel":"API_MainRequest","outputModel":null,"appName":null},
{"id":"61f985918f0881339286186d","companyId":"5f47ce0c8f0815394ff3bd8a","createdDate":1730736244375,"updatedDate":1730736244375,"versionId":11,"referenceId":null,"systemStatus":"P","updatedByUserId":"5f47ce0e8f0815394ff3be1b","updatedByUserName":"Josh Havens","systemStatusText":null,"userTypes":null,"requirementIds":null,"name":"API_Course_Get_Course","sourceReferenceId":null,"sourceReferenceAppId":null,"lockedByUserId":null,"lockedByUserName":null,"publicArtifact":false,"enableOffline":false,"locked":false,"canUnlock":false,"publishComment":" ","importantPublish":false,"appId":"5f47f6158f0814ff0a917552","folderId":"","initializer":null,"triggerType":"workflow","flow":[],"createdBy":null,"lastModifiedBy":null,"objectsMap":{"1643742608844":{"id":"1643742608844","type":"startObject","value":null,"taskName":"Start","triggerType":"workflow","addedToConfig":true,"painted":true,"position":{},"taskNotes":"<p><br></p>","modelName":"API_CourseRequest","desc":"API_CourseRequest","output":"API_MainResponse"},"16437426088441000":{"id":"16437426088441000","parent":"1643742697761_end","systemExit":true,"type":"return","returnType":"return","taskName":"Exit","label":"","addedToConfig":false,"painted":false,"position":{},"taskNotes":"<p><br></p>","desc":"Return","outputTask":"1643742654649"},"1643742654649":{"id":"1643742654649","type":"createDataObject","position":{},"condition":"API_MainResponse","mapping":[{"name":"status","valueType":"constant","value":"SUCCESS - API_Course_Get_Course","fieldType":"String","list":false,"rr_dynamic_field_name_type":"","fromModel":""}],"label":"","taskName":"API_MainResponse","parent":"1643742608844","painted":false,"taskNotes":"<p><br></p>","addedToConfig":false},"1643742685133":{"id":"1643742685133","type":"query","position":{},"source":null,"target":null,"mapping":[{"name":"_id","valueType":"variable","value":"courseId","fieldType":"String","list":false,"fromModel":"API_CourseRequest","comparator":"equals","source":"rr_page_data"}],"label":"","filterBy":"criteria","searchOption":"one","operator":"and","taskName":"Course","parent":"1643742654649","painted":false,"taskNotes":"<p><br></p>","ignoreSecurity":true,"queryType":"dynamic","relationshipMapping":[],"modelName":"Course","addedToConfig":false,"selectFields":[],"sortFields":[],"useOwnerTenant":false},"1643742697761":{"id":"1643742697761","type":"decision","newMapping":true,"position":{},"condition":null,"serviceName":null,"serviceType":null,"operator":"and","mapping":[{"sourceType":"notNull","sourceValue":null,"source":"1643742685133","sourceFieldType":null,"sourceModel":"Course","isSourceList":null,"targetType":"variable","targetValue":null,"target":null,"targetFieldType":null,"targetModel":"","isTargetList":null,"comparator":null}],"label":"","parent":"1643742685133","painted":false,"taskNotes":"<p><br></p>","addedToConfig":false},"1643742697761_end":{"id":"1643742697761_end","decisionId":"1643742697761","position":{},"type":"decisionEnd","painted":false,"addedToConfig":false},"1643742697761_success_start":{"id":"1643742697761_success_start","decisionId":"1643742697761","parent":"1643742697761","position":{},"type":"decisionSucessStart","painted":false,"addedToConfig":false},"1643742697761_failure_start":{"id":"1643742697761_failure_start","decisionId":"1643742697761","parent":"1643742697761","position":{},"type":"decisionFailureStart","painted":false,"addedToConfig":false},"1643742697761_success_end":{"id":"1643742697761_success_end","decisionId":"1643742697761","parent":"1643742697795","position":{},"type":"decisionSucessEnd","painted":false,"addedToConfig":false},"1643742697761_failure_end":{"id":"1643742697761_failure_end","decisionId":"1643742697761","parent":"1643742697761_failure_start","position":{},"type":"decisionFailureEnd","painted":false,"addedToConfig":false},"1643742697763":{"id":"1643742697763","type":"decision","newMapping":true,"position":{},"condition":null,"serviceName":null,"serviceType":null,"operator":"and","mapping":[{"sourceType":"variable","sourceValue":"userId","source":"1643742685133","sourceFieldType":"String","sourceModel":"Course","isSourceList":false,"targetType":"variable","targetValue":null,"target":null,"targetFieldType":null,"targetModel":"","isTargetList":null,"comparator":"notEmpty"}],"label":"","parent":"1643742697761_success_start","painted":false,"taskNotes":"<p><br></p>","addedToConfig":false},"1643742697763_end":{"id":"1643742697763_end","decisionId":"1643742697763","position":{},"type":"decisionEnd","painted":false,"addedToConfig":false},"1643742697763_success_start":{"id":"1643742697763_success_start","decisionId":"1643742697763","parent":"1643742697763","position":{},"type":"decisionSucessStart","painted":false,"addedToConfig":false},"1643742697763_failure_start":{"id":"1643742697763_failure_start","decisionId":"1643742697763","parent":"1643742697763","position":{},"type":"decisionFailureStart","painted":false,"addedToConfig":false},"1643742697763_success_end":{"id":"1643742697763_success_end","decisionId":"1643742697763","parent":"1643742697765_end","position":{},"type":"decisionSucessEnd","painted":false,"addedToConfig":false},"1643742697763_failure_end":{"id":"1643742697763_failure_end","decisionId":"1643742697763","parent":"1643742697780","position":{},"type":"decisionFailureEnd","painted":false,"addedToConfig":false},"1643742697764":{"id":"1643742697764","type":"query","position":{},"source":null,"target":null,"mapping":[{"name":"_id","valueType":"variable","value":"userId","fieldType":"String","list":false,"fromModel":"Course","comparator":"equals","source":"1643742685133"}],"label":"","filterBy":"criteria","searchOption":"one","operator":"and","taskName":"User","parent":"1643742697763_success_start","painted":false,"taskNotes":"<p><br></p>","ignoreSecurity":true,"queryType":"dynamic","relationshipMapping":[{"name":"instructorFor","inputTask":"1643742685133","inputValue":"_id","model":"Course","fromModel":"Course"}],"modelName":"User","addedToConfig":false,"selectFields":[],"sortFields":[]},"1643742697765":{"id":"1643742697765","type":"decision","newMapping":true,"position":{},"condition":null,"serviceName":null,"serviceType":null,"operator":"and","mapping":[{"sourceType":"notNull","sourceValue":null,"source":"1643742697764","sourceFieldType":null,"sourceModel":"User","isSourceList":null,"targetType":"variable","targetValue":null,"target":null,"targetFieldType":null,"targetModel":"","isTargetList":null,"comparator":null}],"label":"","parent":"1643742697764","painted":false,"taskNotes":"<p><br></p>","addedToConfig":false},"1643742697765_end":{"id":"1643742697765_end","decisionId":"1643742697765","position":{},"type":"decisionEnd","painted":false,"addedToConfig":false},"1643742697765_success_start":{"id":"1643742697765_success_start","decisionId":"1643742697765","parent":"1643742697765","position":{},"type":"decisionSucessStart","painted":false,"addedToConfig":false},"1643742697765_failure_start":{"id":"1643742697765_failure_start","decisionId":"1643742697765","parent":"1643742697765","position":{},"type":"decisionFailureStart","painted":false,"addedToConfig":false},"1643742697765_success_end":{"id":"1643742697765_success_end","decisionId":"1643742697765","parent":"1643742697772","position":{},"type":"decisionSucessEnd","painted":false,"addedToConfig":false},"1643742697765_failure_end":{"id":"1643742697765_failure_end","decisionId":"1643742697765","parent":"1643742697776","position":{},"type":"decisionFailureEnd","painted":false,"addedToConfig":false},"1643742697766":{"id":"1643742697766","type":"query","position":{},"source":null,"target":null,"mapping":[{"name":"userId","valueType":"variable","value":"_id","fieldType":"String","list":false,"fromModel":"User","comparator":"equals","source":"1643742697764"}],"label":"","filterBy":"criteria","searchOption":"many","operator":"or","taskName":"Query","parent":"1643742697765_success_start","painted":false,"taskNotes":"<p><br></p>","queryType":"dynamic","relationshipMapping":[],"selectFields":[{"fieldName":"userId"},{"fieldName":"status"}],"sortFields":[],"modelName":"Course","addedToConfig":false},"1643742697768":{"id":"1643742697768","type":"filter","position":{},"source":null,"target":null,"mapping":[{"name":"status","valueType":"constant","value":"ACTIVE","fieldType":"String","list":false,"fromModel":"","comparator":"equals"},{"name":"status","valueType":"constant","value":"UPCOMING","fieldType":"String","list":false,"fromModel":"","comparator":"equals"}],"label":"","searchOption":"many","operator":"or","taskName":"Filter","filterBy":"criteria","indexType":"constant","index":0,"parent":"1643742697766","painted":false,"taskNotes":"<p><br></p>","inputTask":"1643742697766","inputValue":null,"modelName":"Course","addedToConfig":false},"1643742697769":{"id":"1643742697769","type":"service","value":"Utility Function","serviceType":"internal","position":{},"label":"","callType":"async","taskName":"List Size","parent":"1643742697768","painted":false,"desc":"Utility Function","taskNotes":"<p><br></p>","utilityFunctionId":"listSize","inputTask":"1643742697768","inputValue":null,"addedToConfig":false},"1643742697770":{"id":"1643742697770","type":"dataTransfer","position":{},"source":"mddui_page_input_data","sourceType":"page","sourceVariable":"rr_page_data","targetType":"page","target":"1643742697764","targetVariable":null,"resultVariable":null,"mapping":[{"name":"tempCount","valueType":"variable","value":null,"fieldType":"Number","list":false,"rr_dynamic_field_name_type":"","source":"1643742697769"}],"label":"","taskName":"Update Model in Memory","parent":"1643742697769","painted":false,"taskNotes":"<p><br></p>","condition":"User","addedToConfig":false},"1643742697771":{"id":"1643742697771","type":"createDataObject","position":{},"condition":"User_Basic","mapping":[{"name":"rr_this_object","valueType":"variable","value":"rr_this_object","fieldType":null,"list":null,"rr_dynamic_field_name_type":"","fromModel":"User","source":"1643742697764"},{"name":"userId","valueType":"variable","value":"_id","fieldType":"String","list":false,"rr_dynamic_field_name_type":"","fromModel":"User","source":"1643742697764"}],"label":"","taskName":"Create User_Basic","parent":"1643742697770","painted":false,"taskNotes":"<p><br></p>","addedToConfig":false},"1643742697772":{"id":"1643742697772","type":"dataTransfer","position":{},"source":"mddui_page_input_data","sourceType":"page","sourceVariable":"rr_page_data","targetType":"page","target":"1643742685133","targetVariable":null,"resultVariable":null,"mapping":[{"name":"tempUserBasic","valueType":"variable","value":"rr_this_object","fieldType":"User_Basic","list":false,"rr_dynamic_field_name_type":"","fromModel":"User_Basic","source":"1643742697771"}],"label":"","taskName":"Update Model in Memory","parent":"1643742697771","painted":false,"taskNotes":"<p><br></p>","condition":"Course","addedToConfig":false},"1643742697774":{"id":"1643742697774","type":"createDataObject","position":{},"condition":"User_Basic","mapping":[{"name":"firstName","valueType":"constant","value":"No Instructor","fieldType":"String","list":false,"rr_dynamic_field_name_type":"","fromModel":"User","source":"1643742697764"},{"name":"profileImage","valueType":"constant","value":"https://gu-app-assets.s3.amazonaws.com/5e28c55de4b0dc635b34d8f5/5e4ae659e4b053c18438f624-avatar.png","fieldType":"String","list":false,"rr_dynamic_field_name_type":"","fromModel":"User","source":"1643742697764"}],"label":"","taskName":"Create User_Basic","parent":"1643742697765_failure_start","painted":false,"taskNotes":"<p><br></p>","addedToConfig":false},"1643742697776":{"id":"1643742697776","type":"dataTransfer","position":{},"source":"mddui_page_input_data","sourceType":"page","sourceVariable":"rr_page_data","targetType":"page","target":"1643742685133","targetVariable":null,"resultVariable":null,"mapping":[{"name":"userId","valueType":"empty","value":null,"fieldType":"String","list":false,"rr_dynamic_field_name_type":"","fromModel":""},{"name":"tempUserBasic","valueType":"variable","value":"rr_this_object","fieldType":"User_Basic","list":false,"rr_dynamic_field_name_type":"","fromModel":"User_Basic","source":"1643742697774"}],"label":"","taskName":"Update Model in Memory","parent":"1643742697774","painted":false,"taskNotes":"<p><br></p>","condition":"Course","addedToConfig":false},"1643742697779":{"id":"1643742697779","type":"createDataObject","position":{},"condition":"User_Basic","mapping":[{"name":"firstName","valueType":"constant","value":"No Instructor","fieldType":"String","list":false,"rr_dynamic_field_name_type":"","fromModel":"User","source":"1643742697764"},{"name":"profileImage","valueType":"constant","value":"https://gu-app-assets.s3.amazonaws.com/5e28c55de4b0dc635b34d8f5/5e4ae659e4b053c18438f624-avatar.png","fieldType":"String","list":false,"rr_dynamic_field_name_type":"","fromModel":"User","source":"1643742697764"}],"label":"","taskName":"Create User_Basic","parent":"1643742697763_failure_start","painted":false,"taskNotes":"<p><br></p>","addedToConfig":false},"1643742697780":{"id":"1643742697780","type":"dataTransfer","position":{},"source":"mddui_page_input_data","sourceType":"page","sourceVariable":"rr_page_data","targetType":"page","target":"1643742685133","targetVariable":null,"resultVariable":null,"mapping":[{"name":"tempUserBasic","valueType":"variable","value":"rr_this_object","fieldType":"User_Basic","list":false,"rr_dynamic_field_name_type":"","fromModel":"User_Basic","source":"1643742697779"}],"label":"","taskName":"Update Model in Memory","parent":"1643742697779","painted":false,"taskNotes":"<p><br></p>","condition":"Course","addedToConfig":false},"1643742697783":{"id":"1643742697783","type":"iterator","iterationType":"for","position":{},"mapping":[],"label":"","taskName":"Iterator","parent":"1727118315994","painted":false,"counterType":"dynamic","operator":"and","taskNotes":"<p><br></p>","inputTask":"1727117998674","inputValue":null,"inputDataModel":"User","addedToConfig":false},"1643742697783iterationEnd":{"id":"1643742697783iterationEnd","iteratorId":"1643742697783","parent":"1727118326144","position":{},"type":"iterationEnd","painted":false,"addedToConfig":false,"taskNotes":"<p><br></p>"},"1643742697795":{"id":"1643742697795","type":"dataTransfer","position":{},"source":"mddui_page_input_data","sourceType":"page","sourceVariable":"rr_page_data","targetType":"page","target":"1643742654649","targetVariable":null,"resultVariable":null,"mapping":[{"name":"object","valueType":"variable","value":"rr_this_object","fieldType":"Object","list":false,"rr_dynamic_field_name_type":"","fromModel":"Course","source":"1643742685133"}],"label":"","taskName":"Update Model in Memory","parent":"1727118344867","painted":false,"taskNotes":"<p><br></p>","condition":"API_MainResponse","addedToConfig":false},"1727117998674":{"id":"1727117998674","type":"query","position":{},"source":null,"target":null,"mapping":[{"name":"_id","valueType":"variable","value":"userId","fieldType":"String","list":false,"fromModel":"Course","comparator":"notequals","source":"1643742685133"}],"label":"","filterBy":"criteria","searchOption":"many","operator":"and","taskName":"TA List","parent":"1643742697763_end","painted":false,"taskNotes":"<p><br></p>","ignoreSecurity":true,"queryType":"dynamic","relationshipMapping":[{"name":"instructorFor","inputTask":"1643742685133","inputValue":"_id","model":"Course","fromModel":"Course"}],"selectFields":[],"sortFields":[],"modelName":"User","addedToConfig":false},"1727118112074":{"id":"1727118112074","type":"query","position":{},"source":null,"target":null,"mapping":[{"name":"userId","valueType":"variable","value":"_id","fieldType":"String","list":false,"fromModel":"User","comparator":"equals","source":"1643742697783"}],"label":"","filterBy":"criteria","searchOption":"many","operator":"or","taskName":"Query","parent":"1727118130992","painted":false,"taskNotes":"<p><br></p>","queryType":"dynamic","relationshipMapping":[],"selectFields":[{"fieldName":"userId"},{"fieldName":"status"}],"sortFields":[],"modelName":"Course","addedToConfig":false,"ignoreSecurity":true},"1727118117161":{"id":"1727118117161","type":"filter","position":{},"source":null,"target":null,"mapping":[{"name":"status","valueType":"constant","value":"ACTIVE","fieldType":"String","list":false,"fromModel":"","comparator":"equals"},{"name":"status","valueType":"constant","value":"UPCOMING","fieldType":"String","list":false,"fromModel":"","comparator":"equals"}],"label":"","searchOption":"many","operator":"or","taskName":"Filter","filterBy":"criteria","indexType":"constant","index":0,"parent":"1727118112074","painted":false,"taskNotes":"<p><br></p>","inputTask":"1643742697786","inputValue":null,"modelName":"Course","addedToConfig":false},"1727118121772":{"id":"1727118121772","type":"service","value":"Utility Function","serviceType":"internal","position":{},"label":"","callType":"async","taskName":"List Size","parent":"1727118117161","painted":false,"desc":"Utility Function","taskNotes":"<p><br></p>","utilityFunctionId":"listSize","inputTask":"1643742697788","inputValue":null,"addedToConfig":false},"1727118127140":{"id":"1727118127140","type":"dataTransfer","position":{},"source":"mddui_page_input_data","sourceType":"page","sourceVariable":"rr_page_data","targetType":"page","target":"1727118130992","targetVariable":null,"resultVariable":null,"mapping":[{"name":"tempCount","valueType":"variable","value":null,"fieldType":"Number","list":false,"rr_dynamic_field_name_type":"","source":"1727118121772"}],"label":"","taskName":"Update Model in Memory","parent":"1727118121772","painted":false,"taskNotes":"<p><br></p>","condition":"User_Basic","addedToConfig":false,"showAllFields":false},"1727118130992":{"id":"1727118130992","type":"createDataObject","position":{},"condition":"User_Basic","mapping":[{"name":"userId","valueType":"variable","value":"_id","fieldType":"String","list":false,"rr_dynamic_field_name_type":"","fromModel":"User","source":"1643742697783"},{"name":"userName","valueType":"variable","value":"userName","fieldType":"String","list":false,"rr_dynamic_field_name_type":"","fromModel":"User","source":"1643742697783"},{"name":"verifiedDisplay","valueType":"variable","value":"verifiedDisplay","fieldType":"String","list":false,"rr_dynamic_field_name_type":"","fromModel":"User","source":"1643742697783"},{"name":"email","valueType":"variable","value":"email","fieldType":"String","list":false,"rr_dynamic_field_name_type":"","fromModel":"User","source":"1643742697783"},{"name":"firstName","valueType":"variable","value":"firstName","fieldType":"String","list":false,"rr_dynamic_field_name_type":"","fromModel":"User","source":"1643742697783"},{"name":"fullName","valueType":"variable","value":"fullName","fieldType":"String","list":false,"rr_dynamic_field_name_type":"","fromModel":"User","source":"1643742697783"},{"name":"lastName","valueType":"variable","value":"lastName","fieldType":"String","list":false,"rr_dynamic_field_name_type":"","fromModel":"User","source":"1643742697783"},{"name":"nickName","valueType":"variable","value":"nickName","fieldType":"String","list":false,"rr_dynamic_field_name_type":"","fromModel":"User","source":"1643742697783"},{"name":"profileImage","valueType":"variable","value":"profileImage","fieldType":"String","list":false,"rr_dynamic_field_name_type":"","fromModel":"User","source":"1643742697783"}],"label":"","taskName":"User_Basic","parent":"1730215022172","painted":false,"taskNotes":"<p><br></p>","addedToConfig":false},"1727118315994":{"id":"1727118315994","type":"service","value":"Utility Function","serviceType":"internal","position":{},"label":"","callType":"async","taskName":"New List","parent":"1727117998674","painted":false,"desc":"Utility Function","taskNotes":"<p><br></p>","utilityFunctionId":"createList","addAtIndexType":"constant","addAtIndex":false,"addedToConfig":false},"1727118326144":{"id":"1727118326144","type":"service","value":"Utility Function","serviceType":"internal","position":{},"label":"","callType":"async","taskName":"Add to List","parent":"1730215062608","painted":false,"desc":"Utility Function","taskNotes":"<p><br></p>","utilityFunctionId":"addToList","addAtIndexType":"constant","addAtIndex":false,"inputTask":"1730215022172","inputValue":null,"targetTask":"1727118315994","targetValue":null,"addedToConfig":false},"1727118344867":{"id":"1727118344867","type":"dataTransfer","position":{},"source":"mddui_page_input_data","sourceType":"page","sourceVariable":"rr_page_data","targetType":"page","target":"1643742685133","targetVariable":null,"resultVariable":null,"mapping":[{"name":"taList","valueType":"variable","value":null,"fieldType":"SUB_Course_TA_List","list":true,"rr_dynamic_field_name_type":"","source":"1727118315994"}],"label":"","taskName":"Update Model in Memory","parent":"1643742697783iterationEnd","painted":false,"taskNotes":"<p><br></p>","condition":"Course","addedToConfig":false},"1730215022172":{"id":"1730215022172","type":"createDataObject","position":{},"condition":"SUB_Course_TA_List","mapping":[{"name":"userId","valueType":"variable","value":"_id","fieldType":"String","list":false,"rr_dynamic_field_name_type":"","fromModel":"User","source":"1643742697783"}],"label":"","taskName":"SUB_Course_TA_List","parent":"1643742697783","painted":false,"taskNotes":"<p><br></p>","dynamicDataModel":false,"addedToConfig":false},"1730215062608":{"id":"1730215062608","type":"dataTransfer","position":{},"source":"mddui_page_input_data","sourceType":"page","sourceVariable":"rr_page_data","targetType":"page","target":"1730215022172","targetVariable":null,"resultVariable":null,"mapping":[{"name":"tempUserBasic","valueType":"variable","value":"rr_this_object","fieldType":"User_Basic","list":false,"rr_dynamic_field_name_type":"","fromModel":"User_Basic","source":"1727118130992"}],"label":"","taskName":"Update Model in Memory","parent":"1727118127140","painted":false,"taskNotes":"<p><br></p>","condition":"SUB_Course_TA_List","addedToConfig":false}},"decisionsMap":{"1643742697761":{"root":true,"success":"1643742697761_success_start","failure":"1643742697761_failure_start","successEnd":"1643742697761_success_end","failureEnd":"1643742697761_failure_end","end":"1643742697761_end"},"1643742697763":{"root":false,"success":"1643742697763_success_start","failure":"1643742697763_failure_start","successEnd":"1643742697763_success_end","failureEnd":"1643742697763_failure_end","end":"1643742697763_end"},"1643742697765":{"root":false,"success":"1643742697765_success_start","failure":"1643742697765_failure_start","successEnd":"1643742697765_success_end","failureEnd":"1643742697765_failure_end","end":"1643742697765_end"}},"active":false,"scheduler":false,"savedId":null,"workInProgress":false,"uiFLow":false,"startTaskId":"1643742608844","shouldSecure":true,"allowExecutionForAll":false,"testCase":false,"testSuite":false,"sequence":1,"internal":false,"triggeredFromBpm":false,"inputModel":"API_CourseRequest","outputModel":"API_MainResponse","appName":null}]