[{"id":"66e8a56b8f087b8dfd31cae3","companyId":null,"createdDate":0,"updatedDate":1726523057781,"versionId":0,"referenceId":null,"systemStatus":null,"updatedByUserId":null,"updatedByUserName":null,"systemStatusText":null,"userTypes":null,"requirementIds":null,"name":"2024_Q4_12_Bug_Fixes_Essentials","sourceReferenceId":null,"sourceReferenceAppId":null,"lockedByUserId":null,"lockedByUserName":null,"publicArtifact":false,"enableOffline":false,"locked":false,"canUnlock":false,"publishComment":null,"importantPublish":false,"appId":"5f47f6258f0814ff0a91755e","type":"fldr","parentId":"66e8a51d8f087b8dfd31cae0","childId":null},
{"id":"674e1809671f3e73e2dd4183","companyId":null,"createdDate":1733171209566,"updatedDate":1733171209566,"versionId":0,"referenceId":null,"systemStatus":null,"updatedByUserId":null,"updatedByUserName":null,"systemStatusText":null,"userTypes":null,"requirementIds":null,"name":null,"sourceReferenceId":null,"sourceReferenceAppId":null,"lockedByUserId":null,"lockedByUserName":null,"publicArtifact":false,"enableOffline":false,"locked":false,"canUnlock":false,"publishComment":null,"importantPublish":false,"appId":"5f47f6258f0814ff0a91755e","type":"wf","parentId":"66e8a56b8f087b8dfd31cae3","childId":"5f47f8728f0814ff0a917784"},
{"id":"674f65fc671f3e73e2dd429f","companyId":null,"createdDate":1733256700157,"updatedDate":1733256700157,"versionId":0,"referenceId":null,"systemStatus":null,"updatedByUserId":null,"updatedByUserName":null,"systemStatusText":null,"userTypes":null,"requirementIds":null,"name":"Collection Bug","sourceReferenceId":null,"sourceReferenceAppId":null,"lockedByUserId":null,"lockedByUserName":null,"publicArtifact":false,"enableOffline":false,"locked":false,"canUnlock":false,"publishComment":null,"importantPublish":false,"appId":"5f47f6258f0814ff0a91755e","type":"fldr","parentId":"66e8a56b8f087b8dfd31cae3","childId":null},
{"id":"674f66de671f3e73e2dd42a7","companyId":null,"createdDate":1733256926707,"updatedDate":1733256926707,"versionId":0,"referenceId":null,"systemStatus":null,"updatedByUserId":null,"updatedByUserName":null,"systemStatusText":null,"userTypes":null,"requirementIds":null,"name":"HomepageBuilder Section Bug","sourceReferenceId":null,"sourceReferenceAppId":null,"lockedByUserId":null,"lockedByUserName":null,"publicArtifact":false,"enableOffline":false,"locked":false,"canUnlock":false,"publishComment":null,"importantPublish":false,"appId":"5f47f6258f0814ff0a91755e","type":"fldr","parentId":"66e8a56b8f087b8dfd31cae3","childId":null},
{"id":"674f6624671f3e73e2dd42a0","companyId":null,"createdDate":1733256740512,"updatedDate":1733256740512,"versionId":0,"referenceId":null,"systemStatus":null,"updatedByUserId":null,"updatedByUserName":null,"systemStatusText":null,"userTypes":null,"requirementIds":null,"name":null,"sourceReferenceId":null,"sourceReferenceAppId":null,"lockedByUserId":null,"lockedByUserName":null,"publicArtifact":false,"enableOffline":false,"locked":false,"canUnlock":false,"publishComment":null,"importantPublish":false,"appId":"5f47f6258f0814ff0a91755e","type":"cc","parentId":"674f65fc671f3e73e2dd429f","childId":"5f9ae38d8f08eee59b0a535d"},
{"id":"674f6624671f3e73e2dd42a1","companyId":null,"createdDate":1733256740523,"updatedDate":1733256740523,"versionId":0,"referenceId":null,"systemStatus":null,"updatedByUserId":null,"updatedByUserName":null,"systemStatusText":null,"userTypes":null,"requirementIds":null,"name":null,"sourceReferenceId":null,"sourceReferenceAppId":null,"lockedByUserId":null,"lockedByUserName":null,"publicArtifact":false,"enableOffline":false,"locked":false,"canUnlock":false,"publishComment":null,"importantPublish":false,"appId":"5f47f6258f0814ff0a91755e","type":"cc","parentId":"674f65fc671f3e73e2dd429f","childId":"5f9adb198f08eee59b0a528f"},
{"id":"674f6641671f3e73e2dd42a2","companyId":null,"createdDate":1733256769431,"updatedDate":1733256769431,"versionId":0,"referenceId":null,"systemStatus":null,"updatedByUserId":null,"updatedByUserName":null,"systemStatusText":null,"userTypes":null,"requirementIds":null,"name":null,"sourceReferenceId":null,"sourceReferenceAppId":null,"lockedByUserId":null,"lockedByUserName":null,"publicArtifact":false,"enableOffline":false,"locked":false,"canUnlock":false,"publishComment":null,"importantPublish":false,"appId":"5f47f6258f0814ff0a91755e","type":"wf","parentId":"674f65fc671f3e73e2dd429f","childId":"5faefcf78f08eee59b0a8182"},
{"id":"674f6641671f3e73e2dd42a3","companyId":null,"createdDate":1733256769441,"updatedDate":1733256769441,"versionId":0,"referenceId":null,"systemStatus":null,"updatedByUserId":null,"updatedByUserName":null,"systemStatusText":null,"userTypes":null,"requirementIds":null,"name":null,"sourceReferenceId":null,"sourceReferenceAppId":null,"lockedByUserId":null,"lockedByUserName":null,"publicArtifact":false,"enableOffline":false,"locked":false,"canUnlock":false,"publishComment":null,"importantPublish":false,"appId":"5f47f6258f0814ff0a91755e","type":"wf","parentId":"674f65fc671f3e73e2dd429f","childId":"5f9ae7fb8f08eee59b0a53a2"},
{"id":"674f6a38671f3e73e2dd42aa","companyId":null,"createdDate":1733257784809,"updatedDate":1733257784809,"versionId":0,"referenceId":null,"systemStatus":null,"updatedByUserId":null,"updatedByUserName":null,"systemStatusText":null,"userTypes":null,"requirementIds":null,"name":null,"sourceReferenceId":null,"sourceReferenceAppId":null,"lockedByUserId":null,"lockedByUserName":null,"publicArtifact":false,"enableOffline":false,"locked":false,"canUnlock":false,"publishComment":null,"importantPublish":false,"appId":"5f47f6258f0814ff0a91755e","type":"wf","parentId":"674f65fc671f3e73e2dd429f","childId":"674f40be671f3e73e2dd41da"},
{"id":"674f6715671f3e73e2dd42a8","companyId":null,"createdDate":1733256981216,"updatedDate":1733256981216,"versionId":0,"referenceId":null,"systemStatus":null,"updatedByUserId":null,"updatedByUserName":null,"systemStatusText":null,"userTypes":null,"requirementIds":null,"name":null,"sourceReferenceId":null,"sourceReferenceAppId":null,"lockedByUserId":null,"lockedByUserName":null,"publicArtifact":false,"enableOffline":false,"locked":false,"canUnlock":false,"publishComment":null,"importantPublish":false,"appId":"5f47f6258f0814ff0a91755e","type":"wf","parentId":"674f66de671f3e73e2dd42a7","childId":"5f47f8728f0814ff0a917784"},
{"id":"66e8a51d8f087b8dfd31cae0","companyId":null,"createdDate":1726522653481,"updatedDate":1726522653481,"versionId":0,"referenceId":null,"systemStatus":null,"updatedByUserId":null,"updatedByUserName":null,"systemStatusText":null,"userTypes":null,"requirementIds":null,"name":"2024_Q4","sourceReferenceId":null,"sourceReferenceAppId":null,"lockedByUserId":null,"lockedByUserName":null,"publicArtifact":false,"enableOffline":false,"locked":false,"canUnlock":false,"publishComment":null,"importantPublish":false,"appId":"5f47f6258f0814ff0a91755e","type":"fldr","parentId":"5f47f6258f0814ff0a91755e","childId":null}]