[{"id":"5f47f8728f0814ff0a917784","companyId":"5f47ce0c8f0815394ff3bd8a","createdDate":1733170822932,"updatedDate":1733170822932,"versionId":31,"referenceId":null,"systemStatus":"D","updatedByUserId":"5fa999cf8f08eee59b0a70e1","updatedByUserName":"Mark Bonham","systemStatusText":null,"userTypes":null,"requirementIds":null,"name":"Branch_Homepage_Builder_Add_Section_Click","sourceReferenceId":"5f356f0ae4b0a21a46002048","sourceReferenceAppId":"5e4ad395e4b053c18438f562","lockedByUserId":null,"lockedByUserName":null,"publicArtifact":false,"enableOffline":false,"locked":false,"canUnlock":false,"publishComment":"tr","importantPublish":false,"appId":"5f47f6258f0814ff0a91755e","folderId":"","initializer":["5f47f8728f0814ff0a9176c8"],"triggerType":"uiEvent","flow":[],"createdBy":null,"lastModifiedBy":null,"objectsMap":{"1597337354064":{"id":"1597337354064","type":"startObject","value":["5f47f8728f0814ff0a9176c8"],"taskName":"Start","triggerType":"uiEvent","addedToConfig":true,"painted":true,"position":{},"taskNotes":"<p><br></p>","desc":"Branch_Homepage_Builder_Menu"},"15973373540641000":{"id":"15973373540641000","parent":"1670530176171","systemExit":true,"type":"return","returnType":"exit","taskName":"Exit","label":"","addedToConfig":false,"painted":false,"position":{}},"1597337369297":{"id":"1597337369297","type":"query","position":{},"source":null,"target":null,"mapping":null,"label":"","filterBy":"criteria","searchOption":"one","operator":"and","taskName":"Read Data","parent":"1597337354064","painted":false,"taskNotes":"<p><br></p>","saveType":"global","sourceVariable":"HOMEPAGE_SECTION_TYPES","addedToConfig":false,"modelName":"Menu_HomepageSectionTypes"},"1597337452021_end":{"id":"1597337452021_end","decisionId":"1597337452021","position":{},"type":"decisionEnd","painted":false,"addedToConfig":false},"1597337452021_success_start":{"id":"1597337452021_success_start","decisionId":"1597337452021","parent":"1597337452021","position":{},"type":"decisionSucessStart","painted":false,"addedToConfig":false},"1597337452021_failure_start":{"id":"1597337452021_failure_start","decisionId":"1597337452021","parent":"1597337452021","position":{},"type":"decisionFailureStart","painted":false,"addedToConfig":false},"1597337452021_success_end":{"id":"1597337452021_success_end","decisionId":"1597337452021","parent":"1597337452021_success_start","position":{},"type":"decisionSucessEnd","painted":false,"addedToConfig":false},"1597337452021_failure_end":{"id":"1597337452021_failure_end","decisionId":"1597337452021","parent":"1597337618114","position":{},"type":"decisionFailureEnd","painted":false,"addedToConfig":false},"1597337452021":{"id":"1597337452021","type":"decision","newMapping":true,"position":{},"condition":null,"serviceName":null,"serviceType":null,"operator":"and","mapping":[{"sourceType":"notNull","sourceValue":null,"source":"1597337369297","sourceFieldType":null,"sourceModel":"Menu_HomepageSectionTypes","isSourceList":null,"targetType":"variable","targetValue":null,"target":null,"targetFieldType":null,"targetModel":"","isTargetList":null,"comparator":null},{"sourceType":"count","sourceValue":null,"source":"1597337369297","sourceFieldType":null,"sourceModel":"Menu_HomepageSectionTypes","isSourceList":null,"targetType":"constant","targetValue":"0","target":null,"targetFieldType":null,"targetModel":"","isTargetList":null,"comparator":"greaterThan"}],"label":"","parent":"1705089034586","painted":false,"taskNotes":"<p><br></p>","addedToConfig":false},"1597337463475":{"id":"1597337463475","type":"service","value":"Get Auth Header","serviceType":"internal","serviceId":"getAuthHeader","position":{},"label":"","callType":"async","taskName":"Auth Header","parent":"1684958792201","painted":false,"keyType":"constant","desc":"Get Auth Header","taskNotes":"<p><br></p>","addedToConfig":false},"1597337473636":{"id":"1597337473636","type":"createDataObject","position":{},"condition":"API_MenuRequest","mapping":[{"name":"branchId","valueType":"variable","value":"_id","fieldType":"String","list":false,"rr_dynamic_field_name_type":"","fromModel":"Branch","source":"1684958792201"},{"name":"action","valueType":"constant","value":"GET","fieldType":"String","list":false,"rr_dynamic_field_name_type":"","fromModel":""},{"name":"loggedInUserRole","valueType":"variable","value":"lastUsedRole","fieldType":"String","list":false,"rr_dynamic_field_name_type":"","fromModel":"User","source":"1612663705039"},{"name":"menuContext","valueType":"constant","value":"Organization","fieldType":"String","list":false,"rr_dynamic_field_name_type":"","fromModel":"String","source":"1621555622937"},{"name":"menuType","valueType":"constant","value":"Homepage Section Types","fieldType":"String","list":false,"rr_dynamic_field_name_type":"","fromModel":""}],"label":"","taskName":"API_MenuRequest","parent":"1597337463475","painted":false,"taskNotes":"<p><br></p>","showAllFields":false,"addedToConfig":false},"1597337533253":{"id":"1597337533253","type":"createDataObject","position":{},"condition":"API_MainRequest","mapping":[{"name":"rr_id","valueType":"variable","value":"tenantId","fieldType":"String","list":false,"rr_dynamic_field_name_type":"","fromModel":"Lookup_SystemInfo","source":"1705089034586"},{"name":"authHeader","valueType":"variable","value":null,"fieldType":"String","list":false,"rr_dynamic_field_name_type":"","source":"1597337463475"},{"name":"data","valueType":"variable","value":"rr_this_object","fieldType":"Object","list":false,"rr_dynamic_field_name_type":"","fromModel":"API_MenuRequest","source":"1597337473636"},{"name":"service","valueType":"constant","value":"5f47f79e8f0814ff0a91758d","fieldType":"String","list":false,"rr_dynamic_field_name_type":"","fromModel":""}],"label":"","taskName":"API_MainRequest","parent":"1597337473636","painted":false,"taskNotes":"<p><br></p>","addedToConfig":false},"1597337578614":{"id":"1597337578614","type":"workflow","position":{},"workflowId":"5f47f8728f0814ff0a9176f6","workflowName":"Main_Web_Service_Caller","workflowType":"serverFlow","label":"","taskName":"Main Web Service Caller","parent":"1597337533253","painted":false,"callType":"sync","taskNotes":"<p><br></p>","inputTask":"1597337533253","inputValue":null,"outputDataModel":"API_MainResponse","addedToConfig":false},"1597337596551":{"id":"1597337596551","type":"service","value":"Get Value","serviceType":"internal","serviceId":"getValueFromObj","position":{},"label":"","callType":"async","taskName":"Get Value","parent":"1597337578614","painted":false,"keyType":"constant","desc":"Get Value","taskNotes":"<p><br></p>","inputTask":"1597337578614","inputValue":null,"targetVariable":"list","modelName":"Menu_Items","addedToConfig":false},"1597337618114":{"id":"1597337618114","type":"persist","position":{},"source":"1597337596551","target":null,"mapping":null,"label":"","taskName":"Write HOMEPAGE_SECTION_TYPES","parent":"1597337596551","taskNotes":"<p><br></p>","saveType":"global","variable":"HOMEPAGE_SECTION_TYPES","modelName":"Menu_Items","addedToConfig":false,"painted":false},"1597337643262":{"id":"1597337643262","type":"rrUiComponent","position":{},"label":"","taskName":"Manipulate UI Component","screenId":["5f47f8728f0814ff0a9176c8"],"parent":"1597337452021_end","painted":false,"customComponent":"","animationImageType":"","taskNotes":"<p><br></p>","actionType":"show","rrComponentHierarchy":"1597682091002","addedToConfig":false,"animationType":"show","animationOption":"slide","animTimeValue":"300"},"1612663705039":{"id":"1612663705039","type":"query","position":{},"source":null,"target":null,"mapping":null,"label":"","filterBy":"criteria","searchOption":"one","operator":"and","taskName":"Read CURRENT_USER","parent":"1597337452021_failure_start","painted":false,"taskNotes":"<p><br></p>","saveType":"global","sourceVariable":"CURRENT_USER","modelName":"User","addedToConfig":false},"1670530166512":{"id":"1670530166512","type":"createDataObject","position":{},"condition":"User_ClickLog","mapping":[{"name":"wfId","valueType":"constant","value":"5f47f8728f0814ff0a917784","fieldType":"String","list":false,"rr_dynamic_field_name_type":"","fromModel":""}],"label":"","taskName":"User_ClickLog","parent":"1597337643262","painted":false,"taskNotes":"<p><br></p>","addedToConfig":false},"1670530176171":{"id":"1670530176171","type":"workflow","position":{},"workflowId":"639241168f08ae70b13c147e","workflowName":"System_Click_Log_Caller","workflowType":"uiFlow","label":"","taskName":"Visual Logic Component","parent":"1670530166512","painted":false,"taskNotes":"<p><br></p>","inputTask":"1670530166512","inputValue":null,"addedToConfig":false},"1684958792201":{"id":"1684958792201","type":"query","position":{},"source":null,"target":null,"mapping":null,"label":"","filterBy":"criteria","searchOption":"one","operator":"and","taskName":"Read Current Branch","parent":"1612663705039","painted":false,"taskNotes":"<p><br></p>","saveType":"global","sourceVariable":"CURRENT_BRANCH","modelName":"Branch","addedToConfig":false},"1705089034586":{"id":"1705089034586","type":"query","position":{},"source":null,"target":null,"mapping":null,"label":"","filterBy":"criteria","searchOption":"one","operator":"and","taskName":"Read SYSTEM_INFO","parent":"1597337369297","painted":false,"taskNotes":"<p><br></p>","saveType":"global","sourceVariable":"SYSTEM_INFO","modelName":"Lookup_SystemInfo","addedToConfig":false}},"decisionsMap":{"1597337452021":{"success":"1597337452021_success_start","failure":"1597337452021_failure_start","successEnd":"1597337452021_success_end","failureEnd":"1597337452021_failure_end","end":"1597337452021_end","root":true}},"active":false,"scheduler":false,"savedId":null,"workInProgress":false,"uiFLow":true,"startTaskId":"1597337354064","shouldSecure":false,"allowExecutionForAll":false,"testCase":false,"testSuite":false,"sequence":1,"internal":false,"triggeredFromBpm":false,"inputModel":null,"outputModel":null,"appName":null},
{"id":"5f9ae7fb8f08eee59b0a53a2","companyId":"5f47ce0c8f0815394ff3bd8a","createdDate":1733253652779,"updatedDate":1733253652779,"versionId":10,"referenceId":null,"systemStatus":"P","updatedByUserId":"5f4d87978f086f27a2ab1467","updatedByUserName":"Chris Lamberth","systemStatusText":null,"userTypes":null,"requirementIds":null,"name":"Products_Management_Collections_Main_Products_Search_Keyup","sourceReferenceId":null,"sourceReferenceAppId":null,"lockedByUserId":null,"lockedByUserName":null,"publicArtifact":false,"enableOffline":false,"locked":false,"canUnlock":false,"publishComment":" ","importantPublish":false,"appId":"5f47f6258f0814ff0a91755e","folderId":"","initializer":["5f9adb198f08eee59b0a528f"],"triggerType":"uiEvent","flow":[],"createdBy":null,"lastModifiedBy":null,"objectsMap":{"1603987451813":{"id":"1603987451813","type":"startObject","value":["5f9adb198f08eee59b0a528f"],"taskName":"Start","triggerType":"uiEvent","addedToConfig":true,"painted":true,"position":{},"taskNotes":"<p><br></p>","desc":"Products_Management_Collections_Main"},"16039874518131000":{"id":"16039874518131000","parent":"1603987825685","systemExit":true,"type":"return","returnType":"exit","taskName":"Exit","label":"","addedToConfig":false,"painted":false,"position":{}},"1603987825685":{"id":"1603987825685","type":"rrUiComponent","position":{},"label":"","taskName":"Show Products Search List","screenId":["5f9adb198f08eee59b0a528f"],"parent":"1644339474962","painted":false,"customComponent":"","animationImageType":"","taskNotes":"<p><br></p>","actionType":"show","rrComponentHierarchy":"1603984156689","addedToConfig":false},"1603988106371":{"id":"1603988106371","type":"query","position":{},"source":null,"target":null,"mapping":null,"label":"","filterBy":"criteria","searchOption":"one","operator":"and","taskName":"Read CURRENT_BRANCH","parent":"1705099732381","painted":false,"taskNotes":"<p><br></p>","saveType":"global","sourceVariable":"CURRENT_BRANCH","modelName":"Branch","addedToConfig":false},"1603988129010":{"id":"1603988129010","type":"createDataObject","position":{},"condition":"API_StoreRequest","mapping":[{"name":"userId","valueType":"variable","value":"_id","fieldType":"String","list":false,"rr_dynamic_field_name_type":"","fromModel":"User","source":"1686059551170"},{"name":"action","valueType":"constant","value":"GET","fieldType":"String","list":false,"rr_dynamic_field_name_type":"","fromModel":""},{"name":"actionType","valueType":"constant","value":"PRODUCTS_LIST","fieldType":"String","list":false,"rr_dynamic_field_name_type":"","fromModel":""},{"name":"branchId","valueType":"variable","value":"_id","fieldType":"String","list":false,"rr_dynamic_field_name_type":"","fromModel":"Branch","source":"1603988106371"},{"name":"userSearchInput1","valueType":"variable","value":"userSearchInput1","fieldType":"String","list":false,"rr_dynamic_field_name_type":"","fromModel":"TR_Main_Dashboard","source":"rr_page_data"}],"label":"","taskName":"API_StoreRequest","parent":"1603988255902","painted":false,"taskNotes":"<p><br></p>","showAllFields":false,"addedToConfig":false},"1603988135060":{"id":"1603988135060","type":"createDataObject","position":{},"condition":"API_MainRequest","mapping":[{"name":"rr_id","valueType":"variable","value":"tenantId","fieldType":"String","list":false,"rr_dynamic_field_name_type":"","fromModel":"Lookup_SystemInfo","source":"1705099732381"},{"name":"authHeader","valueType":"variable","value":null,"fieldType":"String","list":false,"rr_dynamic_field_name_type":"","source":"1603988255902"},{"name":"data","valueType":"variable","value":"rr_this_object","fieldType":"Object","list":false,"rr_dynamic_field_name_type":"","fromModel":"API_StoreRequest","source":"1603988129010"},{"name":"service","valueType":"constant","value":"5f91b4bc8f08eee59b0a4862","fieldType":"String","list":false,"rr_dynamic_field_name_type":"","fromModel":""}],"label":"","taskName":"API_MainRequest","parent":"1603988129010","painted":false,"taskNotes":"<p><br></p>","addedToConfig":false},"1603988255902":{"id":"1603988255902","type":"service","value":"Get Auth Header","serviceType":"internal","serviceId":"getAuthHeader","position":{},"label":"","callType":"async","taskName":"Get Auth Header","parent":"1686059551170","painted":false,"desc":"Get Auth Header","taskNotes":"<p><br></p>","addedToConfig":false},"1603988331561":{"id":"1603988331561","type":"workflow","position":{},"workflowId":"5f47f8728f0814ff0a9176f6","workflowName":"Main_Web_Service_Caller","workflowType":"serverFlow","label":"","taskName":"Visual Logic Component","parent":"1603988135060","painted":false,"callType":"sync","taskNotes":"<p><br></p>","inputTask":"1603988135060","inputValue":null,"outputDataModel":"API_MainResponse","addedToConfig":false},"1603988365835":{"id":"1603988365835","type":"service","value":"Get Value","serviceType":"internal","serviceId":"getValueFromObj","position":{},"label":"","callType":"async","taskName":"Get List Value","parent":"1686059596585_end","painted":false,"desc":"Get Value","taskNotes":"<p><br></p>","inputTask":"1603988331561","inputValue":null,"targetVariable":"object","modelName":"Store_Products","addedToConfig":false},"1603988430825":{"id":"1603988430825","type":"persist","position":{},"source":"1603988365835","target":null,"mapping":null,"label":"","taskName":"Write COLLECTION_PRODUCTS_SEARCH","parent":"1603988365835","taskNotes":"<p><br></p>","saveType":"global","variable":"COLLECTION_PRODUCTS_SEARCH","modelName":"SysQueryResult","addedToConfig":false,"painted":false},"1644339474962":{"id":"1644339474962","type":"rrUiComponent","position":{},"label":"","taskName":"Manipulate UI Component","screenId":["5f47f8728f0814ff0a917635"],"parent":"1603988430825","painted":false,"customComponent":"","animationImageType":"","taskNotes":"<p><br></p>","rrComponentHierarchy":"1620759630176","rrComponentHierarchyType":"flexlayout","actionType":"show","addedToConfig":false},"1686059551170":{"id":"1686059551170","type":"query","position":{},"source":null,"target":null,"mapping":null,"label":"","filterBy":"criteria","searchOption":"one","operator":"and","taskName":"Read CURRENT User","parent":"1603988106371","painted":false,"taskNotes":"<p><br></p>","saveType":"global","sourceVariable":"CURRENT_USER","modelName":"User","addedToConfig":false},"1686059596585":{"id":"1686059596585","type":"decision","newMapping":true,"position":{},"condition":null,"serviceName":null,"serviceType":null,"operator":"and","mapping":[{"sourceType":"variable","sourceValue":"reasons2","source":"1603988331561","sourceFieldType":"SUB_String","sourceModel":"API_MainResponse","isSourceList":true,"targetType":"constant","targetValue":null,"target":null,"targetFieldType":null,"targetModel":"","isTargetList":null,"comparator":"empty"}],"label":"","parent":"1603988331561","painted":false,"taskNotes":"<p><br></p>","addedToConfig":false},"1686059596585_end":{"id":"1686059596585_end","decisionId":"1686059596585","position":{},"type":"decisionEnd","painted":false,"addedToConfig":false},"1686059596585_success_start":{"id":"1686059596585_success_start","decisionId":"1686059596585","parent":"1686059596585","position":{},"type":"decisionSucessStart","painted":false,"addedToConfig":false},"1686059596585_failure_start":{"id":"1686059596585_failure_start","decisionId":"1686059596585","parent":"1686059596585","position":{},"type":"decisionFailureStart","painted":false,"addedToConfig":false},"1686059596585_success_end":{"id":"1686059596585_success_end","decisionId":"1686059596585","parent":"1686059596585_success_start","position":{},"type":"decisionSucessEnd","painted":false,"addedToConfig":false},"1686059596585_failure_end":{"id":"1686059596585_failure_end","decisionId":"1686059596585","parent":"1686059596589","position":{},"type":"decisionFailureEnd","painted":false,"addedToConfig":false},"1686059596587":{"id":"1686059596587","type":"createDataObject","position":{},"condition":"TR_ConfirmModal","mapping":[{"name":"tempList","valueType":"variable","value":"reasons2","fieldType":"Object","list":true,"rr_dynamic_field_name_type":"","fromModel":"API_MainResponse","source":"1603988331561"}],"label":"","taskName":"Create TR_ConfirmModal","parent":"1686059596585_failure_start","painted":false,"taskNotes":"<p><br></p>","addedToConfig":false},"1686059596589":{"id":"1686059596589","type":"return","returnType":"showModal","taskName":"Exit","label":"","position":{},"parent":"1686059596587","painted":false,"taskNotes":"<p><br></p>","customComponent":"602165338f0804c83b37e20e","desc":"Show Modal","inputTask":"1686059596587","inputValue":null,"addedToConfig":false},"1705099732381":{"id":"1705099732381","type":"query","position":{},"source":null,"target":null,"mapping":null,"label":"","filterBy":"criteria","searchOption":"one","operator":"and","taskName":"Read SYSTEM_INFO","parent":"1603987451813","painted":false,"taskNotes":"<p><br></p>","saveType":"global","sourceVariable":"SYSTEM_INFO","modelName":"Lookup_SystemInfo","addedToConfig":false}},"decisionsMap":{"1686059596585":{"root":true,"success":"1686059596585_success_start","failure":"1686059596585_failure_start","successEnd":"1686059596585_success_end","failureEnd":"1686059596585_failure_end","end":"1686059596585_end"}},"active":false,"scheduler":false,"savedId":null,"workInProgress":false,"uiFLow":true,"startTaskId":"1603987451813","shouldSecure":false,"allowExecutionForAll":false,"testCase":false,"testSuite":false,"sequence":1,"internal":false,"triggeredFromBpm":false,"inputModel":null,"outputModel":null,"appName":null},
{"id":"5faefcf78f08eee59b0a8182","companyId":"5f47ce0c8f0815394ff3bd8a","createdDate":1733259179425,"updatedDate":1733259179425,"versionId":22,"referenceId":null,"systemStatus":"P","updatedByUserId":"5f4d87978f086f27a2ab1467","updatedByUserName":"Chris Lamberth","systemStatusText":null,"userTypes":null,"requirementIds":null,"name":"Branch_Homepage_Builder_Section_Featured_Collection_Search_Item_Click","sourceReferenceId":null,"sourceReferenceAppId":null,"lockedByUserId":null,"lockedByUserName":null,"publicArtifact":false,"enableOffline":false,"locked":false,"canUnlock":false,"publishComment":"Added system confirmation modal if web service call fails. ","importantPublish":false,"appId":"5f47f6258f0814ff0a91755e","folderId":"","initializer":["5faef6a18f08eee59b0a80ce"],"triggerType":"uiEvent","flow":[],"createdBy":null,"lastModifiedBy":null,"objectsMap":{"1603826946742":{"id":"1603826946742","type":"startObject","value":["5faef6a18f08eee59b0a80ce"],"taskName":"Start","triggerType":"uiEvent","addedToConfig":true,"painted":true,"position":{},"taskNotes":"<p><br></p>","desc":"Branch_Homepage_Builder_Section_Featured_Collection_List_Item(1)"},"16038269467421000":{"id":"16038269467421000","parent":"1644341128591","systemExit":true,"type":"return","returnType":"exit","taskName":"Exit","label":"","addedToConfig":false,"painted":false,"position":{}},"1603826979594":{"id":"1603826979594","type":"persist","position":{},"source":"1733255505038","target":null,"mapping":null,"label":"","taskName":"Write FEATURED_COLLECTION","parent":"1643819992846","taskNotes":"<p><br></p>","saveType":"global","variable":"FEATURED_COLLECTION","modelName":"Store_Collections","addedToConfig":false,"painted":false},"1603827022465":{"id":"1603827022465","type":"rrUiComponent","position":{},"label":"","taskName":"Manipulate UI Component","screenId":["5f9c3f4d8f08eee59b0a5b39"],"parent":"1603828110907","painted":false,"addedToConfig":false,"customComponent":"","animationImageType":"","taskNotes":"<p><br></p>","actionType":"hide","rrComponentHierarchy":"1603395479587"},"1603828110907":{"id":"1603828110907","type":"workflow","position":{},"workflowId":"5f47f8728f0814ff0a917791","workflowName":"Branch_Homepage_Builder_Edit_Keyup_Listener","workflowType":"uiFlow","label":"","taskName":"Edit Keyup","parent":"1643820106635","painted":false,"callType":"","taskNotes":"<p><br></p>","addedToConfig":false},"1604505256715":{"id":"1604505256715","type":"rrUiComponent","position":{},"label":"","taskName":"Manipulate UI Component","screenId":["5f9c3f4d8f08eee59b0a5b39"],"parent":"1603827022465","painted":false,"customComponent":"5f9c454a8f08eee59b0a5bcd","animationImageType":"","taskNotes":"<p><br></p>","actionType":"changeComponent","componentNameType":"constant","componentName":"featured_product","changeCompInputTask":"1643819992846","changeCompInputValue":"tempObject","rrComponentHierarchy":"1604075342300","addedToConfig":false,"pageTitleType":"constant","dontChangeTitle":true},"1643819992846":{"id":"1643819992846","type":"service","value":"Get Parent Screen Data","serviceType":"internal","serviceId":"getParentPageData","position":{},"label":"","callType":"async","taskName":"Parent Screen Data","parent":"1733255505038","painted":false,"desc":"Get Parent Screen Data","taskNotes":"<p><br></p>","modelName":"SUB_Branch_Homepage_Sections","addedToConfig":false},"1643820106635":{"id":"1643820106635","type":"dataTransfer","position":{},"source":"mddui_page_input_data","sourceType":"page","sourceVariable":"","targetType":"page","target":"1643819992846","targetVariable":null,"resultVariable":null,"mapping":[{"name":"tempObject","valueType":"variable","value":"rr_this_object","fieldType":"Object","list":false,"rr_dynamic_field_name_type":"","fromModel":"Store_Collections","source":"1603826979594"},{"name":"referenceId","valueType":"variable","value":"_id","fieldType":"String","list":false,"rr_dynamic_field_name_type":"","fromModel":"Store_Collections","source":"1603826979594"}],"label":"","taskName":"Update Model in Memory","parent":"1603826979594","painted":false,"taskNotes":"<p><br></p>","condition":"SUB_Branch_Homepage_Sections","addedToConfig":false},"1644341128591":{"id":"1644341128591","type":"rrUiComponent","position":{},"label":"","taskName":"Manipulate UI Component","screenId":[],"parent":"1604505256715","painted":false,"customComponent":"","animationImageType":"","taskNotes":"<p><br></p>","actionType":"refreshComponent","componentNameType":"constant","componentName":"section_container_list","addedToConfig":false},"1733255466170":{"id":"1733255466170","type":"service","value":"Get Auth Header","serviceType":"internal","serviceId":"getAuthHeader","position":{},"label":"","callType":"async","taskName":"Get Auth Header","parent":"1733255537854","painted":false,"desc":"Get Auth Header","taskNotes":"<p><br></p>","addedToConfig":false},"1733255476748":{"id":"1733255476748","type":"createDataObject","position":{},"condition":"API_StoreRequest","mapping":[{"name":"contentId","valueType":"variable","value":"_id","fieldType":"String","list":false,"rr_dynamic_field_name_type":"","fromModel":"Store_Collections","source":"rr_page_data"},{"name":"action","valueType":"constant","value":"GET","fieldType":"String","list":false,"rr_dynamic_field_name_type":"","fromModel":""},{"name":"actionType","valueType":"constant","value":"COLLECTION_ITEM","fieldType":"String","list":false,"rr_dynamic_field_name_type":"","fromModel":""}],"label":"","taskName":"API_StoreRequest","parent":"1733255466170","painted":false,"taskNotes":"<p><br></p>","addedToConfig":false,"showAllFields":false},"1733255486018":{"id":"1733255486018","type":"createDataObject","position":{},"condition":"API_MainRequest","mapping":[{"name":"rr_id","valueType":"variable","value":"tenantId","fieldType":"String","list":false,"rr_dynamic_field_name_type":"","fromModel":"Lookup_SystemInfo","source":"1733255537854"},{"name":"authHeader","valueType":"variable","value":null,"fieldType":"String","list":false,"rr_dynamic_field_name_type":"","source":"1733255466170"},{"name":"data","valueType":"variable","value":"rr_this_object","fieldType":"Object","list":false,"rr_dynamic_field_name_type":"","fromModel":"API_StoreRequest","source":"1733255476748"},{"name":"service","valueType":"constant","value":"5f91b4bc8f08eee59b0a4862","fieldType":"String","list":false,"rr_dynamic_field_name_type":"","fromModel":""}],"label":"","taskName":"API_MainRequest","parent":"1733255476748","painted":false,"taskNotes":"<p><br></p>","addedToConfig":false},"1733255495797":{"id":"1733255495797","type":"workflow","position":{},"workflowId":"5f47f8728f0814ff0a9176f6","workflowName":"Main_Web_Service_Caller","workflowType":"serverFlow","label":"","taskName":"Main Web Service Caller","parent":"1733255486018","painted":false,"callType":"sync","taskNotes":"<p><br></p>","inputTask":"1733255486018","inputValue":null,"outputDataModel":"API_MainResponse","addedToConfig":false},"1733255505038":{"id":"1733255505038","type":"service","value":"Get Value","serviceType":"internal","serviceId":"getValueFromObj","position":{},"label":"","callType":"async","taskName":"Get Value","parent":"1733255567685_end","painted":false,"desc":"Get Value","taskNotes":"<p><br></p>","inputTask":"1733255495797","inputValue":null,"targetVariable":"object","modelName":"Store_Collections","addedToConfig":false},"1733255537854":{"id":"1733255537854","type":"query","position":{},"source":null,"target":null,"mapping":null,"label":"","filterBy":"criteria","searchOption":"one","operator":"and","taskName":"Read SYSTEM_INFO","parent":"1603826946742","painted":false,"taskNotes":"<p><br></p>","saveType":"global","sourceVariable":"SYSTEM_INFO","modelName":"Lookup_SystemInfo","addedToConfig":false},"1733255567685_end":{"id":"1733255567685_end","decisionId":"1733255567685","position":{},"type":"decisionEnd","painted":false,"addedToConfig":false},"1733255567685_success_start":{"id":"1733255567685_success_start","decisionId":"1733255567685","parent":"1733255567685","position":{},"type":"decisionSucessStart","painted":false,"addedToConfig":false},"1733255567685_failure_start":{"id":"1733255567685_failure_start","decisionId":"1733255567685","parent":"1733255567685","position":{},"type":"decisionFailureStart","painted":false,"addedToConfig":false},"1733255567685_success_end":{"id":"1733255567685_success_end","decisionId":"1733255567685","parent":"1733255567685_success_start","position":{},"type":"decisionSucessEnd","painted":false,"addedToConfig":false},"1733255567685_failure_end":{"id":"1733255567685_failure_end","decisionId":"1733255567685","parent":"1733259006710","position":{},"type":"decisionFailureEnd","painted":false,"addedToConfig":false},"1733255567685":{"id":"1733255567685","type":"decision","newMapping":true,"position":{},"condition":null,"serviceName":null,"serviceType":null,"operator":"and","mapping":[{"sourceType":"variable","sourceValue":"status","source":"1733255495797","sourceFieldType":"String","sourceModel":"API_MainResponse","isSourceList":false,"targetType":"constant","targetValue":"SUCCESS","target":null,"targetFieldType":null,"targetModel":"","isTargetList":null,"comparator":"containsignorecase"}],"label":"","parent":"1733255495797","painted":false,"taskNotes":"<p><br></p>","addedToConfig":false},"1733259006710":{"id":"1733259006710","type":"return","returnType":"showModal","taskName":"Exit","label":"","position":{"top":371,"left":418},"parent":"1733259016318","painted":false,"taskNotes":"<p><br></p>","customComponent":"602165338f0804c83b37e20e","desc":"Show Modal","inputTask":"1733259016318","inputValue":null,"inputHeaderTask":"1733259016318","inputHeaderValue":"headerText","modalWidth":"600","modalHeight":"100%","addedToConfig":false},"1733259016318":{"id":"1733259016318","type":"createDataObject","position":{"top":299,"left":393},"condition":"TR_ConfirmModal","mapping":[{"name":"cancelLabel","valueType":"constant","value":"Okay","fieldType":"String","list":false,"rr_dynamic_field_name_type":"","fromModel":""},{"name":"tempList","valueType":"variable","value":"rr_this_object","fieldType":"Object","list":true,"rr_dynamic_field_name_type":"","fromModel":"SUB_String","source":"1733259073894"},{"name":"message","valueType":"constant","value":"An error occured for the following reasons: ","fieldType":"String","list":false,"rr_dynamic_field_name_type":"","fromModel":""},{"name":"headerText","valueType":"constant","value":"Something went wrong","fieldType":"String","list":false,"rr_dynamic_field_name_type":"","fromModel":""}],"label":"","taskName":"Create Model Record","parent":"1733259073894","painted":false,"taskNotes":"<p><br></p>","addedToConfig":false},"1733259073894":{"id":"1733259073894","type":"service","value":"Get Value","serviceType":"internal","serviceId":"getValueFromObj","position":{},"label":"","callType":"async","taskName":"Get Value","parent":"1733255567685_failure_start","painted":false,"desc":"Get Value","taskNotes":"<p><br></p>","inputTask":"1733255495797","inputValue":null,"targetVariable":"reasons2","modelName":"SUB_String","addedToConfig":false}},"decisionsMap":{"1733255567685":{"success":"1733255567685_success_start","failure":"1733255567685_failure_start","successEnd":"1733255567685_success_end","failureEnd":"1733255567685_failure_end","end":"1733255567685_end","root":true}},"active":false,"scheduler":false,"savedId":null,"workInProgress":false,"uiFLow":true,"startTaskId":"1603826946742","shouldSecure":false,"allowExecutionForAll":false,"testCase":false,"testSuite":false,"sequence":1,"internal":false,"triggeredFromBpm":false,"inputModel":null,"outputModel":null,"appName":null},
{"id":"674f40be671f3e73e2dd41da","companyId":"5f47ce0c8f0815394ff3bd8a","createdDate":1733248970297,"updatedDate":1733248970297,"versionId":4,"referenceId":null,"systemStatus":"P","updatedByUserId":"5f4d87898f086f27a2ab1466","updatedByUserName":"Sean Stevens","systemStatusText":null,"userTypes":null,"requirementIds":null,"name":"Products_Management_Collections_Main_Delete","sourceReferenceId":null,"sourceReferenceAppId":null,"lockedByUserId":null,"lockedByUserName":null,"publicArtifact":false,"enableOffline":false,"locked":false,"canUnlock":false,"publishComment":" ","importantPublish":false,"appId":"5f47f6258f0814ff0a91755e","folderId":"","initializer":["5f9adb198f08eee59b0a528f"],"triggerType":"uiEvent","flow":[],"createdBy":null,"lastModifiedBy":null,"objectsMap":{"1603740122168":{"id":"1603740122168","type":"startObject","value":["5f9adb198f08eee59b0a528f"],"taskName":"Start","triggerType":"uiEvent","addedToConfig":true,"painted":true,"position":{},"taskNotes":"<p><br></p>","desc":"Products_Management_Collections_Main"},"16037401221681000":{"id":"16037401221681000","parent":"1733248276950","systemExit":true,"type":"return","returnType":"exit","taskName":"Exit","label":"","addedToConfig":false,"painted":false,"position":{}},"1603740159795":{"id":"1603740159795","type":"service","value":"Get Auth Header","serviceType":"internal","serviceId":"getAuthHeader","position":{},"label":"","callType":"async","taskName":"Get Auth Header","parent":"1603740202420","painted":false,"desc":"Get Auth Header","taskNotes":"<p><br></p>","addedToConfig":false},"1603740170825":{"id":"1603740170825","type":"createDataObject","position":{},"condition":"API_StoreRequest","mapping":[{"name":"branchId","valueType":"variable","value":"_id","fieldType":"String","list":false,"rr_dynamic_field_name_type":"","fromModel":"Branch","source":"1733248588954"},{"name":"contentId","valueType":"variable","value":"_id","fieldType":"String","list":false,"rr_dynamic_field_name_type":"","fromModel":"Store_Collections","source":"1603740202420"},{"name":"action","valueType":"constant","value":"DELETE","fieldType":"String","list":false,"rr_dynamic_field_name_type":"","fromModel":""},{"name":"actionType","valueType":"constant","value":"COLLECTION","fieldType":"String","list":false,"rr_dynamic_field_name_type":"","fromModel":""}],"label":"","taskName":"API_StoreRequest","parent":"1603740159795","painted":false,"taskNotes":"<p><br></p>","addedToConfig":false,"showAllFields":false},"1603740202420":{"id":"1603740202420","type":"query","position":{},"source":null,"target":null,"mapping":null,"label":"","filterBy":"criteria","searchOption":"one","operator":"and","taskName":"Read CURRENT_STORE_COLLECTION","parent":"1733248588954","painted":false,"taskNotes":"<p><br></p>","saveType":"global","sourceVariable":"CURRENT_STORE_COLLECTION","modelName":"Store_Collections","addedToConfig":false},"1603740226243":{"id":"1603740226243","type":"createDataObject","position":{},"condition":"API_MainRequest","mapping":[{"name":"rr_id","valueType":"variable","value":"tenantId","fieldType":"String","list":false,"rr_dynamic_field_name_type":"","fromModel":"Lookup_SystemInfo","source":"1705099696326"},{"name":"authHeader","valueType":"variable","value":null,"fieldType":"String","list":false,"rr_dynamic_field_name_type":"","source":"1603740159795"},{"name":"data","valueType":"variable","value":"rr_this_object","fieldType":"Object","list":false,"rr_dynamic_field_name_type":"","fromModel":"API_StoreRequest","source":"1603740170825"},{"name":"service","valueType":"constant","value":"5f91b4bc8f08eee59b0a4862","fieldType":"String","list":false,"rr_dynamic_field_name_type":"","fromModel":""}],"label":"","taskName":"API_MainRequest","parent":"1603740170825","painted":false,"taskNotes":"<p><br></p>","addedToConfig":false},"1603740252158":{"id":"1603740252158","type":"workflow","position":{},"workflowId":"5f47f8728f0814ff0a9176f6","workflowName":"Main_Web_Service_Caller","workflowType":"serverFlow","label":"","taskName":"Main Web Service Caller","parent":"1603740226243","painted":false,"callType":"sync","taskNotes":"<p><br></p>","inputTask":"1603740226243","inputValue":null,"outputDataModel":"API_MainResponse","addedToConfig":false},"1705099696326":{"id":"1705099696326","type":"query","position":{},"source":null,"target":null,"mapping":null,"label":"","filterBy":"criteria","searchOption":"one","operator":"and","taskName":"Read SYSTEM_INFO","parent":"1603740122168","painted":false,"taskNotes":"<p><br></p>","saveType":"global","sourceVariable":"SYSTEM_INFO","modelName":"Lookup_SystemInfo","addedToConfig":false},"1733248276950":{"id":"1733248276950","type":"rrUiComponent","position":{},"label":"","taskName":"Manipulate UI Component","screenId":["5f99c43a8f08eee59b0a4edd"],"parent":"1733248692928_end","painted":false,"customComponent":"5f99d9fd8f08eee59b0a50d0","animationImageType":"","taskNotes":"<p><br></p>","actionType":"changeComponent","rrComponentHierarchy":"1603912763877","styleProperties":"674f4514671f3e73e2dd41ee","addedToConfig":false,"pageTitleType":"constant","dontChangeTitle":true},"1733248588954":{"id":"1733248588954","type":"query","position":{},"source":null,"target":null,"mapping":null,"label":"","filterBy":"criteria","searchOption":"one","operator":"and","taskName":"Read CURRENT_BRANCH","parent":"1705099696326","painted":false,"taskNotes":"<p><br></p>","saveType":"global","sourceVariable":"CURRENT_BRANCH","modelName":"Branch","addedToConfig":false},"1733248692928":{"id":"1733248692928","type":"decision","newMapping":true,"position":{},"condition":null,"serviceName":null,"serviceType":null,"operator":"and","mapping":[{"sourceType":"variable","sourceValue":"status","source":"1603740252158","sourceFieldType":"String","sourceModel":"API_MainResponse","isSourceList":false,"targetType":"constant","targetValue":"SUCCESS","target":null,"targetFieldType":null,"targetModel":"","isTargetList":null,"comparator":"startsWith"}],"label":"","parent":"1603740252158","painted":false,"taskNotes":"<p><br></p>","addedToConfig":false},"1733248692928_end":{"id":"1733248692928_end","decisionId":"1733248692928","position":{},"type":"decisionEnd","painted":false,"addedToConfig":false},"1733248692928_success_start":{"id":"1733248692928_success_start","decisionId":"1733248692928","parent":"1733248692928","position":{},"type":"decisionSucessStart","painted":false,"addedToConfig":false},"1733248692928_failure_start":{"id":"1733248692928_failure_start","decisionId":"1733248692928","parent":"1733248692928","position":{},"type":"decisionFailureStart","painted":false,"addedToConfig":false},"1733248692928_success_end":{"id":"1733248692928_success_end","decisionId":"1733248692928","parent":"1733248692938","position":{},"type":"decisionSucessEnd","painted":false,"addedToConfig":false},"1733248692928_failure_end":{"id":"1733248692928_failure_end","decisionId":"1733248692928","parent":"1733248692945","position":{},"type":"decisionFailureEnd","painted":false,"addedToConfig":false},"1733248692937":{"id":"1733248692937","type":"createDataObject","position":{},"condition":"User_Notifications","mapping":[{"name":"notificationTitle","valueType":"constant","value":"Collection Deleted","fieldType":"String","list":false,"rr_dynamic_field_name_type":"","fromModel":""}],"label":"","taskName":"User_Notification","parent":"1733248692928_success_start","painted":false,"taskNotes":"<p><br></p>","showAllFields":false,"addedToConfig":false},"1733248692938":{"id":"1733248692938","type":"workflow","position":{},"workflowId":"624c94bf8f086fcdafe53052","workflowName":"System_Confirmation_Save_Click","workflowType":"uiFlow","label":"","taskName":"System_Confirmation_Save_Click","parent":"1733248692937","painted":false,"taskNotes":"<p><br></p>","inputTask":"1733248692937","inputValue":null,"addedToConfig":false},"1733248692944":{"id":"1733248692944","type":"createDataObject","position":{},"condition":"TR_ConfirmModal","mapping":[{"name":"tempList","valueType":"variable","value":"reasons2","fieldType":"Object","list":true,"rr_dynamic_field_name_type":"","fromModel":"API_MainResponse","source":"1603740252158"},{"name":"cancelLabel","valueType":"constant","value":"Ok","fieldType":"String","list":false,"rr_dynamic_field_name_type":"","fromModel":""},{"name":"headerText","valueType":"constant","value":"Error!","fieldType":"String","list":false,"rr_dynamic_field_name_type":"","fromModel":""},{"name":"message","valueType":"constant","value":"Collection not deleted","fieldType":"String","list":false,"rr_dynamic_field_name_type":"","fromModel":""}],"label":"","taskName":"TR_ConfirmModal","parent":"1733248692928_failure_start","painted":false,"taskNotes":"<p><br></p>","addedToConfig":false},"1733248692945":{"id":"1733248692945","type":"return","returnType":"showModal","taskName":"Exit","label":"","position":{},"parent":"1733248692944","painted":false,"taskNotes":"<p><br></p>","customComponent":"602165338f0804c83b37e20e","desc":"Show Modal","inputTask":"1733248692944","inputValue":null,"inputHeaderTask":"1733248692944","inputHeaderValue":"headerText","modalWidth":"400px","modalHeight":"250px","addedToConfig":false}},"decisionsMap":{"1733248692928":{"root":true,"success":"1733248692928_success_start","failure":"1733248692928_failure_start","successEnd":"1733248692928_success_end","failureEnd":"1733248692928_failure_end","end":"1733248692928_end"}},"active":false,"scheduler":false,"savedId":null,"workInProgress":false,"uiFLow":true,"startTaskId":"1603740122168","shouldSecure":false,"allowExecutionForAll":false,"testCase":false,"testSuite":false,"sequence":1,"internal":false,"triggeredFromBpm":false,"inputModel":null,"outputModel":null,"appName":null}]