[{"modelName":"Lookup_RoleInfo","companyId":"5f47ce0c8f0815394ff3bd8a","data":[{"_id":"5f7e23398f08ec5473f4dbe5","roleColor":"#000000","roleIconURL":"<i class=\"fal fa-user-crown\"></i>","roleId":"5f47f6158f0814ff0a91755b","roleName":"Admin","createdBy":"5f47ce0e8f0815394ff3be1b","createdByName":"Josh Havens","sysName":"","sysImage":"","createdDate":1602102073869,"updatedDate":1643126687086,"updatedBy":"5f47ce0e8f0815394ff3be1b","updatedByName":"Josh Havens","seq":6,"sysTenantId":null},{"_id":"5f7e23528f08ec5473f4dbe7","roleColor":"#df3062","roleIconURL":"<i class=\"fal fa-user-hard-hat\"></i>","roleId":"5f4d78628f086f27a2ab132c","roleName":"Administrator","createdBy":"5f47ce0e8f0815394ff3be1b","createdByName":"Josh Havens","sysName":"","sysImage":"","createdDate":1602102098370,"updatedDate":1643126713261,"updatedBy":"5f47ce0e8f0815394ff3be1b","updatedByName":"Josh Havens","seq":3,"sysTenantId":null},{"_id":"5f7e236f8f08ec5473f4dbe9","roleColor":"#4bac3f","roleIconURL":"<i class=\"fal fa-user-headset\"></i>","roleId":"5f4d787c8f086f27a2ab1336","roleName":"Customer Service","createdBy":"5f47ce0e8f0815394ff3be1b","createdByName":"Josh Havens","sysName":"","sysImage":"","createdDate":1602102127219,"updatedDate":1643126706966,"updatedBy":"5f47ce0e8f0815394ff3be1b","updatedByName":"Josh Havens","seq":4,"sysTenantId":null},{"_id":"5f7e23cf8f08ec5473f4dbed","roleName":"Instructor","roleId":"5f4d786c8f086f27a2ab132f","roleIconURL":"<i class=\"fal fa-chalkboard-teacher\"></i>","roleColor":"#006080","createdBy":"5f47ce0e8f0815394ff3be1b","createdByName":"Josh Havens","sysName":"","sysImage":"","createdDate":1602102223761,"updatedDate":1643126700200,"updatedBy":"5f47ce0e8f0815394ff3be1b","updatedByName":"Josh Havens","seq":2,"sysTenantId":null},{"_id":"5f7e24088f08ec5473f4dbef","roleColor":"#320488","roleIconURL":"<i class=\"fal fa-book-reader\"></i>","roleId":"5f4d78738f086f27a2ab1332","roleName":"Student","createdBy":"5f47ce0e8f0815394ff3be1b","createdByName":"Josh Havens","sysName":"","sysImage":"","createdDate":1602102280006,"updatedDate":1643126703384,"updatedBy":"5f47ce0e8f0815394ff3be1b","updatedByName":"Josh Havens","seq":1,"sysTenantId":null},{"_id":"5f7e241d8f08ec5473f4dbf1","roleColor":"#555555","roleIconURL":"<i class=\"fal fa-user-cog\"></i>","roleId":"5f4d78558f086f27a2ab1329","roleName":"System Admin","createdBy":"5f47ce0e8f0815394ff3be1b","createdByName":"Josh Havens","sysName":"","sysImage":"","createdDate":1602102301550,"updatedDate":1643126710429,"updatedBy":"5f47ce0e8f0815394ff3be1b","updatedByName":"Josh Havens","seq":5,"sysTenantId":null}]}]