[{"modelName":"Lookup_Years","companyId":"5f47ce0c8f0815394ff3bd8a","data":[{"_id":"641474158f08e2dea26c6ee7","sysImage":"","createdByName":"Josh Havens","updatedBy":null,"year":-2208902401000,"updatedByName":null,"sysContainerId":null,"yearNumber":1900,"updatedDate":1679062037681,"createdDate":1679062037681,"createdBy":"5f47ce0e8f0815394ff3be1b","sysName":"","seq":null,"sysTenantId":null},{"_id":"6414744f8f08e2dea26c6ee9","sysImage":"","createdByName":"Josh Havens","updatedBy":null,"year":-2177366401000,"updatedByName":null,"sysContainerId":null,"yearNumber":1901,"updatedDate":1679062095459,"createdDate":1679062095459,"createdBy":"5f47ce0e8f0815394ff3be1b","sysName":"","seq":null,"sysTenantId":null},{"_id":"641474508f08e2dea26c6eeb","sysImage":"","createdByName":"Josh Havens","updatedBy":null,"year":-2145830401000,"updatedByName":null,"sysContainerId":null,"yearNumber":1902,"updatedDate":1679062096815,"createdDate":1679062096815,"createdBy":"5f47ce0e8f0815394ff3be1b","sysName":"","seq":null,"sysTenantId":null},{"_id":"641474518f08e2dea26c6eed","sysImage":"","createdByName":"Josh Havens","updatedBy":null,"year":-2114294401000,"updatedByName":null,"sysContainerId":null,"yearNumber":1903,"updatedDate":1679062097794,"createdDate":1679062097794,"createdBy":"5f47ce0e8f0815394ff3be1b","sysName":"","seq":null,"sysTenantId":null},{"_id":"641474528f08e2dea26c6eef","sysImage":"","createdByName":"Josh Havens","updatedBy":null,"year":-2082758401000,"updatedByName":null,"sysContainerId":null,"yearNumber":1904,"updatedDate":1679062098810,"createdDate":1679062098810,"createdBy":"5f47ce0e8f0815394ff3be1b","sysName":"","seq":null,"sysTenantId":null},{"_id":"641474538f08e2dea26c6ef1","sysImage":"","createdByName":"Josh Havens","updatedBy":null,"year":-2051136001000,"updatedByName":null,"sysContainerId":null,"yearNumber":1905,"updatedDate":1679062099865,"createdDate":1679062099865,"createdBy":"5f47ce0e8f0815394ff3be1b","sysName":"","seq":null,"sysTenantId":null},{"_id":"641474548f08e2dea26c6ef3","sysImage":"","createdByName":"Josh Havens","updatedBy":null,"year":-2019600001000,"updatedByName":null,"sysContainerId":null,"yearNumber":1906,"updatedDate":1679062100837,"createdDate":1679062100837,"createdBy":"5f47ce0e8f0815394ff3be1b","sysName":"","seq":null,"sysTenantId":null},{"_id":"641474558f08e2dea26c6ef5","sysImage":"","createdByName":"Josh Havens","updatedBy":null,"year":-1988064001000,"updatedByName":null,"sysContainerId":null,"yearNumber":1907,"updatedDate":1679062101743,"createdDate":1679062101743,"createdBy":"5f47ce0e8f0815394ff3be1b","sysName":"","seq":null,"sysTenantId":null},{"_id":"641474568f08e2dea26c6ef7","sysImage":"","createdByName":"Josh Havens","updatedBy":null,"year":-1956528001000,"updatedByName":null,"sysContainerId":null,"yearNumber":1908,"updatedDate":1679062102717,"createdDate":1679062102717,"createdBy":"5f47ce0e8f0815394ff3be1b","sysName":"","seq":null,"sysTenantId":null},{"_id":"641474578f08e2dea26c6ef9","sysImage":"","createdByName":"Josh Havens","updatedBy":null,"year":-1924905601000,"updatedByName":null,"sysContainerId":null,"yearNumber":1909,"updatedDate":1679062103807,"createdDate":1679062103807,"createdBy":"5f47ce0e8f0815394ff3be1b","sysName":"","seq":null,"sysTenantId":null},{"_id":"641474598f08e2dea26c6efb","sysImage":"","createdByName":"Josh Havens","updatedBy":null,"year":-1893369601000,"updatedByName":null,"sysContainerId":null,"yearNumber":1910,"updatedDate":1679062105031,"createdDate":1679062105031,"createdBy":"5f47ce0e8f0815394ff3be1b","sysName":"","seq":null,"sysTenantId":null},{"_id":"6414745a8f08e2dea26c6efd","sysImage":"","createdByName":"Josh Havens","updatedBy":null,"year":-1861833601000,"updatedByName":null,"sysContainerId":null,"yearNumber":1911,"updatedDate":1679062106083,"createdDate":1679062106083,"createdBy":"5f47ce0e8f0815394ff3be1b","sysName":"","seq":null,"sysTenantId":null},{"_id":"6414745a8f08e2dea26c6eff","sysImage":"","createdByName":"Josh Havens","updatedBy":null,"year":-1830297601000,"updatedByName":null,"sysContainerId":null,"yearNumber":1912,"updatedDate":1679062106904,"createdDate":1679062106904,"createdBy":"5f47ce0e8f0815394ff3be1b","sysName":"","seq":null,"sysTenantId":null},{"_id":"6414745b8f08e2dea26c6f01","sysImage":"","createdByName":"Josh Havens","updatedBy":null,"year":-1798675201000,"updatedByName":null,"sysContainerId":null,"yearNumber":1913,"updatedDate":1679062107870,"createdDate":1679062107870,"createdBy":"5f47ce0e8f0815394ff3be1b","sysName":"","seq":null,"sysTenantId":null},{"_id":"6414745c8f08e2dea26c6f03","sysImage":"","createdByName":"Josh Havens","updatedBy":null,"year":-1767139201000,"updatedByName":null,"sysContainerId":null,"yearNumber":1914,"updatedDate":1679062108922,"createdDate":1679062108922,"createdBy":"5f47ce0e8f0815394ff3be1b","sysName":"","seq":null,"sysTenantId":null},{"_id":"6414745e8f08e2dea26c6f05","sysImage":"","createdByName":"Josh Havens","updatedBy":null,"year":-1735603201000,"updatedByName":null,"sysContainerId":null,"yearNumber":1915,"updatedDate":1679062110364,"createdDate":1679062110364,"createdBy":"5f47ce0e8f0815394ff3be1b","sysName":"","seq":null,"sysTenantId":null},{"_id":"6414745f8f08e2dea26c6f07","sysImage":"","createdByName":"Josh Havens","updatedBy":null,"year":-1704067201000,"updatedByName":null,"sysContainerId":null,"yearNumber":1916,"updatedDate":1679062111656,"createdDate":1679062111656,"createdBy":"5f47ce0e8f0815394ff3be1b","sysName":"","seq":null,"sysTenantId":null},{"_id":"641474618f08e2dea26c6f09","sysImage":"","createdByName":"Josh Havens","updatedBy":null,"year":-1672444801000,"updatedByName":null,"sysContainerId":null,"yearNumber":1917,"updatedDate":1679062113197,"createdDate":1679062113197,"createdBy":"5f47ce0e8f0815394ff3be1b","sysName":"","seq":null,"sysTenantId":null},{"_id":"641474628f08e2dea26c6f0b","sysImage":"","createdByName":"Josh Havens","updatedBy":null,"year":-1640908801000,"updatedByName":null,"sysContainerId":null,"yearNumber":1918,"updatedDate":1679062114147,"createdDate":1679062114147,"createdBy":"5f47ce0e8f0815394ff3be1b","sysName":"","seq":null,"sysTenantId":null},{"_id":"641474638f08e2dea26c6f0d","sysImage":"","createdByName":"Josh Havens","updatedBy":null,"year":-1609372801000,"updatedByName":null,"sysContainerId":null,"yearNumber":1919,"updatedDate":1679062115135,"createdDate":1679062115135,"createdBy":"5f47ce0e8f0815394ff3be1b","sysName":"","seq":null,"sysTenantId":null},{"_id":"641474638f08e2dea26c6f0f","sysImage":"","createdByName":"Josh Havens","updatedBy":null,"year":-1577836801000,"updatedByName":null,"sysContainerId":null,"yearNumber":1920,"updatedDate":1679062115926,"createdDate":1679062115926,"createdBy":"5f47ce0e8f0815394ff3be1b","sysName":"","seq":null,"sysTenantId":null},{"_id":"641474648f08e2dea26c6f11","sysImage":"","createdByName":"Josh Havens","updatedBy":null,"year":-1546214401000,"updatedByName":null,"sysContainerId":null,"yearNumber":1921,"updatedDate":1679062116922,"createdDate":1679062116922,"createdBy":"5f47ce0e8f0815394ff3be1b","sysName":"","seq":null,"sysTenantId":null},{"_id":"641474668f08e2dea26c6f13","sysImage":"","createdByName":"Josh Havens","updatedBy":null,"year":-1514678401000,"updatedByName":null,"sysContainerId":null,"yearNumber":1922,"updatedDate":1679062118281,"createdDate":1679062118281,"createdBy":"5f47ce0e8f0815394ff3be1b","sysName":"","seq":null,"sysTenantId":null},{"_id":"641474678f08e2dea26c6f15","sysImage":"","createdByName":"Josh Havens","updatedBy":null,"year":-1483142401000,"updatedByName":null,"sysContainerId":null,"yearNumber":1923,"updatedDate":1679062119073,"createdDate":1679062119073,"createdBy":"5f47ce0e8f0815394ff3be1b","sysName":"","seq":null,"sysTenantId":null},{"_id":"641474688f08e2dea26c6f17","sysImage":"","createdByName":"Josh Havens","updatedBy":null,"year":-1451606401000,"updatedByName":null,"sysContainerId":null,"yearNumber":1924,"updatedDate":1679062120006,"createdDate":1679062120006,"createdBy":"5f47ce0e8f0815394ff3be1b","sysName":"","seq":null,"sysTenantId":null},{"_id":"641474688f08e2dea26c6f19","sysImage":"","createdByName":"Josh Havens","updatedBy":null,"year":-1419984001000,"updatedByName":null,"sysContainerId":null,"yearNumber":1925,"updatedDate":1679062120976,"createdDate":1679062120976,"createdBy":"5f47ce0e8f0815394ff3be1b","sysName":"","seq":null,"sysTenantId":null},{"_id":"641474698f08e2dea26c6f1b","sysImage":"","createdByName":"Josh Havens","updatedBy":null,"year":-1388448001000,"updatedByName":null,"sysContainerId":null,"yearNumber":1926,"updatedDate":1679062121954,"createdDate":1679062121954,"createdBy":"5f47ce0e8f0815394ff3be1b","sysName":"","seq":null,"sysTenantId":null},{"_id":"6414746a8f08e2dea26c6f1d","sysImage":"","createdByName":"Josh Havens","updatedBy":null,"year":-1356912001000,"updatedByName":null,"sysContainerId":null,"yearNumber":1927,"updatedDate":1679062122919,"createdDate":1679062122919,"createdBy":"5f47ce0e8f0815394ff3be1b","sysName":"","seq":null,"sysTenantId":null},{"_id":"6414746b8f08e2dea26c6f1f","sysImage":"","createdByName":"Josh Havens","updatedBy":null,"year":-1325376001000,"updatedByName":null,"sysContainerId":null,"yearNumber":1928,"updatedDate":1679062123900,"createdDate":1679062123900,"createdBy":"5f47ce0e8f0815394ff3be1b","sysName":"","seq":null,"sysTenantId":null},{"_id":"6414746c8f08e2dea26c6f21","sysImage":"","createdByName":"Josh Havens","updatedBy":null,"year":-1293753601000,"updatedByName":null,"sysContainerId":null,"yearNumber":1929,"updatedDate":1679062124945,"createdDate":1679062124945,"createdBy":"5f47ce0e8f0815394ff3be1b","sysName":"","seq":null,"sysTenantId":null},{"_id":"6414746d8f08e2dea26c6f23","sysImage":"","createdByName":"Josh Havens","updatedBy":null,"year":-1262217601000,"updatedByName":null,"sysContainerId":null,"yearNumber":1930,"updatedDate":1679062125859,"createdDate":1679062125859,"createdBy":"5f47ce0e8f0815394ff3be1b","sysName":"","seq":null,"sysTenantId":null},{"_id":"6414746e8f08e2dea26c6f25","sysImage":"","createdByName":"Josh Havens","updatedBy":null,"year":-1230681601000,"updatedByName":null,"sysContainerId":null,"yearNumber":1931,"updatedDate":1679062126821,"createdDate":1679062126821,"createdBy":"5f47ce0e8f0815394ff3be1b","sysName":"","seq":null,"sysTenantId":null},{"_id":"6414746f8f08e2dea26c6f27","sysImage":"","createdByName":"Josh Havens","updatedBy":null,"year":-1199145601000,"updatedByName":null,"sysContainerId":null,"yearNumber":1932,"updatedDate":1679062127813,"createdDate":1679062127813,"createdBy":"5f47ce0e8f0815394ff3be1b","sysName":"","seq":null,"sysTenantId":null},{"_id":"641474708f08e2dea26c6f29","sysImage":"","createdByName":"Josh Havens","updatedBy":null,"year":-1167523201000,"updatedByName":null,"sysContainerId":null,"yearNumber":1933,"updatedDate":1679062128747,"createdDate":1679062128747,"createdBy":"5f47ce0e8f0815394ff3be1b","sysName":"","seq":null,"sysTenantId":null},{"_id":"641474718f08e2dea26c6f2b","sysImage":"","createdByName":"Josh Havens","updatedBy":null,"year":-1135987201000,"updatedByName":null,"sysContainerId":null,"yearNumber":1934,"updatedDate":1679062129532,"createdDate":1679062129532,"createdBy":"5f47ce0e8f0815394ff3be1b","sysName":"","seq":null,"sysTenantId":null},{"_id":"641474728f08e2dea26c6f2d","sysImage":"","createdByName":"Josh Havens","updatedBy":null,"year":-1104451201000,"updatedByName":null,"sysContainerId":null,"yearNumber":1935,"updatedDate":1679062130512,"createdDate":1679062130512,"createdBy":"5f47ce0e8f0815394ff3be1b","sysName":"","seq":null,"sysTenantId":null},{"_id":"641474738f08e2dea26c6f2f","sysImage":"","createdByName":"Josh Havens","updatedBy":null,"year":-1072915201000,"updatedByName":null,"sysContainerId":null,"yearNumber":1936,"updatedDate":1679062131479,"createdDate":1679062131479,"createdBy":"5f47ce0e8f0815394ff3be1b","sysName":"","seq":null,"sysTenantId":null},{"_id":"641474748f08e2dea26c6f31","sysImage":"","createdByName":"Josh Havens","updatedBy":null,"year":-1041292801000,"updatedByName":null,"sysContainerId":null,"yearNumber":1937,"updatedDate":1679062132459,"createdDate":1679062132459,"createdBy":"5f47ce0e8f0815394ff3be1b","sysName":"","seq":null,"sysTenantId":null},{"_id":"641474758f08e2dea26c6f33","sysImage":"","createdByName":"Josh Havens","updatedBy":null,"year":-1009756801000,"updatedByName":null,"sysContainerId":null,"yearNumber":1938,"updatedDate":1679062133525,"createdDate":1679062133525,"createdBy":"5f47ce0e8f0815394ff3be1b","sysName":"","seq":null,"sysTenantId":null},{"_id":"641474768f08e2dea26c6f35","sysImage":"","createdByName":"Josh Havens","updatedBy":null,"year":-978220801000,"updatedByName":null,"sysContainerId":null,"yearNumber":1939,"updatedDate":1679062134456,"createdDate":1679062134456,"createdBy":"5f47ce0e8f0815394ff3be1b","sysName":"","seq":null,"sysTenantId":null},{"_id":"641474778f08e2dea26c6f37","sysImage":"","createdByName":"Josh Havens","updatedBy":null,"year":-946684801000,"updatedByName":null,"sysContainerId":null,"yearNumber":1940,"updatedDate":1679062135454,"createdDate":1679062135454,"createdBy":"5f47ce0e8f0815394ff3be1b","sysName":"","seq":null,"sysTenantId":null},{"_id":"641474788f08e2dea26c6f39","sysImage":"","createdByName":"Josh Havens","updatedBy":null,"year":-915062401000,"updatedByName":null,"sysContainerId":null,"yearNumber":1941,"updatedDate":1679062136874,"createdDate":1679062136874,"createdBy":"5f47ce0e8f0815394ff3be1b","sysName":"","seq":null,"sysTenantId":null},{"_id":"641474798f08e2dea26c6f3b","sysImage":"","createdByName":"Josh Havens","updatedBy":null,"year":-883526401000,"updatedByName":null,"sysContainerId":null,"yearNumber":1942,"updatedDate":1679062137849,"createdDate":1679062137849,"createdBy":"5f47ce0e8f0815394ff3be1b","sysName":"","seq":null,"sysTenantId":null},{"_id":"6414747a8f08e2dea26c6f3d","sysImage":"","createdByName":"Josh Havens","updatedBy":null,"year":-851990401000,"updatedByName":null,"sysContainerId":null,"yearNumber":1943,"updatedDate":1679062138827,"createdDate":1679062138827,"createdBy":"5f47ce0e8f0815394ff3be1b","sysName":"","seq":null,"sysTenantId":null},{"_id":"6414747b8f08e2dea26c6f3f","sysImage":"","createdByName":"Josh Havens","updatedBy":null,"year":-820454401000,"updatedByName":null,"sysContainerId":null,"yearNumber":1944,"updatedDate":1679062139787,"createdDate":1679062139787,"createdBy":"5f47ce0e8f0815394ff3be1b","sysName":"","seq":null,"sysTenantId":null},{"_id":"6414747c8f08e2dea26c6f41","sysImage":"","createdByName":"Josh Havens","updatedBy":null,"year":-788832001000,"updatedByName":null,"sysContainerId":null,"yearNumber":1945,"updatedDate":1679062140893,"createdDate":1679062140893,"createdBy":"5f47ce0e8f0815394ff3be1b","sysName":"","seq":null,"sysTenantId":null},{"_id":"6414747d8f08e2dea26c6f43","sysImage":"","createdByName":"Josh Havens","updatedBy":null,"year":-757296001000,"updatedByName":null,"sysContainerId":null,"yearNumber":1946,"updatedDate":1679062141880,"createdDate":1679062141880,"createdBy":"5f47ce0e8f0815394ff3be1b","sysName":"","seq":null,"sysTenantId":null},{"_id":"6414747e8f08e2dea26c6f45","sysImage":"","createdByName":"Josh Havens","updatedBy":null,"year":-725760001000,"updatedByName":null,"sysContainerId":null,"yearNumber":1947,"updatedDate":1679062142873,"createdDate":1679062142873,"createdBy":"5f47ce0e8f0815394ff3be1b","sysName":"","seq":null,"sysTenantId":null},{"_id":"6414747f8f08e2dea26c6f47","sysImage":"","createdByName":"Josh Havens","updatedBy":null,"year":-694224001000,"updatedByName":null,"sysContainerId":null,"yearNumber":1948,"updatedDate":1679062143832,"createdDate":1679062143832,"createdBy":"5f47ce0e8f0815394ff3be1b","sysName":"","seq":null,"sysTenantId":null},{"_id":"641474808f08e2dea26c6f49","sysImage":"","createdByName":"Josh Havens","updatedBy":null,"year":-662601601000,"updatedByName":null,"sysContainerId":null,"yearNumber":1949,"updatedDate":1679062144872,"createdDate":1679062144872,"createdBy":"5f47ce0e8f0815394ff3be1b","sysName":"","seq":null,"sysTenantId":null},{"_id":"641474818f08e2dea26c6f4b","sysImage":"","createdByName":"Josh Havens","updatedBy":null,"year":-631065601000,"updatedByName":null,"sysContainerId":null,"yearNumber":1950,"updatedDate":1679062145762,"createdDate":1679062145762,"createdBy":"5f47ce0e8f0815394ff3be1b","sysName":"","seq":null,"sysTenantId":null},{"_id":"641474828f08e2dea26c6f4d","sysImage":"","createdByName":"Josh Havens","updatedBy":null,"year":-599529601000,"updatedByName":null,"sysContainerId":null,"yearNumber":1951,"updatedDate":1679062146652,"createdDate":1679062146652,"createdBy":"5f47ce0e8f0815394ff3be1b","sysName":"","seq":null,"sysTenantId":null},{"_id":"641474838f08e2dea26c6f4f","sysImage":"","createdByName":"Josh Havens","updatedBy":null,"year":-567993601000,"updatedByName":null,"sysContainerId":null,"yearNumber":1952,"updatedDate":1679062147645,"createdDate":1679062147645,"createdBy":"5f47ce0e8f0815394ff3be1b","sysName":"","seq":null,"sysTenantId":null},{"_id":"641474848f08e2dea26c6f51","sysImage":"","createdByName":"Josh Havens","updatedBy":null,"year":-536371201000,"updatedByName":null,"sysContainerId":null,"yearNumber":1953,"updatedDate":1679062148401,"createdDate":1679062148401,"createdBy":"5f47ce0e8f0815394ff3be1b","sysName":"","seq":null,"sysTenantId":null},{"_id":"641474858f08e2dea26c6f53","sysImage":"","createdByName":"Josh Havens","updatedBy":null,"year":-504835201000,"updatedByName":null,"sysContainerId":null,"yearNumber":1954,"updatedDate":1679062149725,"createdDate":1679062149725,"createdBy":"5f47ce0e8f0815394ff3be1b","sysName":"","seq":null,"sysTenantId":null},{"_id":"641474868f08e2dea26c6f55","sysImage":"","createdByName":"Josh Havens","updatedBy":null,"year":-473299201000,"updatedByName":null,"sysContainerId":null,"yearNumber":1955,"updatedDate":1679062150861,"createdDate":1679062150861,"createdBy":"5f47ce0e8f0815394ff3be1b","sysName":"","seq":null,"sysTenantId":null},{"_id":"641474878f08e2dea26c6f57","sysImage":"","createdByName":"Josh Havens","updatedBy":null,"year":-441763201000,"updatedByName":null,"sysContainerId":null,"yearNumber":1956,"updatedDate":1679062151825,"createdDate":1679062151825,"createdBy":"5f47ce0e8f0815394ff3be1b","sysName":"","seq":null,"sysTenantId":null},{"_id":"641474888f08e2dea26c6f59","sysImage":"","createdByName":"Josh Havens","updatedBy":null,"year":-410140801000,"updatedByName":null,"sysContainerId":null,"yearNumber":1957,"updatedDate":1679062152610,"createdDate":1679062152610,"createdBy":"5f47ce0e8f0815394ff3be1b","sysName":"","seq":null,"sysTenantId":null},{"_id":"641474898f08e2dea26c6f5b","sysImage":"","createdByName":"Josh Havens","updatedBy":null,"year":-378604801000,"updatedByName":null,"sysContainerId":null,"yearNumber":1958,"updatedDate":1679062153622,"createdDate":1679062153622,"createdBy":"5f47ce0e8f0815394ff3be1b","sysName":"","seq":null,"sysTenantId":null},{"_id":"6414748b8f08e2dea26c6f5d","sysImage":"","createdByName":"Josh Havens","updatedBy":null,"year":-347068801000,"updatedByName":null,"sysContainerId":null,"yearNumber":1959,"updatedDate":1679062155060,"createdDate":1679062155060,"createdBy":"5f47ce0e8f0815394ff3be1b","sysName":"","seq":null,"sysTenantId":null},{"_id":"6414748c8f08e2dea26c6f5f","sysImage":"","createdByName":"Josh Havens","updatedBy":null,"year":-315532801000,"updatedByName":null,"sysContainerId":null,"yearNumber":1960,"updatedDate":1679062156097,"createdDate":1679062156097,"createdBy":"5f47ce0e8f0815394ff3be1b","sysName":"","seq":null,"sysTenantId":null},{"_id":"6414748d8f08e2dea26c6f61","sysImage":"","createdByName":"Josh Havens","updatedBy":null,"year":-283910401000,"updatedByName":null,"sysContainerId":null,"yearNumber":1961,"updatedDate":1679062157070,"createdDate":1679062157070,"createdBy":"5f47ce0e8f0815394ff3be1b","sysName":"","seq":null,"sysTenantId":null},{"_id":"6414748e8f08e2dea26c6f63","sysImage":"","createdByName":"Josh Havens","updatedBy":null,"year":-252374401000,"updatedByName":null,"sysContainerId":null,"yearNumber":1962,"updatedDate":1679062158114,"createdDate":1679062158114,"createdBy":"5f47ce0e8f0815394ff3be1b","sysName":"","seq":null,"sysTenantId":null},{"_id":"6414748f8f08e2dea26c6f65","sysImage":"","createdByName":"Josh Havens","updatedBy":null,"year":-220838401000,"updatedByName":null,"sysContainerId":null,"yearNumber":1963,"updatedDate":1679062159238,"createdDate":1679062159238,"createdBy":"5f47ce0e8f0815394ff3be1b","sysName":"","seq":null,"sysTenantId":null},{"_id":"641474908f08e2dea26c6f67","sysImage":"","createdByName":"Josh Havens","updatedBy":null,"year":-189302401000,"updatedByName":null,"sysContainerId":null,"yearNumber":1964,"updatedDate":1679062160298,"createdDate":1679062160298,"createdBy":"5f47ce0e8f0815394ff3be1b","sysName":"","seq":null,"sysTenantId":null},{"_id":"641474918f08e2dea26c6f69","sysImage":"","createdByName":"Josh Havens","updatedBy":null,"year":-157680001000,"updatedByName":null,"sysContainerId":null,"yearNumber":1965,"updatedDate":1679062161261,"createdDate":1679062161261,"createdBy":"5f47ce0e8f0815394ff3be1b","sysName":"","seq":null,"sysTenantId":null},{"_id":"641474928f08e2dea26c6f6b","sysImage":"","createdByName":"Josh Havens","updatedBy":null,"year":-126144001000,"updatedByName":null,"sysContainerId":null,"yearNumber":1966,"updatedDate":1679062162044,"createdDate":1679062162044,"createdBy":"5f47ce0e8f0815394ff3be1b","sysName":"","seq":null,"sysTenantId":null},{"_id":"641474938f08e2dea26c6f6d","sysImage":"","createdByName":"Josh Havens","updatedBy":null,"year":-94608001000,"updatedByName":null,"sysContainerId":null,"yearNumber":1967,"updatedDate":1679062163023,"createdDate":1679062163023,"createdBy":"5f47ce0e8f0815394ff3be1b","sysName":"","seq":null,"sysTenantId":null},{"_id":"641474938f08e2dea26c6f6f","sysImage":"","createdByName":"Josh Havens","updatedBy":null,"year":-63072001000,"updatedByName":null,"sysContainerId":null,"yearNumber":1968,"updatedDate":1679062163986,"createdDate":1679062163986,"createdBy":"5f47ce0e8f0815394ff3be1b","sysName":"","seq":null,"sysTenantId":null},{"_id":"641474958f08e2dea26c6f71","sysImage":"","createdByName":"Josh Havens","updatedBy":null,"year":-31449601000,"updatedByName":null,"sysContainerId":null,"yearNumber":1969,"updatedDate":1679062165053,"createdDate":1679062165053,"createdBy":"5f47ce0e8f0815394ff3be1b","sysName":"","seq":null,"sysTenantId":null},{"_id":"641474968f08e2dea26c6f73","sysImage":"","createdByName":"Josh Havens","updatedBy":null,"year":86399000,"updatedByName":null,"sysContainerId":null,"yearNumber":1970,"updatedDate":1679062166203,"createdDate":1679062166203,"createdBy":"5f47ce0e8f0815394ff3be1b","sysName":"","seq":null,"sysTenantId":null},{"_id":"641474978f08e2dea26c6f75","sysImage":"","createdByName":"Josh Havens","updatedBy":null,"year":31622399000,"updatedByName":null,"sysContainerId":null,"yearNumber":1971,"updatedDate":1679062167197,"createdDate":1679062167197,"createdBy":"5f47ce0e8f0815394ff3be1b","sysName":"","seq":null,"sysTenantId":null},{"_id":"641474988f08e2dea26c6f77","sysImage":"","createdByName":"Josh Havens","updatedBy":null,"year":63158399000,"updatedByName":null,"sysContainerId":null,"yearNumber":1972,"updatedDate":1679062168202,"createdDate":1679062168202,"createdBy":"5f47ce0e8f0815394ff3be1b","sysName":"","seq":null,"sysTenantId":null},{"_id":"641474998f08e2dea26c6f79","sysImage":"","createdByName":"Josh Havens","updatedBy":null,"year":94780799000,"updatedByName":null,"sysContainerId":null,"yearNumber":1973,"updatedDate":1679062169215,"createdDate":1679062169215,"createdBy":"5f47ce0e8f0815394ff3be1b","sysName":"","seq":null,"sysTenantId":null},{"_id":"6414749a8f08e2dea26c6f7b","sysImage":"","createdByName":"Josh Havens","updatedBy":null,"year":126316799000,"updatedByName":null,"sysContainerId":null,"yearNumber":1974,"updatedDate":1679062170349,"createdDate":1679062170349,"createdBy":"5f47ce0e8f0815394ff3be1b","sysName":"","seq":null,"sysTenantId":null},{"_id":"6414749b8f08e2dea26c6f7d","sysImage":"","createdByName":"Josh Havens","updatedBy":null,"year":157852799000,"updatedByName":null,"sysContainerId":null,"yearNumber":1975,"updatedDate":1679062171337,"createdDate":1679062171337,"createdBy":"5f47ce0e8f0815394ff3be1b","sysName":"","seq":null,"sysTenantId":null},{"_id":"6414749c8f08e2dea26c6f7f","sysImage":"","createdByName":"Josh Havens","updatedBy":null,"year":189388799000,"updatedByName":null,"sysContainerId":null,"yearNumber":1976,"updatedDate":1679062172315,"createdDate":1679062172315,"createdBy":"5f47ce0e8f0815394ff3be1b","sysName":"","seq":null,"sysTenantId":null},{"_id":"6414749d8f08e2dea26c6f81","sysImage":"","createdByName":"Josh Havens","updatedBy":null,"year":221011199000,"updatedByName":null,"sysContainerId":null,"yearNumber":1977,"updatedDate":1679062173397,"createdDate":1679062173397,"createdBy":"5f47ce0e8f0815394ff3be1b","sysName":"","seq":null,"sysTenantId":null},{"_id":"6414749e8f08e2dea26c6f83","sysImage":"","createdByName":"Josh Havens","updatedBy":null,"year":252547199000,"updatedByName":null,"sysContainerId":null,"yearNumber":1978,"updatedDate":1679062174459,"createdDate":1679062174459,"createdBy":"5f47ce0e8f0815394ff3be1b","sysName":"","seq":null,"sysTenantId":null},{"_id":"6414749f8f08e2dea26c6f85","sysImage":"","createdByName":"Josh Havens","updatedBy":null,"year":284083199000,"updatedByName":null,"sysContainerId":null,"yearNumber":1979,"updatedDate":1679062175475,"createdDate":1679062175475,"createdBy":"5f47ce0e8f0815394ff3be1b","sysName":"","seq":null,"sysTenantId":null},{"_id":"641474a08f08e2dea26c6f87","sysImage":"","createdByName":"Josh Havens","updatedBy":null,"year":315619199000,"updatedByName":null,"sysContainerId":null,"yearNumber":1980,"updatedDate":1679062176683,"createdDate":1679062176683,"createdBy":"5f47ce0e8f0815394ff3be1b","sysName":"","seq":null,"sysTenantId":null},{"_id":"641474a18f08e2dea26c6f89","sysImage":"","createdByName":"Josh Havens","updatedBy":null,"year":347241599000,"updatedByName":null,"sysContainerId":null,"yearNumber":1981,"updatedDate":1679062177760,"createdDate":1679062177760,"createdBy":"5f47ce0e8f0815394ff3be1b","sysName":"","seq":null,"sysTenantId":null},{"_id":"641474a28f08e2dea26c6f8b","sysImage":"","createdByName":"Josh Havens","updatedBy":null,"year":378777599000,"updatedByName":null,"sysContainerId":null,"yearNumber":1982,"updatedDate":1679062178795,"createdDate":1679062178795,"createdBy":"5f47ce0e8f0815394ff3be1b","sysName":"","seq":null,"sysTenantId":null},{"_id":"641474a38f08e2dea26c6f8d","sysImage":"","createdByName":"Josh Havens","updatedBy":null,"year":410313599000,"updatedByName":null,"sysContainerId":null,"yearNumber":1983,"updatedDate":1679062179808,"createdDate":1679062179808,"createdBy":"5f47ce0e8f0815394ff3be1b","sysName":"","seq":null,"sysTenantId":null},{"_id":"641474a48f08e2dea26c6f8f","sysImage":"","createdByName":"Josh Havens","updatedBy":null,"year":441849599000,"updatedByName":null,"sysContainerId":null,"yearNumber":1984,"updatedDate":1679062180771,"createdDate":1679062180771,"createdBy":"5f47ce0e8f0815394ff3be1b","sysName":"","seq":null,"sysTenantId":null},{"_id":"641474a58f08e2dea26c6f91","sysImage":"","createdByName":"Josh Havens","updatedBy":null,"year":473471999000,"updatedByName":null,"sysContainerId":null,"yearNumber":1985,"updatedDate":1679062181738,"createdDate":1679062181738,"createdBy":"5f47ce0e8f0815394ff3be1b","sysName":"","seq":null,"sysTenantId":null},{"_id":"641474a68f08e2dea26c6f93","sysImage":"","createdByName":"Josh Havens","updatedBy":null,"year":505007999000,"updatedByName":null,"sysContainerId":null,"yearNumber":1986,"updatedDate":1679062182835,"createdDate":1679062182835,"createdBy":"5f47ce0e8f0815394ff3be1b","sysName":"","seq":null,"sysTenantId":null},{"_id":"641474a78f08e2dea26c6f95","sysImage":"","createdByName":"Josh Havens","updatedBy":null,"year":536543999000,"updatedByName":null,"sysContainerId":null,"yearNumber":1987,"updatedDate":1679062183826,"createdDate":1679062183826,"createdBy":"5f47ce0e8f0815394ff3be1b","sysName":"","seq":null,"sysTenantId":null},{"_id":"641474a88f08e2dea26c6f97","sysImage":"","createdByName":"Josh Havens","updatedBy":null,"year":568079999000,"updatedByName":null,"sysContainerId":null,"yearNumber":1988,"updatedDate":1679062184817,"createdDate":1679062184817,"createdBy":"5f47ce0e8f0815394ff3be1b","sysName":"","seq":null,"sysTenantId":null},{"_id":"641474a98f08e2dea26c6f99","sysImage":"","createdByName":"Josh Havens","updatedBy":null,"year":599702399000,"updatedByName":null,"sysContainerId":null,"yearNumber":1989,"updatedDate":1679062185874,"createdDate":1679062185874,"createdBy":"5f47ce0e8f0815394ff3be1b","sysName":"","seq":null,"sysTenantId":null},{"_id":"641474aa8f08e2dea26c6f9b","sysImage":"","createdByName":"Josh Havens","updatedBy":null,"year":631238399000,"updatedByName":null,"sysContainerId":null,"yearNumber":1990,"updatedDate":1679062186908,"createdDate":1679062186908,"createdBy":"5f47ce0e8f0815394ff3be1b","sysName":"","seq":null,"sysTenantId":null},{"_id":"641474ab8f08e2dea26c6f9d","sysImage":"","createdByName":"Josh Havens","updatedBy":null,"year":662774399000,"updatedByName":null,"sysContainerId":null,"yearNumber":1991,"updatedDate":1679062187960,"createdDate":1679062187960,"createdBy":"5f47ce0e8f0815394ff3be1b","sysName":"","seq":null,"sysTenantId":null},{"_id":"641474ad8f08e2dea26c6f9f","sysImage":"","createdByName":"Josh Havens","updatedBy":null,"year":694310399000,"updatedByName":null,"sysContainerId":null,"yearNumber":1992,"updatedDate":1679062189086,"createdDate":1679062189086,"createdBy":"5f47ce0e8f0815394ff3be1b","sysName":"","seq":null,"sysTenantId":null},{"_id":"641474ad8f08e2dea26c6fa1","sysImage":"","createdByName":"Josh Havens","updatedBy":null,"year":725932799000,"updatedByName":null,"sysContainerId":null,"yearNumber":1993,"updatedDate":1679062189968,"createdDate":1679062189968,"createdBy":"5f47ce0e8f0815394ff3be1b","sysName":"","seq":null,"sysTenantId":null},{"_id":"641474af8f08e2dea26c6fa3","sysImage":"","createdByName":"Josh Havens","updatedBy":null,"year":757468799000,"updatedByName":null,"sysContainerId":null,"yearNumber":1994,"updatedDate":1679062191085,"createdDate":1679062191085,"createdBy":"5f47ce0e8f0815394ff3be1b","sysName":"","seq":null,"sysTenantId":null},{"_id":"641474b08f08e2dea26c6fa5","sysImage":"","createdByName":"Josh Havens","updatedBy":null,"year":789004799000,"updatedByName":null,"sysContainerId":null,"yearNumber":1995,"updatedDate":1679062192207,"createdDate":1679062192207,"createdBy":"5f47ce0e8f0815394ff3be1b","sysName":"","seq":null,"sysTenantId":null},{"_id":"641474b18f08e2dea26c6fa7","sysImage":"","createdByName":"Josh Havens","updatedBy":null,"year":820540799000,"updatedByName":null,"sysContainerId":null,"yearNumber":1996,"updatedDate":1679062193217,"createdDate":1679062193217,"createdBy":"5f47ce0e8f0815394ff3be1b","sysName":"","seq":null,"sysTenantId":null},{"_id":"641474b28f08e2dea26c6fa9","sysImage":"","createdByName":"Josh Havens","updatedBy":null,"year":852163199000,"updatedByName":null,"sysContainerId":null,"yearNumber":1997,"updatedDate":1679062194247,"createdDate":1679062194247,"createdBy":"5f47ce0e8f0815394ff3be1b","sysName":"","seq":null,"sysTenantId":null},{"_id":"641474b38f08e2dea26c6fab","sysImage":"","createdByName":"Josh Havens","updatedBy":null,"year":883699199000,"updatedByName":null,"sysContainerId":null,"yearNumber":1998,"updatedDate":1679062195219,"createdDate":1679062195219,"createdBy":"5f47ce0e8f0815394ff3be1b","sysName":"","seq":null,"sysTenantId":null},{"_id":"641474b48f08e2dea26c6fad","sysImage":"","createdByName":"Josh Havens","updatedBy":null,"year":915235199000,"updatedByName":null,"sysContainerId":null,"yearNumber":1999,"updatedDate":1679062196092,"createdDate":1679062196092,"createdBy":"5f47ce0e8f0815394ff3be1b","sysName":"","seq":null,"sysTenantId":null},{"_id":"641474b58f08e2dea26c6faf","sysImage":"","createdByName":"Josh Havens","updatedBy":null,"year":946771199000,"updatedByName":null,"sysContainerId":null,"yearNumber":2000,"updatedDate":1679062197140,"createdDate":1679062197140,"createdBy":"5f47ce0e8f0815394ff3be1b","sysName":"","seq":null,"sysTenantId":null},{"_id":"641474b68f08e2dea26c6fb1","sysImage":"","createdByName":"Josh Havens","updatedBy":null,"year":978393599000,"updatedByName":null,"sysContainerId":null,"yearNumber":2001,"updatedDate":1679062198127,"createdDate":1679062198127,"createdBy":"5f47ce0e8f0815394ff3be1b","sysName":"","seq":null,"sysTenantId":null},{"_id":"641474b78f08e2dea26c6fb3","sysImage":"","createdByName":"Josh Havens","updatedBy":null,"year":1009929599000,"updatedByName":null,"sysContainerId":null,"yearNumber":2002,"updatedDate":1679062199165,"createdDate":1679062199165,"createdBy":"5f47ce0e8f0815394ff3be1b","sysName":"","seq":null,"sysTenantId":null},{"_id":"641474b88f08e2dea26c6fb5","sysImage":"","createdByName":"Josh Havens","updatedBy":null,"year":1041465599000,"updatedByName":null,"sysContainerId":null,"yearNumber":2003,"updatedDate":1679062200219,"createdDate":1679062200219,"createdBy":"5f47ce0e8f0815394ff3be1b","sysName":"","seq":null,"sysTenantId":null},{"_id":"641474b98f08e2dea26c6fb7","sysImage":"","createdByName":"Josh Havens","updatedBy":null,"year":1073001599000,"updatedByName":null,"sysContainerId":null,"yearNumber":2004,"updatedDate":1679062201186,"createdDate":1679062201186,"createdBy":"5f47ce0e8f0815394ff3be1b","sysName":"","seq":null,"sysTenantId":null},{"_id":"641474ba8f08e2dea26c6fb9","sysImage":"","createdByName":"Josh Havens","updatedBy":null,"year":1104623999000,"updatedByName":null,"sysContainerId":null,"yearNumber":2005,"updatedDate":1679062202226,"createdDate":1679062202226,"createdBy":"5f47ce0e8f0815394ff3be1b","sysName":"","seq":null,"sysTenantId":null},{"_id":"641474bb8f08e2dea26c6fbb","sysImage":"","createdByName":"Josh Havens","updatedBy":null,"year":1136159999000,"updatedByName":null,"sysContainerId":null,"yearNumber":2006,"updatedDate":1679062203275,"createdDate":1679062203275,"createdBy":"5f47ce0e8f0815394ff3be1b","sysName":"","seq":null,"sysTenantId":null},{"_id":"641474bc8f08e2dea26c6fbd","sysImage":"","createdByName":"Josh Havens","updatedBy":null,"year":1167695999000,"updatedByName":null,"sysContainerId":null,"yearNumber":2007,"updatedDate":1679062204347,"createdDate":1679062204347,"createdBy":"5f47ce0e8f0815394ff3be1b","sysName":"","seq":null,"sysTenantId":null},{"_id":"641474bd8f08e2dea26c6fbf","sysImage":"","createdByName":"Josh Havens","updatedBy":null,"year":1199231999000,"updatedByName":null,"sysContainerId":null,"yearNumber":2008,"updatedDate":1679062205297,"createdDate":1679062205297,"createdBy":"5f47ce0e8f0815394ff3be1b","sysName":"","seq":null,"sysTenantId":null},{"_id":"641474be8f08e2dea26c6fc1","sysImage":"","createdByName":"Josh Havens","updatedBy":null,"year":1230854399000,"updatedByName":null,"sysContainerId":null,"yearNumber":2009,"updatedDate":1679062206098,"createdDate":1679062206098,"createdBy":"5f47ce0e8f0815394ff3be1b","sysName":"","seq":null,"sysTenantId":null},{"_id":"641474bf8f08e2dea26c6fc3","sysImage":"","createdByName":"Josh Havens","updatedBy":null,"year":1262390399000,"updatedByName":null,"sysContainerId":null,"yearNumber":2010,"updatedDate":1679062207058,"createdDate":1679062207058,"createdBy":"5f47ce0e8f0815394ff3be1b","sysName":"","seq":null,"sysTenantId":null},{"_id":"641474c08f08e2dea26c6fc5","sysImage":"","createdByName":"Josh Havens","updatedBy":null,"year":1293926399000,"updatedByName":null,"sysContainerId":null,"yearNumber":2011,"updatedDate":1679062208049,"createdDate":1679062208049,"createdBy":"5f47ce0e8f0815394ff3be1b","sysName":"","seq":null,"sysTenantId":null},{"_id":"641474c18f08e2dea26c6fc7","sysImage":"","createdByName":"Josh Havens","updatedBy":null,"year":1325462399000,"updatedByName":null,"sysContainerId":null,"yearNumber":2012,"updatedDate":1679062209118,"createdDate":1679062209118,"createdBy":"5f47ce0e8f0815394ff3be1b","sysName":"","seq":null,"sysTenantId":null},{"_id":"641474c28f08e2dea26c6fc9","sysImage":"","createdByName":"Josh Havens","updatedBy":null,"year":1357084799000,"updatedByName":null,"sysContainerId":null,"yearNumber":2013,"updatedDate":1679062210119,"createdDate":1679062210119,"createdBy":"5f47ce0e8f0815394ff3be1b","sysName":"","seq":null,"sysTenantId":null},{"_id":"641474c38f08e2dea26c6fcb","sysImage":"","createdByName":"Josh Havens","updatedBy":null,"year":1388620799000,"updatedByName":null,"sysContainerId":null,"yearNumber":2014,"updatedDate":1679062211105,"createdDate":1679062211105,"createdBy":"5f47ce0e8f0815394ff3be1b","sysName":"","seq":null,"sysTenantId":null},{"_id":"641474c48f08e2dea26c6fcd","sysImage":"","createdByName":"Josh Havens","updatedBy":null,"year":1420156799000,"updatedByName":null,"sysContainerId":null,"yearNumber":2015,"updatedDate":1679062212157,"createdDate":1679062212157,"createdBy":"5f47ce0e8f0815394ff3be1b","sysName":"","seq":null,"sysTenantId":null},{"_id":"641474c58f08e2dea26c6fcf","sysImage":"","createdByName":"Josh Havens","updatedBy":null,"year":1451692799000,"updatedByName":null,"sysContainerId":null,"yearNumber":2016,"updatedDate":1679062213105,"createdDate":1679062213105,"createdBy":"5f47ce0e8f0815394ff3be1b","sysName":"","seq":null,"sysTenantId":null},{"_id":"641474c68f08e2dea26c6fd1","sysImage":"","createdByName":"Josh Havens","updatedBy":null,"year":1483315199000,"updatedByName":null,"sysContainerId":null,"yearNumber":2017,"updatedDate":1679062214169,"createdDate":1679062214169,"createdBy":"5f47ce0e8f0815394ff3be1b","sysName":"","seq":null,"sysTenantId":null},{"_id":"641474c78f08e2dea26c6fd3","sysImage":"","createdByName":"Josh Havens","updatedBy":null,"year":1514851199000,"updatedByName":null,"sysContainerId":null,"yearNumber":2018,"updatedDate":1679062215229,"createdDate":1679062215229,"createdBy":"5f47ce0e8f0815394ff3be1b","sysName":"","seq":null,"sysTenantId":null},{"_id":"641474c88f08e2dea26c6fd5","sysImage":"","createdByName":"Josh Havens","updatedBy":null,"year":1546387199000,"updatedByName":null,"sysContainerId":null,"yearNumber":2019,"updatedDate":1679062216251,"createdDate":1679062216251,"createdBy":"5f47ce0e8f0815394ff3be1b","sysName":"","seq":null,"sysTenantId":null},{"_id":"641474c98f08e2dea26c6fd7","sysImage":"","createdByName":"Josh Havens","updatedBy":null,"year":1577923199000,"updatedByName":null,"sysContainerId":null,"yearNumber":2020,"updatedDate":1679062217250,"createdDate":1679062217250,"createdBy":"5f47ce0e8f0815394ff3be1b","sysName":"","seq":null,"sysTenantId":null},{"_id":"641474ca8f08e2dea26c6fd9","sysImage":"","createdByName":"Josh Havens","updatedBy":null,"year":1609545599000,"updatedByName":null,"sysContainerId":null,"yearNumber":2021,"updatedDate":1679062218281,"createdDate":1679062218281,"createdBy":"5f47ce0e8f0815394ff3be1b","sysName":"","seq":null,"sysTenantId":null},{"_id":"641474cb8f08e2dea26c6fdb","sysImage":"","createdByName":"Josh Havens","updatedBy":null,"year":1641081599000,"updatedByName":null,"sysContainerId":null,"yearNumber":2022,"updatedDate":1679062219322,"createdDate":1679062219322,"createdBy":"5f47ce0e8f0815394ff3be1b","sysName":"","seq":null,"sysTenantId":null},{"_id":"641474cc8f08e2dea26c6fdd","sysImage":"","createdByName":"Josh Havens","updatedBy":null,"year":1672617599000,"updatedByName":null,"sysContainerId":null,"yearNumber":2023,"updatedDate":1679062220393,"createdDate":1679062220393,"createdBy":"5f47ce0e8f0815394ff3be1b","sysName":"","seq":null,"sysTenantId":null},{"_id":"641474cd8f08e2dea26c6fdf","sysImage":"","createdByName":"Josh Havens","updatedBy":null,"year":1704153599000,"updatedByName":null,"sysContainerId":null,"yearNumber":2024,"updatedDate":1679062221592,"createdDate":1679062221592,"createdBy":"5f47ce0e8f0815394ff3be1b","sysName":"","seq":null,"sysTenantId":null},{"_id":"641474ce8f08e2dea26c6fe1","sysImage":"","createdByName":"Josh Havens","updatedBy":null,"year":1735775999000,"updatedByName":null,"sysContainerId":null,"yearNumber":2025,"updatedDate":1679062222549,"createdDate":1679062222549,"createdBy":"5f47ce0e8f0815394ff3be1b","sysName":"","seq":null,"sysTenantId":null},{"_id":"641474cf8f08e2dea26c6fe3","sysImage":"","createdByName":"Josh Havens","updatedBy":null,"year":1767311999000,"updatedByName":null,"sysContainerId":null,"yearNumber":2026,"updatedDate":1679062223536,"createdDate":1679062223536,"createdBy":"5f47ce0e8f0815394ff3be1b","sysName":"","seq":null,"sysTenantId":null},{"_id":"641474d08f08e2dea26c6fe5","sysImage":"","createdByName":"Josh Havens","updatedBy":null,"year":1798847999000,"updatedByName":null,"sysContainerId":null,"yearNumber":2027,"updatedDate":1679062224571,"createdDate":1679062224571,"createdBy":"5f47ce0e8f0815394ff3be1b","sysName":"","seq":null,"sysTenantId":null},{"_id":"641474d18f08e2dea26c6fe7","sysImage":"","createdByName":"Josh Havens","updatedBy":null,"year":1830383999000,"updatedByName":null,"sysContainerId":null,"yearNumber":2028,"updatedDate":1679062225613,"createdDate":1679062225613,"createdBy":"5f47ce0e8f0815394ff3be1b","sysName":"","seq":null,"sysTenantId":null},{"_id":"641474d28f08e2dea26c6fe9","sysImage":"","createdByName":"Josh Havens","updatedBy":null,"year":1862006399000,"updatedByName":null,"sysContainerId":null,"yearNumber":2029,"updatedDate":1679062226677,"createdDate":1679062226677,"createdBy":"5f47ce0e8f0815394ff3be1b","sysName":"","seq":null,"sysTenantId":null},{"_id":"641474d38f08e2dea26c6feb","sysImage":"","createdByName":"Josh Havens","updatedBy":null,"year":1893542399000,"updatedByName":null,"sysContainerId":null,"yearNumber":2030,"updatedDate":1679062227719,"createdDate":1679062227719,"createdBy":"5f47ce0e8f0815394ff3be1b","sysName":"","seq":null,"sysTenantId":null},{"_id":"641474d48f08e2dea26c6fed","sysImage":"","createdByName":"Josh Havens","updatedBy":null,"year":1925078399000,"updatedByName":null,"sysContainerId":null,"yearNumber":2031,"updatedDate":1679062228759,"createdDate":1679062228759,"createdBy":"5f47ce0e8f0815394ff3be1b","sysName":"","seq":null,"sysTenantId":null},{"_id":"641474d58f08e2dea26c6fef","sysImage":"","createdByName":"Josh Havens","updatedBy":null,"year":1956614399000,"updatedByName":null,"sysContainerId":null,"yearNumber":2032,"updatedDate":1679062229650,"createdDate":1679062229650,"createdBy":"5f47ce0e8f0815394ff3be1b","sysName":"","seq":null,"sysTenantId":null},{"_id":"641474d68f08e2dea26c6ff1","sysImage":"","createdByName":"Josh Havens","updatedBy":null,"year":1988236799000,"updatedByName":null,"sysContainerId":null,"yearNumber":2033,"updatedDate":1679062230719,"createdDate":1679062230719,"createdBy":"5f47ce0e8f0815394ff3be1b","sysName":"","seq":null,"sysTenantId":null},{"_id":"641474d78f08e2dea26c6ff3","sysImage":"","createdByName":"Josh Havens","updatedBy":null,"year":2019772799000,"updatedByName":null,"sysContainerId":null,"yearNumber":2034,"updatedDate":1679062231904,"createdDate":1679062231904,"createdBy":"5f47ce0e8f0815394ff3be1b","sysName":"","seq":null,"sysTenantId":null},{"_id":"641474d88f08e2dea26c6ff5","sysImage":"","createdByName":"Josh Havens","updatedBy":null,"year":2051308799000,"updatedByName":null,"sysContainerId":null,"yearNumber":2035,"updatedDate":1679062232815,"createdDate":1679062232815,"createdBy":"5f47ce0e8f0815394ff3be1b","sysName":"","seq":null,"sysTenantId":null},{"_id":"641474d98f08e2dea26c6ff7","sysImage":"","createdByName":"Josh Havens","updatedBy":null,"year":2082844799000,"updatedByName":null,"sysContainerId":null,"yearNumber":2036,"updatedDate":1679062233773,"createdDate":1679062233773,"createdBy":"5f47ce0e8f0815394ff3be1b","sysName":"","seq":null,"sysTenantId":null},{"_id":"641474da8f08e2dea26c6ff9","sysImage":"","createdByName":"Josh Havens","updatedBy":null,"year":2114467199000,"updatedByName":null,"sysContainerId":null,"yearNumber":2037,"updatedDate":1679062234815,"createdDate":1679062234815,"createdBy":"5f47ce0e8f0815394ff3be1b","sysName":"","seq":null,"sysTenantId":null},{"_id":"641474db8f08e2dea26c6ffb","sysImage":"","createdByName":"Josh Havens","updatedBy":null,"year":2146003199000,"updatedByName":null,"sysContainerId":null,"yearNumber":2038,"updatedDate":1679062235869,"createdDate":1679062235869,"createdBy":"5f47ce0e8f0815394ff3be1b","sysName":"","seq":null,"sysTenantId":null},{"_id":"641474dc8f08e2dea26c6ffd","sysImage":"","createdByName":"Josh Havens","updatedBy":null,"year":2177539199000,"updatedByName":null,"sysContainerId":null,"yearNumber":2039,"updatedDate":1679062236943,"createdDate":1679062236943,"createdBy":"5f47ce0e8f0815394ff3be1b","sysName":"","seq":null,"sysTenantId":null},{"_id":"641474dd8f08e2dea26c6fff","sysImage":"","createdByName":"Josh Havens","updatedBy":null,"year":2209075199000,"updatedByName":null,"sysContainerId":null,"yearNumber":2040,"updatedDate":1679062237889,"createdDate":1679062237889,"createdBy":"5f47ce0e8f0815394ff3be1b","sysName":"","seq":null,"sysTenantId":null},{"_id":"641474de8f08e2dea26c7001","sysImage":"","createdByName":"Josh Havens","updatedBy":null,"year":2240697599000,"updatedByName":null,"sysContainerId":null,"yearNumber":2041,"updatedDate":1679062238884,"createdDate":1679062238884,"createdBy":"5f47ce0e8f0815394ff3be1b","sysName":"","seq":null,"sysTenantId":null},{"_id":"641474df8f08e2dea26c7003","sysImage":"","createdByName":"Josh Havens","updatedBy":null,"year":2272233599000,"updatedByName":null,"sysContainerId":null,"yearNumber":2042,"updatedDate":1679062239634,"createdDate":1679062239634,"createdBy":"5f47ce0e8f0815394ff3be1b","sysName":"","seq":null,"sysTenantId":null},{"_id":"641474e08f08e2dea26c7005","sysImage":"","createdByName":"Josh Havens","updatedBy":null,"year":2303769599000,"updatedByName":null,"sysContainerId":null,"yearNumber":2043,"updatedDate":1679062240683,"createdDate":1679062240683,"createdBy":"5f47ce0e8f0815394ff3be1b","sysName":"","seq":null,"sysTenantId":null},{"_id":"641474e18f08e2dea26c7007","sysImage":"","createdByName":"Josh Havens","updatedBy":null,"year":2335305599000,"updatedByName":null,"sysContainerId":null,"yearNumber":2044,"updatedDate":1679062241639,"createdDate":1679062241639,"createdBy":"5f47ce0e8f0815394ff3be1b","sysName":"","seq":null,"sysTenantId":null},{"_id":"641474e28f08e2dea26c7009","sysImage":"","createdByName":"Josh Havens","updatedBy":null,"year":2366927999000,"updatedByName":null,"sysContainerId":null,"yearNumber":2045,"updatedDate":1679062242673,"createdDate":1679062242673,"createdBy":"5f47ce0e8f0815394ff3be1b","sysName":"","seq":null,"sysTenantId":null},{"_id":"641474e38f08e2dea26c700b","sysImage":"","createdByName":"Josh Havens","updatedBy":null,"year":2398463999000,"updatedByName":null,"sysContainerId":null,"yearNumber":2046,"updatedDate":1679062243818,"createdDate":1679062243818,"createdBy":"5f47ce0e8f0815394ff3be1b","sysName":"","seq":null,"sysTenantId":null},{"_id":"641474e48f08e2dea26c700d","sysImage":"","createdByName":"Josh Havens","updatedBy":null,"year":2429999999000,"updatedByName":null,"sysContainerId":null,"yearNumber":2047,"updatedDate":1679062244906,"createdDate":1679062244906,"createdBy":"5f47ce0e8f0815394ff3be1b","sysName":"","seq":null,"sysTenantId":null},{"_id":"641474e58f08e2dea26c700f","sysImage":"","createdByName":"Josh Havens","updatedBy":null,"year":2461535999000,"updatedByName":null,"sysContainerId":null,"yearNumber":2048,"updatedDate":1679062245925,"createdDate":1679062245925,"createdBy":"5f47ce0e8f0815394ff3be1b","sysName":"","seq":null,"sysTenantId":null},{"_id":"641474e78f08e2dea26c7011","sysImage":"","createdByName":"Josh Havens","updatedBy":null,"year":2493158399000,"updatedByName":null,"sysContainerId":null,"yearNumber":2049,"updatedDate":1679062247241,"createdDate":1679062247241,"createdBy":"5f47ce0e8f0815394ff3be1b","sysName":"","seq":null,"sysTenantId":null},{"_id":"641474e88f08e2dea26c7013","sysImage":"","createdByName":"Josh Havens","updatedBy":null,"year":2524694399000,"updatedByName":null,"sysContainerId":null,"yearNumber":2050,"updatedDate":1679062248041,"createdDate":1679062248041,"createdBy":"5f47ce0e8f0815394ff3be1b","sysName":"","seq":null,"sysTenantId":null},{"_id":"641474e98f08e2dea26c7015","sysImage":"","createdByName":"Josh Havens","updatedBy":null,"year":2556230399000,"updatedByName":null,"sysContainerId":null,"yearNumber":2051,"updatedDate":1679062249048,"createdDate":1679062249048,"createdBy":"5f47ce0e8f0815394ff3be1b","sysName":"","seq":null,"sysTenantId":null},{"_id":"641474ea8f08e2dea26c7017","sysImage":"","createdByName":"Josh Havens","updatedBy":null,"year":2587766399000,"updatedByName":null,"sysContainerId":null,"yearNumber":2052,"updatedDate":1679062250063,"createdDate":1679062250063,"createdBy":"5f47ce0e8f0815394ff3be1b","sysName":"","seq":null,"sysTenantId":null},{"_id":"641474eb8f08e2dea26c7019","sysImage":"","createdByName":"Josh Havens","updatedBy":null,"year":2619388799000,"updatedByName":null,"sysContainerId":null,"yearNumber":2053,"updatedDate":1679062251063,"createdDate":1679062251063,"createdBy":"5f47ce0e8f0815394ff3be1b","sysName":"","seq":null,"sysTenantId":null},{"_id":"641474ec8f08e2dea26c701b","sysImage":"","createdByName":"Josh Havens","updatedBy":null,"year":2650924799000,"updatedByName":null,"sysContainerId":null,"yearNumber":2054,"updatedDate":1679062252151,"createdDate":1679062252151,"createdBy":"5f47ce0e8f0815394ff3be1b","sysName":"","seq":null,"sysTenantId":null},{"_id":"641474ed8f08e2dea26c701d","sysImage":"","createdByName":"Josh Havens","updatedBy":null,"year":2682460799000,"updatedByName":null,"sysContainerId":null,"yearNumber":2055,"updatedDate":1679062253161,"createdDate":1679062253161,"createdBy":"5f47ce0e8f0815394ff3be1b","sysName":"","seq":null,"sysTenantId":null},{"_id":"641474ee8f08e2dea26c701f","sysImage":"","createdByName":"Josh Havens","updatedBy":null,"year":2713996799000,"updatedByName":null,"sysContainerId":null,"yearNumber":2056,"updatedDate":1679062254162,"createdDate":1679062254162,"createdBy":"5f47ce0e8f0815394ff3be1b","sysName":"","seq":null,"sysTenantId":null},{"_id":"641474ef8f08e2dea26c7021","sysImage":"","createdByName":"Josh Havens","updatedBy":null,"year":2745619199000,"updatedByName":null,"sysContainerId":null,"yearNumber":2057,"updatedDate":1679062255144,"createdDate":1679062255144,"createdBy":"5f47ce0e8f0815394ff3be1b","sysName":"","seq":null,"sysTenantId":null},{"_id":"641474f08f08e2dea26c7023","sysImage":"","createdByName":"Josh Havens","updatedBy":null,"year":2777155199000,"updatedByName":null,"sysContainerId":null,"yearNumber":2058,"updatedDate":1679062256128,"createdDate":1679062256128,"createdBy":"5f47ce0e8f0815394ff3be1b","sysName":"","seq":null,"sysTenantId":null},{"_id":"641474f18f08e2dea26c7025","sysImage":"","createdByName":"Josh Havens","updatedBy":null,"year":2808691199000,"updatedByName":null,"sysContainerId":null,"yearNumber":2059,"updatedDate":1679062257151,"createdDate":1679062257151,"createdBy":"5f47ce0e8f0815394ff3be1b","sysName":"","seq":null,"sysTenantId":null},{"_id":"641474f28f08e2dea26c7027","sysImage":"","createdByName":"Josh Havens","updatedBy":null,"year":2840227199000,"updatedByName":null,"sysContainerId":null,"yearNumber":2060,"updatedDate":1679062258220,"createdDate":1679062258220,"createdBy":"5f47ce0e8f0815394ff3be1b","sysName":"","seq":null,"sysTenantId":null}]}]