[{"id":"66fec6a82a7a96224a54309d","companyId":null,"createdDate":1727973032283,"updatedDate":1727973032283,"versionId":0,"referenceId":null,"systemStatus":null,"updatedByUserId":null,"updatedByUserName":null,"systemStatusText":null,"userTypes":null,"requirementIds":null,"name":"Data Models","sourceReferenceId":null,"sourceReferenceAppId":null,"lockedByUserId":null,"lockedByUserName":null,"publicArtifact":false,"enableOffline":false,"locked":false,"canUnlock":false,"publishComment":null,"importantPublish":false,"appId":"5f47f6158f0814ff0a917552","type":"fldr","parentId":"66fec69e2a7a96224a54309c","childId":null},
{"id":"66fec6fe2a7a96224a5430a0","companyId":null,"createdDate":1727973118434,"updatedDate":1727973118434,"versionId":0,"referenceId":null,"systemStatus":null,"updatedByUserId":null,"updatedByUserName":null,"systemStatusText":null,"userTypes":null,"requirementIds":null,"name":null,"sourceReferenceId":null,"sourceReferenceAppId":null,"lockedByUserId":null,"lockedByUserName":null,"publicArtifact":false,"enableOffline":false,"locked":false,"canUnlock":false,"publishComment":null,"importantPublish":false,"appId":"5f47f6158f0814ff0a917552","type":"dm","parentId":"66fec6a82a7a96224a54309d","childId":"607072a78f08c245e75c5413"},
{"id":"66fec6fe2a7a96224a5430a1","companyId":null,"createdDate":1727973118444,"updatedDate":1727973118444,"versionId":0,"referenceId":null,"systemStatus":null,"updatedByUserId":null,"updatedByUserName":null,"systemStatusText":null,"userTypes":null,"requirementIds":null,"name":null,"sourceReferenceId":null,"sourceReferenceAppId":null,"lockedByUserId":null,"lockedByUserName":null,"publicArtifact":false,"enableOffline":false,"locked":false,"canUnlock":false,"publishComment":null,"importantPublish":false,"appId":"5f47f6158f0814ff0a917552","type":"dm","parentId":"66fec6a82a7a96224a54309d","childId":"5f47ce0d8f0815394ff3bd8f"},
{"id":"66fec6fe2a7a96224a5430a2","companyId":null,"createdDate":1727973118455,"updatedDate":1727973118455,"versionId":0,"referenceId":null,"systemStatus":null,"updatedByUserId":null,"updatedByUserName":null,"systemStatusText":null,"userTypes":null,"requirementIds":null,"name":null,"sourceReferenceId":null,"sourceReferenceAppId":null,"lockedByUserId":null,"lockedByUserName":null,"publicArtifact":false,"enableOffline":false,"locked":false,"canUnlock":false,"publishComment":null,"importantPublish":false,"appId":"5f47f6158f0814ff0a917552","type":"dm","parentId":"66fec6a82a7a96224a54309d","childId":"5f4d6d6a8f086f27a2ab086c"},
{"id":"66fec6fe2a7a96224a5430a3","companyId":null,"createdDate":1727973118466,"updatedDate":1727973118466,"versionId":0,"referenceId":null,"systemStatus":null,"updatedByUserId":null,"updatedByUserName":null,"systemStatusText":null,"userTypes":null,"requirementIds":null,"name":null,"sourceReferenceId":null,"sourceReferenceAppId":null,"lockedByUserId":null,"lockedByUserName":null,"publicArtifact":false,"enableOffline":false,"locked":false,"canUnlock":false,"publishComment":null,"importantPublish":false,"appId":"5f47f6158f0814ff0a917552","type":"dm","parentId":"66fec6a82a7a96224a54309d","childId":"5f4d6d6a8f086f27a2ab0870"},
{"id":"66fec6fe2a7a96224a5430a4","companyId":null,"createdDate":1727973118476,"updatedDate":1727973118476,"versionId":0,"referenceId":null,"systemStatus":null,"updatedByUserId":null,"updatedByUserName":null,"systemStatusText":null,"userTypes":null,"requirementIds":null,"name":null,"sourceReferenceId":null,"sourceReferenceAppId":null,"lockedByUserId":null,"lockedByUserName":null,"publicArtifact":false,"enableOffline":false,"locked":false,"canUnlock":false,"publishComment":null,"importantPublish":false,"appId":"5f47f6158f0814ff0a917552","type":"dm","parentId":"66fec6a82a7a96224a54309d","childId":"5f4d6d6a8f086f27a2ab086d"},
{"id":"66fec6fe2a7a96224a5430a5","companyId":null,"createdDate":1727973118487,"updatedDate":1727973118487,"versionId":0,"referenceId":null,"systemStatus":null,"updatedByUserId":null,"updatedByUserName":null,"systemStatusText":null,"userTypes":null,"requirementIds":null,"name":null,"sourceReferenceId":null,"sourceReferenceAppId":null,"lockedByUserId":null,"lockedByUserName":null,"publicArtifact":false,"enableOffline":false,"locked":false,"canUnlock":false,"publishComment":null,"importantPublish":false,"appId":"5f47f6158f0814ff0a917552","type":"dm","parentId":"66fec6a82a7a96224a54309d","childId":"5f4d6d6a8f086f27a2ab086e"},
{"id":"66fec6fe2a7a96224a5430a6","companyId":null,"createdDate":1727973118497,"updatedDate":1727973118497,"versionId":0,"referenceId":null,"systemStatus":null,"updatedByUserId":null,"updatedByUserName":null,"systemStatusText":null,"userTypes":null,"requirementIds":null,"name":null,"sourceReferenceId":null,"sourceReferenceAppId":null,"lockedByUserId":null,"lockedByUserName":null,"publicArtifact":false,"enableOffline":false,"locked":false,"canUnlock":false,"publishComment":null,"importantPublish":false,"appId":"5f47f6158f0814ff0a917552","type":"dm","parentId":"66fec6a82a7a96224a54309d","childId":"60ef3ad88f088be0183a1e3a"},
{"id":"66fec6fe2a7a96224a5430a7","companyId":null,"createdDate":1727973118508,"updatedDate":1727973118508,"versionId":0,"referenceId":null,"systemStatus":null,"updatedByUserId":null,"updatedByUserName":null,"systemStatusText":null,"userTypes":null,"requirementIds":null,"name":null,"sourceReferenceId":null,"sourceReferenceAppId":null,"lockedByUserId":null,"lockedByUserName":null,"publicArtifact":false,"enableOffline":false,"locked":false,"canUnlock":false,"publishComment":null,"importantPublish":false,"appId":"5f47f6158f0814ff0a917552","type":"dm","parentId":"66fec6a82a7a96224a54309d","childId":"5f4d6d6a8f086f27a2ab086f"},
{"id":"66fec6fe2a7a96224a5430a8","companyId":null,"createdDate":1727973118518,"updatedDate":1727973118518,"versionId":0,"referenceId":null,"systemStatus":null,"updatedByUserId":null,"updatedByUserName":null,"systemStatusText":null,"userTypes":null,"requirementIds":null,"name":null,"sourceReferenceId":null,"sourceReferenceAppId":null,"lockedByUserId":null,"lockedByUserName":null,"publicArtifact":false,"enableOffline":false,"locked":false,"canUnlock":false,"publishComment":null,"importantPublish":false,"appId":"5f47f6158f0814ff0a917552","type":"dm","parentId":"66fec6a82a7a96224a54309d","childId":"5f4d6d6a8f086f27a2ab0872"},
{"id":"66fec6fe2a7a96224a5430a9","companyId":null,"createdDate":1727973118529,"updatedDate":1727973118529,"versionId":0,"referenceId":null,"systemStatus":null,"updatedByUserId":null,"updatedByUserName":null,"systemStatusText":null,"userTypes":null,"requirementIds":null,"name":null,"sourceReferenceId":null,"sourceReferenceAppId":null,"lockedByUserId":null,"lockedByUserName":null,"publicArtifact":false,"enableOffline":false,"locked":false,"canUnlock":false,"publishComment":null,"importantPublish":false,"appId":"5f47f6158f0814ff0a917552","type":"dm","parentId":"66fec6a82a7a96224a54309d","childId":"66281bc38f083a303e9cffd8"},
{"id":"66fec6fe2a7a96224a5430aa","companyId":null,"createdDate":1727973118540,"updatedDate":1727973118540,"versionId":0,"referenceId":null,"systemStatus":null,"updatedByUserId":null,"updatedByUserName":null,"systemStatusText":null,"userTypes":null,"requirementIds":null,"name":null,"sourceReferenceId":null,"sourceReferenceAppId":null,"lockedByUserId":null,"lockedByUserName":null,"publicArtifact":false,"enableOffline":false,"locked":false,"canUnlock":false,"publishComment":null,"importantPublish":false,"appId":"5f47f6158f0814ff0a917552","type":"dm","parentId":"66fec6a82a7a96224a54309d","childId":"5f4d6d6a8f086f27a2ab085a"},
{"id":"66fec6fe2a7a96224a5430ab","companyId":null,"createdDate":1727973118550,"updatedDate":1727973118550,"versionId":0,"referenceId":null,"systemStatus":null,"updatedByUserId":null,"updatedByUserName":null,"systemStatusText":null,"userTypes":null,"requirementIds":null,"name":null,"sourceReferenceId":null,"sourceReferenceAppId":null,"lockedByUserId":null,"lockedByUserName":null,"publicArtifact":false,"enableOffline":false,"locked":false,"canUnlock":false,"publishComment":null,"importantPublish":false,"appId":"5f47f6158f0814ff0a917552","type":"dm","parentId":"66fec6a82a7a96224a54309d","childId":"650324dd8f089858b73d6f09"},
{"id":"66fec6fe2a7a96224a5430ac","companyId":null,"createdDate":1727973118561,"updatedDate":1727973118561,"versionId":0,"referenceId":null,"systemStatus":null,"updatedByUserId":null,"updatedByUserName":null,"systemStatusText":null,"userTypes":null,"requirementIds":null,"name":null,"sourceReferenceId":null,"sourceReferenceAppId":null,"lockedByUserId":null,"lockedByUserName":null,"publicArtifact":false,"enableOffline":false,"locked":false,"canUnlock":false,"publishComment":null,"importantPublish":false,"appId":"5f47f6158f0814ff0a917552","type":"dm","parentId":"66fec6a82a7a96224a54309d","childId":"644c16158f08df7abb7fcce9"},
{"id":"66fec6fe2a7a96224a5430ad","companyId":null,"createdDate":1727973118571,"updatedDate":1727973118571,"versionId":0,"referenceId":null,"systemStatus":null,"updatedByUserId":null,"updatedByUserName":null,"systemStatusText":null,"userTypes":null,"requirementIds":null,"name":null,"sourceReferenceId":null,"sourceReferenceAppId":null,"lockedByUserId":null,"lockedByUserName":null,"publicArtifact":false,"enableOffline":false,"locked":false,"canUnlock":false,"publishComment":null,"importantPublish":false,"appId":"5f47f6158f0814ff0a917552","type":"dm","parentId":"66fec6a82a7a96224a54309d","childId":"60ef55208f088be0183a201e"},
{"id":"66fec6fe2a7a96224a5430ae","companyId":null,"createdDate":1727973118581,"updatedDate":1727973118581,"versionId":0,"referenceId":null,"systemStatus":null,"updatedByUserId":null,"updatedByUserName":null,"systemStatusText":null,"userTypes":null,"requirementIds":null,"name":null,"sourceReferenceId":null,"sourceReferenceAppId":null,"lockedByUserId":null,"lockedByUserName":null,"publicArtifact":false,"enableOffline":false,"locked":false,"canUnlock":false,"publishComment":null,"importantPublish":false,"appId":"5f47f6158f0814ff0a917552","type":"dm","parentId":"66fec6a82a7a96224a54309d","childId":"5f7e22bf8f0840cd96e3ada7"},
{"id":"66fec6fe2a7a96224a5430af","companyId":null,"createdDate":1727973118592,"updatedDate":1727973118592,"versionId":0,"referenceId":null,"systemStatus":null,"updatedByUserId":null,"updatedByUserName":null,"systemStatusText":null,"userTypes":null,"requirementIds":null,"name":null,"sourceReferenceId":null,"sourceReferenceAppId":null,"lockedByUserId":null,"lockedByUserName":null,"publicArtifact":false,"enableOffline":false,"locked":false,"canUnlock":false,"publishComment":null,"importantPublish":false,"appId":"5f47f6158f0814ff0a917552","type":"dm","parentId":"66fec6a82a7a96224a54309d","childId":"5f5a4f0f8f082b9cdc658acb"},
{"id":"66fec6fe2a7a96224a5430b0","companyId":null,"createdDate":1727973118602,"updatedDate":1727973118602,"versionId":0,"referenceId":null,"systemStatus":null,"updatedByUserId":null,"updatedByUserName":null,"systemStatusText":null,"userTypes":null,"requirementIds":null,"name":null,"sourceReferenceId":null,"sourceReferenceAppId":null,"lockedByUserId":null,"lockedByUserName":null,"publicArtifact":false,"enableOffline":false,"locked":false,"canUnlock":false,"publishComment":null,"importantPublish":false,"appId":"5f47f6158f0814ff0a917552","type":"dm","parentId":"66fec6a82a7a96224a54309d","childId":"650325708f089858b73d6f3e"},
{"id":"66fec6fe2a7a96224a5430b1","companyId":null,"createdDate":1727973118613,"updatedDate":1727973118613,"versionId":0,"referenceId":null,"systemStatus":null,"updatedByUserId":null,"updatedByUserName":null,"systemStatusText":null,"userTypes":null,"requirementIds":null,"name":null,"sourceReferenceId":null,"sourceReferenceAppId":null,"lockedByUserId":null,"lockedByUserName":null,"publicArtifact":false,"enableOffline":false,"locked":false,"canUnlock":false,"publishComment":null,"importantPublish":false,"appId":"5f47f6158f0814ff0a917552","type":"dm","parentId":"66fec6a82a7a96224a54309d","childId":"64137e548f08626672a7b12d"},
{"id":"66fec6fe2a7a96224a5430b2","companyId":null,"createdDate":1727973118623,"updatedDate":1727973118623,"versionId":0,"referenceId":null,"systemStatus":null,"updatedByUserId":null,"updatedByUserName":null,"systemStatusText":null,"userTypes":null,"requirementIds":null,"name":null,"sourceReferenceId":null,"sourceReferenceAppId":null,"lockedByUserId":null,"lockedByUserName":null,"publicArtifact":false,"enableOffline":false,"locked":false,"canUnlock":false,"publishComment":null,"importantPublish":false,"appId":"5f47f6158f0814ff0a917552","type":"dm","parentId":"66fec6a82a7a96224a54309d","childId":"5ff496998f08e7114da13621"},
{"id":"66fec69e2a7a96224a54309c","companyId":null,"createdDate":1727973022453,"updatedDate":1727973022453,"versionId":0,"referenceId":null,"systemStatus":null,"updatedByUserId":null,"updatedByUserName":null,"systemStatusText":null,"userTypes":null,"requirementIds":null,"name":"App Data","sourceReferenceId":null,"sourceReferenceAppId":null,"lockedByUserId":null,"lockedByUserName":null,"publicArtifact":false,"enableOffline":false,"locked":false,"canUnlock":false,"publishComment":null,"importantPublish":false,"appId":"5f47f6158f0814ff0a917552","type":"fldr","parentId":"5f47f6158f0814ff0a917552","childId":null}]