[{"id":"5f9adb198f08eee59b0a528f","companyId":"5f47ce0c8f0815394ff3bd8a","createdDate":1733253751657,"updatedDate":1733253751657,"versionId":129,"referenceId":null,"systemStatus":"P","updatedByUserId":"5f4d87978f086f27a2ab1467","updatedByUserName":"Chris Lamberth","systemStatusText":null,"userTypes":[],"requirementIds":[],"name":"Products_Management_Collections_Main","sourceReferenceId":null,"sourceReferenceAppId":null,"lockedByUserId":null,"lockedByUserName":null,"publicArtifact":false,"enableOffline":false,"locked":false,"canUnlock":false,"publishComment":" ","importantPublish":false,"appId":"5f47f6258f0814ff0a91755e","folderId":null,"desc":null,"loadDataFrom":"model","dataModel":"TR_Main_Dashboard","webserviceId":null,"webserviceOutput":null,"preLoadWorkflowId":"62015eeb8f084f89cbc3dd01","workflowId":"62014cbf8f084f89cbc3dc5e","backButtonWorkflowId":null,"targetDevice":"browser","detachTemplate":true,"templateId":"","landscapeTemplateId":"","defaultTemplate":"portrait","config":{"type":"panel","style":{"width":"100%","height":"100%"},"direction":"layout-box horizontal align-start pack-start","fields":[{"type":"flexlayout","componentName":"","componentType":"vbox","class":"sortable","direction":"vertical","align":"start","pack":"stretch","style":{"width":"100%","height":"100%","display":"flex","margin-top":"0px","margin-left":"0px","margin-right":"0px","margin-bottom":"0px","padding-top":"0px","padding-left":"0px","padding-right":"0px","padding-bottom":"0px"},"hasChild":false,"id":1603984156677,"childStyle":{},"fields":[{"type":"flexlayout","componentName":"","componentType":"vbox","class":"sortable","direction":"vertical","align":"start","pack":"stretch","style":{"border-radius":"6px","border-width":"1px","border-left-width":"1px","border-right-width":"1px","border-top-width":"1px","border-bottom-width":"1px","border-style":"solid","border-color":"rgb(220, 220, 220)","border-top-left-radius":"6px","border-top-right-radius":"6px","border-bottom-right-radius":"6px","border-bottom-left-radius":"6px","width":"100%","display":"flex","max-width":"1200px","margin-top":"0px","margin-left":"auto","margin-right":"auto","margin-bottom":"20px","padding-top":"20px","padding-left":"30px","padding-right":"30px","padding-bottom":"20px","box-shadow":"0px 1px 8px -2px rgb(0,0,0,.2) "},"hasChild":false,"id":1603984156678,"childStyle":{},"fields":[{"type":"flexlayout","componentName":"","componentType":"vbox","class":"sortable","direction":"vertical","align":"start","pack":"stretch","style":{"width":"100%","display":"flex","padding-bottom":"5px"},"hasChild":false,"id":1687892510018,"childStyle":{},"fields":[{"type":"text","componentName":"","componentType":"input","class":"text-wrap","style":{"margin-top":"0px","margin-left":"0px","margin-right":"15px","margin-bottom":"0px","padding-top":"0px","padding-left":"0px","padding-right":"0px","padding-bottom":"0px","font-family":"Montserrat","font-size":"18px","line-height":"35px"},"hasChild":false,"id":1687892510019,"dynamicStyles":{"color":{"isDynamic":true,"dataSourceType":"global","dataSourcefieldName":"primaryBGColorText","dataSourceKey":"BRANCH_STYLES","dataSourceModelName":"Branch_Styles"}},"background-color":{"isTransparent":false,"isChildTransparent":false}}],"dynamicStyles":{}},{"type":"flexlayout","componentName":"","componentType":"vbox","class":"sortable","direction":"vertical","align":"start","pack":"stretch","style":{"width":"100%","display":"flex","margin-top":"0px","margin-left":"0px","margin-right":"0px","margin-bottom":"10px","padding-top":"10px","padding-left":"0px","padding-right":"0px","padding-bottom":"10px"},"hasChild":false,"id":1603984156681,"childStyle":{},"fields":[{"type":"text","componentName":"","componentType":"input","class":"text-wrap","style":{"margin-top":"0px","margin-left":"0px","margin-right":"0px","margin-bottom":"0px","padding-top":"0px","padding-left":"0px","padding-right":"0px","padding-bottom":"10px","font-family":"Montserrat","font-size":"1.1em","font-weight":"bold"},"hasChild":false,"id":1603984156683,"dynamicStyles":{"color":{"isDynamic":true,"dataSourceType":"global","dataSourcefieldName":"primaryBGColorText","dataSourceKey":"BRANCH_STYLES","dataSourceModelName":"Branch_Styles"}},"background-color":{"isTransparent":false,"isChildTransparent":false}},{"type":"input","componentName":"","componentType":"input","class":"someClass orTwo","placeholder":"","inputType":"text","style":{"border-radius":"4px","border-top-left-radius":"4px","border-top-right-radius":"4px","border-bottom-right-radius":"4px","border-bottom-left-radius":"4px","padding-top":"0px","padding-left":"10px","padding-right":"0px","padding-bottom":"0px","font-family":"Montserrat","font-size":"1em"},"hasChild":false,"id":1603984156684,"dynamicStyles":{"color":{"isDynamic":true,"dataSourceType":"global","dataSourcefieldName":"primaryBGColorText","dataSourceKey":"BRANCH_STYLES","dataSourceModelName":"Branch_Styles"}},"background-color":{"isTransparent":false,"isChildTransparent":false}}],"dynamicStyles":{},"background-color":{"isTransparent":false,"isChildTransparent":false}},{"type":"flexlayout","componentName":"","componentType":"vbox","class":"sortable","direction":"vertical","align":"start","pack":"stretch","style":{"width":"100%","display":"flex","margin-top":"0px","margin-left":"0px","margin-right":"0px","margin-bottom":"10px","padding-top":"0px","padding-left":"0px","padding-right":"0px","padding-bottom":"10px"},"hasChild":false,"id":1603984156682,"childStyle":{},"fields":[{"type":"text","componentName":"","componentType":"input","class":"text-wrap","style":{"margin-top":"0px","margin-left":"0px","margin-right":"0px","margin-bottom":"0px","padding-top":"0px","padding-left":"0px","padding-right":"0px","padding-bottom":"10px","font-family":"Montserrat","font-size":"1.1em","font-weight":"bold"},"hasChild":false,"id":1603984156685,"dynamicStyles":{"color":{"isDynamic":true,"dataSourceType":"global","dataSourcefieldName":"primaryBGColorText","dataSourceKey":"BRANCH_STYLES","dataSourceModelName":"Branch_Styles"}},"background-color":{"isTransparent":false,"isChildTransparent":false}},{"type":"rte","class":"someClass orTwo","componentType":"rte","style":{"border-radius":"4px","border-top-left-radius":"4px","border-top-right-radius":"4px","border-bottom-right-radius":"4px","border-bottom-left-radius":"4px","width":"100%","min-height":"300px"},"hasChild":true,"id":1603984156686,"dynamicStyles":{},"dynamicChildStyles":{},"background-color":{"isTransparent":false,"isChildTransparent":false}}],"dynamicStyles":{},"background-color":{"isTransparent":false,"isChildTransparent":false}},{"type":"flexlayout","componentName":"","componentType":"vbox","class":"sortable","direction":"vertical","align":"start","pack":"stretch","style":{"width":"100%","display":"flex","margin-top":"0px","margin-left":"0px","margin-right":"0px","margin-bottom":"0px","padding-top":"0px","padding-left":"0px","padding-right":"0px","padding-bottom":"10px"},"hasChild":false,"id":1603984156709,"childStyle":{},"fields":[{"type":"text","componentName":"","componentType":"input","class":"text-wrap","style":{"margin-top":"0px","margin-left":"0px","margin-right":"0px","margin-bottom":"0px","padding-top":"0px","padding-left":"0px","padding-right":"0px","padding-bottom":"10px","font-family":"Montserrat","font-size":"1.1em","font-weight":"bold"},"hasChild":false,"id":1603984156710,"dynamicStyles":{"color":{"isDynamic":true,"dataSourceType":"global","dataSourcefieldName":"primaryBGColorText","dataSourceKey":"BRANCH_STYLES","dataSourceModelName":"Branch_Styles"}},"background-color":{"isTransparent":false,"isChildTransparent":false},"name":"Collections Image"},{"type":"flexlayout","componentName":"","componentType":"hbox","class":"sortable","direction":"horizontal","align":"start","pack":"stretch","style":{"width":"50%","display":"flex","margin-top":"0px","margin-left":"0px","margin-right":"0px","margin-bottom":"0px","padding-top":"0px","padding-left":"0px","padding-right":"0px","padding-bottom":"0px","align-items":"center"},"hasChild":false,"id":1603984156711,"fields":[{"type":"flexlayout","componentName":"","componentType":"vbox","class":"sortable","direction":"vertical","align":"start","pack":"stretch","style":{"width":"50%","display":"flex","margin-top":"0px","margin-left":"0px","margin-right":"0px","margin-bottom":"0px","padding-top":"0px","padding-left":"0px","padding-right":"0px","padding-bottom":"0px","align-items":"center"},"hasChild":false,"id":1603984156712,"childStyle":{},"fields":[{"type":"image","componentName":"","componentType":"image","class":"sortable","style":{"border-radius":"4px","border-top-left-radius":"4px","border-top-right-radius":"4px","border-bottom-right-radius":"4px","border-bottom-left-radius":"4px","width":"100px","height":"100px","margin-top":"0px","margin-left":"0px","margin-right":"0px","margin-bottom":"0px","padding-top":"0px","padding-left":"0px","padding-right":"0px","padding-bottom":"0px"},"hasChild":false,"id":1603984156714,"dynamicStyles":{},"background-color":{"isTransparent":false,"isChildTransparent":false}}],"dynamicStyles":{},"background-color":{"isTransparent":false,"isChildTransparent":false}},{"type":"flexlayout","componentName":"","componentType":"vbox","class":"sortable","direction":"vertical","align":"start","pack":"stretch","style":{"width":"50%","display":"flex","margin-top":"0px","margin-left":"0px","margin-right":"0px","margin-bottom":"0px","padding-top":"0px","padding-left":"0px","padding-right":"0px","padding-bottom":"0px","justify-content":"center","align-items":"center"},"hasChild":false,"id":1603984156713,"childStyle":{},"fields":[{"type":"upload","class":"btn btn-primary","componentType":"upload","style":{"border-radius":"4px","border-style":"none","border-top-left-radius":"4px","border-top-right-radius":"4px","border-bottom-right-radius":"4px","border-bottom-left-radius":"4px","margin-top":"0px","margin-left":"0px","margin-right":"0px","margin-bottom":"0px","padding-top":"10px","padding-left":"15px","padding-right":"15px","padding-bottom":"10px","font-family":"Montserrat","font-size":"1em"},"hasChild":false,"id":1603984156715,"dynamicStyles":{"background-color":{"isDynamic":true,"dataSourceType":"global","dataSourcefieldName":"secondaryButtonColor","dataSourceKey":"BRANCH_STYLES","dataSourceModelName":"Branch_Styles"},"color":{"isDynamic":true,"dataSourceType":"global","dataSourcefieldName":"secondaryButtonTextColor","dataSourceKey":"BRANCH_STYLES","dataSourceModelName":"Branch_Styles"}},"background-color":{"isTransparent":false,"isChildTransparent":false}}],"dynamicStyles":{},"background-color":{"isTransparent":false,"isChildTransparent":false}}],"childStyle":{},"dynamicStyles":{},"background-color":{"isTransparent":false,"isChildTransparent":false}}],"dynamicStyles":{},"background-color":{"isTransparent":false,"isChildTransparent":false}}],"dynamicStyles":{"background-color":{"isDynamic":true,"dataSourceType":"global","dataSourcefieldName":"primaryBGColor","dataSourceKey":"BRANCH_STYLES","dataSourceModelName":"Branch_Styles"}},"background-color":{"isTransparent":false,"isChildTransparent":false},"name":"Collections Title"},{"type":"flexlayout","componentName":"","componentType":"vbox","class":"sortable","direction":"vertical","align":"start","pack":"stretch","style":{"border-radius":"6px","border-width":"1px","border-left-width":"1px","border-right-width":"1px","border-top-width":"1px","border-bottom-width":"1px","border-style":"solid","border-color":"rgb(220, 220, 220)","border-top-left-radius":"6px","border-top-right-radius":"6px","border-bottom-right-radius":"6px","border-bottom-left-radius":"6px","width":"100%","display":"flex","max-width":"1200px","margin-top":"0px","margin-left":"auto","margin-right":"auto","margin-bottom":"0","padding-top":"20px","padding-left":"30px","padding-right":"30px","padding-bottom":"20px","box-shadow":"0px 1px 8px -2px rgb(0,0,0,.2)"},"hasChild":false,"id":1603984156679,"childStyle":{},"fields":[{"type":"flexlayout","componentName":"","componentType":"vbox","class":"sortable","direction":"vertical","align":"start","pack":"stretch","style":{"width":"100%","display":"flex","margin-top":"0px","margin-left":"0px","margin-right":"0px","margin-bottom":"0px","padding-top":"0px","padding-left":"0px","padding-right":"0px","padding-bottom":"0px"},"hasChild":false,"id":1603984156688,"childStyle":{},"dynamicStyles":{},"background-color":{"isTransparent":false,"isChildTransparent":false},"fields":[{"type":"text","componentName":"","componentType":"input","class":"text-wrap","style":{"margin-top":"0px","margin-left":"0px","margin-right":"0px","margin-bottom":"0px","padding-top":"5px","padding-left":"0","padding-right":"0px","padding-bottom":"10px","font-family":"Montserrat","font-size":"1.4em","font-weight":"bold"},"hasChild":false,"id":1603984156693,"dynamicStyles":{"color":{"isDynamic":true,"dataSourceType":"global","dataSourcefieldName":"primaryBGColorText","dataSourceKey":"BRANCH_STYLES","dataSourceModelName":"Branch_Styles"}},"background-color":{"isTransparent":false,"isChildTransparent":false}},{"type":"flexlayout","componentName":"","componentType":"hbox","class":"sortable","direction":"horizontal","align":"start","pack":"stretch","style":{"border-width":"0px","border-left-width":"0px","border-right-width":"0px","border-top-width":"0px","border-bottom-width":"0px","border-color":"rgba(0, 0, 0, 0)","width":"100%","display":"flex","margin-top":"0px","margin-left":"0px","margin-right":"0px","margin-bottom":"10px","padding-top":"0px","padding-left":"0px","padding-right":"0px","padding-bottom":"0px","flex-direction":"row","justify-content":"space-between"},"hasChild":false,"id":1603984156694,"fields":[{"type":"flexlayout","componentName":"","componentType":"vbox","class":"sortable","direction":"vertical","align":"start","pack":"stretch","style":{"border-width":".50px","border-left-width":"0","border-right-width":"0","border-top-width":"0","border-bottom-width":"0","border-style":"none","width":"50%","display":"flex","margin-top":"0px","margin-left":"0px","margin-right":"0px","margin-bottom":"0px","padding-top":"10px","padding-bottom":"10px","position":"relative","justify-content":"center","align-items":"center"},"hasChild":false,"id":1603984156695,"childStyle":{},"fields":[{"type":"flexlayout","componentName":"","componentType":"vbox","class":"sortable","direction":"vertical","align":"start","pack":"stretch","style":{"border-radius":"4px","border-width":"1px","border-left-width":"1px","border-right-width":"1px","border-top-width":"1px","border-bottom-width":"1px","border-style":"solid","border-color":"rgb(220,220,220)","border-top-left-radius":"4px","border-top-right-radius":"4px","border-bottom-right-radius":"4px","border-bottom-left-radius":"4px","width":"100%","display":"flex","flex-direction":"row","align-items":"center"},"hasChild":false,"id":1625667578369,"childStyle":{},"dynamicStyles":{},"background-color":{"isTransparent":false,"isChildTransparent":false},"fields":[{"type":"text","componentName":"","componentType":"input","class":"text-wrap","style":{"border-left-width":"0","border-right-width":"1px","border-top-width":"0","border-bottom-width":"0","border-style":"solid","border-color":"rgb(220,220,220)","border-top-left-radius":"4px","border-bottom-left-radius":"4px","width":"35px","height":"35px","margin-top":"0","margin-left":"0","margin-right":"0","margin-bottom":"0","padding-top":"3px","padding-left":"7px","padding-right":"10px","padding-bottom":"7px","font-size":"20px"},"hasChild":false,"id":1625667578368,"dynamicStyles":{"color":{"isDynamic":true,"dataSourceType":"global","dataSourcefieldName":"secondaryBGTextColor","dataSourceKey":"BRANCH_STYLES","dataSourceModelName":"Branch_Styles"},"background-color":{"isDynamic":true,"dataSourceType":"global","dataSourcefieldName":"secondaryBGColor","dataSourceKey":"BRANCH_STYLES","dataSourceModelName":"Branch_Styles"}},"background-color":{"isTransparent":false,"isChildTransparent":false}},{"type":"input","componentName":"","componentType":"input","class":"someClass orTwo","placeholder":"","inputType":"text","style":{"border-radius":"0px","border-width":"0px","border-left-width":"0px","border-right-width":"0px","border-top-width":"0px","border-bottom-width":"0px","border-style":"none","border-top-left-radius":"0px","border-top-right-radius":"4px","border-bottom-right-radius":"4px","border-bottom-left-radius":"0px","height":"35px","margin-top":"0","margin-left":"0","margin-right":"0","margin-bottom":"0","box-shadow":"0px"},"hasChild":false,"id":1603984156698,"dynamicStyles":{},"background-color":{"isTransparent":false,"isChildTransparent":false}}]},{"type":"flexlayout","componentName":"","componentType":"vbox","class":"sortable","direction":"vertical","align":"start","pack":"stretch","style":{"background-color":"rgb(255, 255, 255)","border-bottom-right-radius":"8px","border-bottom-left-radius":"8px","width":"100%","display":"flex","max-height":"430px","margin-top":"0px","margin-left":"0px","margin-right":"0px","margin-bottom":"0px","padding-top":"0px","padding-left":"0px","padding-right":"0px","padding-bottom":"0px","box-shadow":"0px 1px 6px -2px rgb(0,0,0,.6)","overflow-y":"auto","position":"absolute","top":"47px","z-index":"21","align-items":"center"},"hasChild":false,"id":1603984156689,"childStyle":{},"dynamicStyles":{},"background-color":{"isTransparent":false,"isChildTransparent":false},"fields":[{"type":"list","class":"someClass orTwo","componentType":"list","style":{"border-radius":"0px","border-width":"px","border-left-width":"0px","border-right-width":"0px","border-top-width":"0px","border-bottom-width":".50px","border-style":"solid","border-color":"rgb(220, 220, 220)","border-top-left-radius":"0px","border-top-right-radius":"0px","border-bottom-right-radius":"0px","border-bottom-left-radius":"0px","margin-top":"0px","margin-left":"0px","margin-right":"0px","margin-bottom":"0","padding-top":"0","padding-left":"10px","padding-right":"0","padding-bottom":"0","align-self":"center"},"hasChild":true,"id":1603984156701,"dynamicStyles":{},"dynamicChildStyles":{},"background-color":{"isTransparent":false,"isChildTransparent":false},"name":"Collection_Products_Search"}],"name":"Products Search Results List"}],"dynamicStyles":{},"background-color":{"isTransparent":false,"isChildTransparent":false}},{"type":"flexlayout","componentName":"","componentType":"vbox","class":"sortable","direction":"vertical","align":"start","pack":"stretch","style":{"width":"33.333333333333336%","display":"flex","margin-top":"0px","margin-left":"0px","margin-right":"0px","margin-bottom":"0px","padding-top":"10px","padding-left":"0px","padding-right":"0px","padding-bottom":"0px","justify-content":"center","align-items":"center"},"hasChild":false,"id":1603984156697,"childStyle":{},"fields":[{"type":"select","componentName":"","componentType":"select","class":"someClass orTwo","style":{"border-radius":"4px","border-width":".1px","border-left-width":".1px","border-right-width":".1px","border-top-width":".1px","border-bottom-width":".1px","border-style":"solid","border-color":"rgb(220,220,220)","border-top-left-radius":"4px","border-top-right-radius":"4px","border-bottom-right-radius":"4px","border-bottom-left-radius":"4px","height":"39px"},"hasChild":false,"id":1603984156700,"dynamicStyles":{},"background-color":{"isTransparent":false,"isChildTransparent":false}}],"dynamicStyles":{},"background-color":{"isTransparent":false,"isChildTransparent":false}}],"childStyle":{},"dynamicStyles":{},"background-color":{"isTransparent":false,"isChildTransparent":false}}],"name":"Product Search Panel"},{"type":"flexlayout","componentName":"","componentType":"vbox","class":"sortable","direction":"vertical","align":"start","pack":"stretch","style":{"width":"100%","display":"flex","margin-top":"0px","margin-left":"0px","margin-right":"0px","margin-bottom":"0px","padding-top":"0px","padding-left":"0px","padding-right":"0px","padding-bottom":"0px"},"hasChild":false,"id":1603984156690,"childStyle":{},"dynamicStyles":{},"background-color":{"isTransparent":false,"isChildTransparent":false},"fields":[{"type":"list","class":"someClass orTwo","componentType":"list","style":{"border-radius":"0px","border-top-left-radius":"0px","border-top-right-radius":"0px","border-bottom-right-radius":"0px","border-bottom-left-radius":"0px","width":"100%","height":"100%","margin-top":"0px","margin-left":"0px","margin-right":"0px","margin-bottom":"0px","padding-top":"0px","padding-left":"0px","padding-right":"0px","padding-bottom":"0px"},"hasChild":true,"id":1603987160111,"dynamicStyles":{},"dynamicChildStyles":{},"background-color":{"isTransparent":false,"isChildTransparent":false},"name":"Collection_Products"}],"name":"Products List"}],"dynamicStyles":{"background-color":{"isDynamic":true,"dataSourceType":"global","dataSourcefieldName":"primaryBGColor","dataSourceKey":"BRANCH_STYLES","dataSourceModelName":"Branch_Styles"}},"background-color":{"isTransparent":false,"isChildTransparent":false},"name":"Collections Product List"},{"type":"flexlayout","componentName":"","componentType":"vbox","class":"sortable","direction":"vertical","align":"start","pack":"stretch","style":{"width":"100%","display":"flex","max-width":"1200px","margin-top":"0px","margin-left":"auto","margin-right":"auto","margin-bottom":"0px","padding-top":"30px","padding-left":"0px","padding-right":"0px","padding-bottom":"20px","flex-direction":"row","justify-content":"space-between","align-items":"center"},"hasChild":false,"id":1603984156680,"childStyle":{},"fields":[{"type":"button","componentName":"","componentType":"button","class":"btn btn-primary","style":{"border-radius":"4px","border-width":"0px","border-left-width":"0px","border-right-width":"0px","border-top-width":"0px","border-bottom-width":"0px","border-top-left-radius":"4px","border-top-right-radius":"4px","border-bottom-right-radius":"4px","border-bottom-left-radius":"4px","padding-top":"12px","padding-left":"30px","padding-right":"30px","padding-bottom":"12px","font-family":"Montserrat","font-size":"1em","box-shadow":"0px 1px 3px -1px rgba(98,98,98,0.5)"},"hasChild":false,"id":1603984156687,"dynamicStyles":{"background-color":{"isDynamic":true,"dataSourceType":"global","dataSourcefieldName":"secondaryButtonColor","dataSourceKey":"BRANCH_STYLES","dataSourceModelName":"Branch_Styles"},"color":{"isDynamic":true,"dataSourceType":"global","dataSourcefieldName":"secondaryButtonTextColor","dataSourceKey":"BRANCH_STYLES","dataSourceModelName":"Branch_Styles"}},"background-color":{"isTransparent":false,"isChildTransparent":false}},{"type":"button","componentName":"","componentType":"button","class":"btn btn-primary","style":{"border-radius":"4px","border-width":"0px","border-left-width":"0px","border-right-width":"0px","border-top-width":"0px","border-bottom-width":"0px","border-top-left-radius":"4px","border-top-right-radius":"4px","border-bottom-right-radius":"4px","border-bottom-left-radius":"4px","padding-top":"12px","padding-left":"30px","padding-right":"30px","padding-bottom":"12px","font-family":"Montserrat","font-size":"1em","font-weight":"bold","box-shadow":"0px 1px 3px -1px rgba(98,98,98,0.5)"},"hasChild":false,"id":1603984156703,"dynamicStyles":{"background-color":{"isDynamic":true,"dataSourceType":"global","dataSourcefieldName":"primaryButtonColor","dataSourceKey":"BRANCH_STYLES","dataSourceModelName":"Branch_Styles"},"color":{"isDynamic":true,"dataSourceType":"global","dataSourcefieldName":"primaryButtonTextColor","dataSourceKey":"BRANCH_STYLES","dataSourceModelName":"Branch_Styles"}},"background-color":{"isTransparent":false,"isChildTransparent":false},"name":"Save"},{"type":"button","componentName":"","componentType":"button","class":"btn btn-primary","style":{"border-radius":"4px","border-width":"0px","border-left-width":"0px","border-right-width":"0px","border-top-width":"0px","border-bottom-width":"0px","border-top-left-radius":"4px","border-top-right-radius":"4px","border-bottom-right-radius":"4px","border-bottom-left-radius":"4px","display":"none","padding-top":"12px","padding-left":"30px","padding-right":"30px","padding-bottom":"12px","font-family":"Montserrat","font-size":"1em","font-weight":"bold","box-shadow":"0px 1px 3px -1px rgba(98,98,98,0.5)"},"hasChild":false,"id":1644250084574,"dynamicStyles":{"background-color":{"isDynamic":true,"dataSourceType":"global","dataSourcefieldName":"primaryButtonColor","dataSourceKey":"BRANCH_STYLES","dataSourceModelName":"Branch_Styles"},"color":{"isDynamic":true,"dataSourceType":"global","dataSourcefieldName":"primaryButtonTextColor","dataSourceKey":"BRANCH_STYLES","dataSourceModelName":"Branch_Styles"}},"background-color":{"isTransparent":false,"isChildTransparent":false},"name":"Create"}],"dynamicStyles":{},"background-color":{"isTransparent":false,"isChildTransparent":false}}],"dynamicStyles":{},"background-color":{"isTransparent":false,"isChildTransparent":false}}],"id":1603984156676,"childStyle":{},"dynamicStyles":{},"background-color":{"isTransparent":false,"isChildTransparent":false}},"portraitConfig":null,"landscapeConfig":null,"pageBuilderConfig":{"1603984156676":{"listeners":{"click":{"workflow":"","submit":false},"drag":{"workflow":"","submit":false}},"cssClassNamedataSourceType":""},"1603984156681":{"listeners":{"click":{"workflow":"","submit":false,"type":"workflow","success":{"type":"goTo","screenId":""}},"drag":{"workflow":"","submit":false},"doubleclick":{"type":"workflow","success":{"type":"goTo","screenId":""}}},"cssClassNamedataSourceType":"","hoverTxtdataSourceType":""},"1603984156678":{"listeners":{"click":{"workflow":"","submit":false},"drag":{"workflow":"","submit":false}}},"1603984156690":{"listeners":{"click":{"workflow":"","submit":false,"type":"workflow","success":{"type":"goTo","screenId":""}},"drag":{"workflow":"","submit":false},"doubleclick":{"type":"workflow","success":{"type":"goTo","screenId":""}}},"hoverTxtdataSourceType":"","cssClassNamedataSourceType":""},"1603984156689":{"listeners":{"click":{"workflow":"","submit":false,"type":"workflow","success":{"type":"goTo","screenId":""}},"drag":{"workflow":"","submit":false},"doubleclick":{"type":"workflow","success":{"type":"goTo","screenId":""}}},"hoverTxtdataSourceType":""},"1603984156688":{"listeners":{"click":{"workflow":"","submit":false,"type":"workflow","success":{"type":"goTo","screenId":""}},"drag":{"workflow":"","submit":false},"doubleclick":{"type":"workflow","success":{"type":"goTo","screenId":""}}},"cssClassNamedataSourceType":"","hoverTxtdataSourceType":""},"1603984156694":{"listeners":{"click":{"workflow":"","submit":false,"type":"workflow","success":{"type":"goTo","screenId":""}},"drag":{"workflow":"","submit":false},"doubleclick":{"type":"workflow","success":{"type":"goTo","screenId":""}}},"hoverTxtdataSourceType":""},"1603984156679":{"listeners":{"click":{"workflow":"","submit":false,"type":"workflow","success":{"type":"goTo","screenId":""}},"drag":{"workflow":"","submit":false},"doubleclick":{"type":"workflow","success":{"type":"goTo","screenId":""}}},"hoverTxtdataSourceType":""},"1603984156677":{"listeners":{"click":{"workflow":"","submit":false,"type":"workflow","success":{"type":"goTo","screenId":""}},"drag":{"workflow":"","submit":false},"doubleclick":{"type":"workflow","success":{"type":"goTo","screenId":""}}},"hoverTxtdataSourceType":""},"1603984156680":{"listeners":{"click":{"workflow":"","submit":false,"type":"workflow","success":{"type":"goTo","screenId":""}},"drag":{"workflow":"","submit":false},"doubleclick":{"type":"workflow","success":{"type":"goTo","screenId":""}}},"cssClassNamedataSourceType":"","hoverTxtdataSourceType":""},"1603984156683":{"listeners":{"click":{"workflow":"","submit":false,"type":"workflow","success":{"type":"goTo","screenId":""}},"doubleclick":{"type":"workflow","success":{"type":"goTo","screenId":""}}},"dataSourceType":"constant","dataSourcefieldName":"Title","ellipsis":"","isRequiredKeydataSourceType":"","labelKey":"Title"},"1603984156685":{"listeners":{"click":{"workflow":"","submit":false}},"dataSourceType":"constant","dataSourcefieldName":"Description","labelKey":"Description"},"1603984156693":{"listeners":{"click":{"workflow":"","submit":false,"type":"workflow","success":{"type":"goTo","screenId":""}},"doubleclick":{"type":"workflow","success":{"type":"goTo","screenId":""}}},"dataSourceType":"constant","dataSourcefieldName":"Products","ellipsis":"","isRequiredKeydataSourceType":"","labelKey":"Products"},"1603984156687":{"listeners":{"click":{"workflow":"674f40be671f3e73e2dd41da","submit":false,"type":"workflow","success":{"type":"goTo","screenId":""}},"longPress":{"workflow":"","submit":false}},"filter":"","ellipsis":"","dataSourceType":"constant","badgedataSourceType":"","hoverTxtdataSourceType":"","dataSourcefieldName":"Delete","labelKey":"Delete"},"1603984156703":{"listeners":{"click":{"workflow":"5f9b0ae58f08eee59b0a589c","submit":false,"type":"workflow","success":{"type":"goTo","screenId":""}},"longPress":{"workflow":"","submit":false}},"dataSourceType":"constant","dataSourcefieldName":"Save","filter":"","ellipsis":"","badgedataSourceType":"","hoverTxtdataSourceType":"","labelKey":"Save"},"1603984156682":{"listeners":{"click":{"workflow":"","submit":false,"type":"workflow","success":{"type":"goTo","screenId":""}},"drag":{"workflow":"","submit":false},"doubleclick":{"type":"workflow","success":{"type":"goTo","screenId":""}}},"hoverTxtdataSourceType":""},"1603984156710":{"listeners":{"click":{"workflow":"","submit":false,"type":"workflow","success":{"type":"goTo","screenId":""}},"doubleclick":{"type":"workflow","success":{"type":"goTo","screenId":""}}},"cssClassNamedataSourceType":"","dataSourceType":"constant","dataSourcefieldName":"Collections Image","ellipsis":"","isRequiredKeydataSourceType":"","labelKey":"Collections Image"},"1603984156709":{"listeners":{"click":{"workflow":"","submit":false,"type":"workflow","success":{"type":"goTo","screenId":""}},"drag":{"workflow":"","submit":false},"doubleclick":{"type":"workflow","success":{"type":"goTo","screenId":""}}},"hoverTxtdataSourceType":""},"1603984156686":{"listeners":{"blur":{"workflow":"","submit":false,"type":"workflow","success":{"type":"goTo","screenId":""}},"drop":{"workflow":"","submit":false,"type":"workflow","success":{"type":"goTo","screenId":""}},"select":{"workflow":"","submit":false,"type":"workflow","success":{"type":"goTo","screenId":""}},"keyup":{"type":"workflow","success":{"type":"goTo","screenId":""}}},"dataSourceType":"global","rawTextdataSourceType":"","ExternalCssdataSourceType":"","textSelectiondataSourceType":"","isDynamicReadOnly":false,"readOnlydataSourceType":"","resizable":true,"dataSourceKey":"CURRENT_STORE_COLLECTION","dataSourceModelName":"Store_Collections","dataSourcefieldName":"description"},"1603984156715":{"listeners":{"postUpload":{"workflow":"5f9b0e738f08eee59b0a5903","submit":false,"type":"workflow","success":{"type":"goTo","screenId":""}},"cancelUpload":{"workflow":"","submit":false}},"dataSourceType":"constant","dataSourcefieldName":"Upload Image","fieldName":"fileUploadURL","fileNameField":"fileUploadName","isDynamicExtensions":false,"allowedextdataSourceType":"","labelKey":"Upload Image"},"1603984156713":{"listeners":{"click":{"workflow":"","submit":false,"type":"workflow","success":{"type":"goTo","screenId":""}},"drag":{"workflow":"","submit":false},"doubleclick":{"type":"workflow","success":{"type":"goTo","screenId":""}}},"hoverTxtdataSourceType":""},"1603984156712":{"listeners":{"click":{"workflow":"","submit":false,"type":"workflow","success":{"type":"goTo","screenId":""}},"drag":{"workflow":"","submit":false},"doubleclick":{"type":"workflow","success":{"type":"goTo","screenId":""}}},"hoverTxtdataSourceType":""},"1603984156701":{"listeners":{"click":{"workflow":"","submit":false,"type":"workflow","success":{"type":"goTo","screenId":""}},"focus":{"workflow":"","submit":false,"type":"workflow","success":{"type":"goTo","screenId":""}}},"isMultiCustom":false,"listCC":[],"listType":"customList","dataSourceType":"global","emptyListCCdataSourceType":"","customComponent":"5f9ae2aa8f08eee59b0a534b","dataSourceKey":"COLLECTION_PRODUCTS_SEARCH","dataSourceModelName":"SysQueryResult","scrollTodataSourceType":"","dataSourcefieldName":"data"},"1603987160111":{"listeners":{"click":{"workflow":"","submit":false,"type":"workflow","success":{"type":"goTo","screenId":""}},"focus":{"workflow":"","submit":false,"type":"workflow","success":{"type":"goTo","screenId":""}}},"isMultiCustom":false,"listCC":[],"cssClassNamedataSourceType":"","listType":"customList","dataSourceType":"global","emptyListCCdataSourceType":"","customComponent":"5f9ae3b98f08eee59b0a536d","dataSourceKey":"CURRENT_STORE_COLLECTION","dataSourceModelName":"Store_Collections","dataSourcefieldName":"tempList","scrollTodataSourceType":""},"1603984156698":{"listeners":{"click":{"workflow":"","submit":false},"focus":{"workflow":"","submit":false,"type":"workflow","success":{"type":"goTo","screenId":""}},"blur":{"workflow":"","submit":false,"type":"workflow","success":{"type":"goTo","screenId":""}},"keyup":{"type":"workflow","success":{"type":"goTo","screenId":""},"workflow":"5f9ae7fb8f08eee59b0a53a2"}},"dataSourceType":"pagemodel","placeholderdataSourceType":"constant","validationRequiredErrorTextdataSourceType":"","validationMinLengthErrorTextdataSourceType":"","validationMaxLengthErrorTextdataSourceType":"","validationInputTypeErrorTextdataSourceType":"","dataSourcefieldName":"userSearchInput1","placeholderdataSourcefieldName":"Search to add product","labelKeyplaceholder":"Search to add a product"},"1603984156714":{"listeners":{"click":{"workflow":"","submit":false,"type":"workflow","success":{"type":"goTo","screenId":""}},"longPress":{"workflow":"","submit":false}},"dataSourceType":"global","src":null,"badgedataSourceType":"","hoverTxtdataSourceType":"","dataSourceKey":"CURRENT_STORE_COLLECTION","dataSourceModelName":"Store_Collections","dataSourcefieldName":"imageURL"},"1603984156684":{"listeners":{"click":{"workflow":"","submit":false},"focus":{"workflow":"","submit":false,"type":"workflow","success":{"type":"goTo","screenId":""}},"blur":{"workflow":"","submit":false,"type":"workflow","success":{"type":"goTo","screenId":""}},"keyup":{"type":"workflow","success":{"type":"goTo","screenId":""}}},"dataSourceType":"global","dataSourcefieldName":"name","placeholderdataSourceType":"","validationRequiredErrorTextdataSourceType":"","validationMinLengthErrorTextdataSourceType":"","validationMaxLengthErrorTextdataSourceType":"","validationInputTypeErrorTextdataSourceType":"","dataSourceKey":"CURRENT_STORE_COLLECTION","dataSourceModelName":"Store_Collections"},"1603984156695":{"listeners":{"click":{"workflow":"","submit":false,"type":"workflow","success":{"type":"goTo","screenId":""}},"drag":{"workflow":"","submit":false},"doubleclick":{"type":"workflow","success":{"type":"goTo","screenId":""}}},"hoverTxtdataSourceType":""},"1603984156700":{"options":[{"label":"Course","value":"COURSE"}],"listeners":{"select":{"workflow":"","submit":false,"type":"workflow","success":{"type":"goTo","screenId":""}}},"initialLabeldataSourceType":"","selecteddataSourceType":"","validationRequiredErrorTextdataSourceType":"","initialLabelPrefix":"Course"},"1603984156697":{"listeners":{"click":{"workflow":"","submit":false},"drag":{"workflow":"","submit":false}},"cssClassNamedataSourceType":""},"1603984156711":{"listeners":{"click":{"workflow":"","submit":false},"drag":{"workflow":"","submit":false}}},"1625667578369":{"listeners":{"click":{"workflow":"","submit":false,"type":"workflow","success":{"type":"goTo","screenId":""}},"drag":{"workflow":"","submit":false},"doubleclick":{"type":"workflow","success":{"type":"goTo","screenId":""}}},"cssClassNamedataSourceType":"","hoverTxtdataSourceType":""},"1625667578368":{"listeners":{"click":{"workflow":"","submit":false,"type":"workflow","success":{"type":"goTo","screenId":""}},"doubleclick":{"type":"workflow","success":{"type":"goTo","screenId":""}}},"dataSourceType":"constant","dataSourcefieldName":"<i class=\"fal fa-search\"></i>","isRequiredKeydataSourceType":"","ellipsis":""},"1644250084574":{"listeners":{"click":{"workflow":"62014e188f084f89cbc3dc79","submit":false,"type":"workflow","success":{"type":"goTo","screenId":""}},"longPress":{"workflow":"","submit":false}},"dataSourceType":"constant","dataSourcefieldName":"Create","filter":"","ellipsis":"","badgedataSourceType":"","hoverTxtdataSourceType":"","labelKey":"Create"},"1687892510018":{"listeners":{"click":{"workflow":"","submit":false,"type":"workflow","success":{"type":"goTo","screenId":""}},"drag":{"workflow":"","submit":false},"panelResize":{"workflow":"","submit":false},"doubleclick":{"type":"workflow","success":{"type":"goTo","screenId":""}}},"hoverTxtdataSourceType":""},"1687892510019":{"listeners":{"click":{"workflow":"","submit":false,"type":"workflow","success":{"type":"goTo","screenId":""}},"doubleclick":{"type":"workflow","success":{"type":"goTo","screenId":""}}},"cssClassNamedataSourceType":"","dataSourceType":"constant","dataSourcefieldName":"Collection Details","ellipsis":"","isRequiredKeydataSourceType":"","labelKey":""},"dataModel":"TR_Main_Dashboard"},"gridLayoutConfig":{"cols":1,"rows":1,"gridgap":{"int":0,"unit":"em"},"autoflow":true,"explicit":{"colValues":"auto","rowValues":"auto"}},"savedId":null,"workInProgress":false,"status":null,"createdBy":null,"lastModifiedBy":null,"deleted":false,"customComponent":true,"style":false,"animation":false,"styleComponentType":null,"hidden":false,"hideDrawer":false,"lockOrientation":null,"screenShotData":null,"customComponentScreenShot":false,"eventMappings":null,"layoutRows":0,"layoutCols":0,"enableRuntimeConfiguration":false,"inputs":null,"timerWorkflowId":null,"timeInterval":0,"label":null,"leftArrowWorkflowId":null,"rightArrowWorkflowId":null,"bpmManaged":false,"category":null,"displaySeq":0,"rowCounter":0,"columnCounter":0,"aiHtml":null,"responsiveCSSProps":null,"customization":null,"pageData":null},
{"id":"5f9ae38d8f08eee59b0a535d","companyId":"5f47ce0c8f0815394ff3bd8a","createdDate":1733342616861,"updatedDate":1733342616861,"versionId":57,"referenceId":null,"systemStatus":"P","updatedByUserId":"5f4d87978f086f27a2ab1467","updatedByUserName":"Chris Lamberth","systemStatusText":null,"userTypes":[],"requirementIds":[],"name":"Collections_Search_List_Item","sourceReferenceId":"5ee91bd1e4b0db3a8806f7a6","sourceReferenceAppId":"5e4ad395e4b053c18438f562","lockedByUserId":null,"lockedByUserName":null,"publicArtifact":false,"enableOffline":false,"locked":false,"canUnlock":false,"publishComment":" ","importantPublish":false,"appId":"5f47f6258f0814ff0a91755e","folderId":null,"desc":null,"loadDataFrom":"model","dataModel":"Store_Collections","webserviceId":null,"webserviceOutput":null,"preLoadWorkflowId":null,"workflowId":null,"backButtonWorkflowId":null,"targetDevice":"browser","detachTemplate":true,"templateId":"","landscapeTemplateId":"","defaultTemplate":"portrait","config":{"type":"gridpanel","style":{"height":"100%","display":"grid","margin-left":"0","margin-right":"20px","margin-bottom":"20px","padding-left":"5px","padding-right":"5px","grid-gap":"0em","grid-template-columns":"repeat(4, 1fr)","grid-template-rows":"repeat(4, 1fr)","grid-auto-rows":"1fr","grid-auto-columns":"1fr"},"direction":"layout-grid","fields":[{"type":"flexlayout","componentName":"","componentType":"vbox","class":"sortable","direction":"vertical","align":"start","pack":"stretch","style":{"border-radius":"6px","border-width":"1px","border-left-width":"1px","border-right-width":"1px","border-top-width":"1px","border-bottom-width":"1px","border-style":"solid","border-color":"rgb(200,200,200)","border-top-left-radius":"6px","border-top-right-radius":"6px","border-bottom-right-radius":"6px","border-bottom-left-radius":"6px","width":"230px","height":"375px","display":"flex","margin-top":"0px","margin-left":"0px","margin-right":"0px","margin-bottom":"0px","padding-top":"0px","padding-left":"0px","padding-right":"0px","padding-bottom":"0px","box-shadow":"0px 1px 5px -2px rgba(0,0,0,0.3)","flex-direction":"column","cursor":"Pointer","grid-area":"1 / 1 / 5 / 5"},"hasChild":false,"gridArea":"1 / 1 / 5 / 5","id":1592335313852,"childStyle":{},"dynamicStyles":{},"background-color":{"isTransparent":false,"isChildTransparent":false},"fields":[{"type":"flexlayout","componentName":"","componentType":"hbox","class":"sortable","direction":"horizontal","align":"start","pack":"stretch","style":{"width":"100%","height":"100%","display":"flex","margin-top":"0px","margin-left":"0px","margin-right":"0px","margin-bottom":"0px","padding-top":"0px","padding-left":"0px","padding-right":"0px","padding-bottom":"0px","flex-direction":"column","align-items":"center"},"hasChild":false,"id":1592336062718,"fields":[{"type":"flexlayout","componentName":"","componentType":"vbox","class":"sortable","direction":"vertical","align":"start","pack":"stretch","style":{"background-position":"center center","background-repeat":"no-repeat","background-size":"cover","border-radius":"4px","border-top-left-radius":"6px","border-top-right-radius":"6px","border-bottom-right-radius":"0","border-bottom-left-radius":"0","width":"100%","height":"40%","display":"flex","padding-top":"0px","padding-left":"0px","padding-right":"0px","padding-bottom":"0px","overflow":"hidden","align-self":"center"},"hasChild":false,"id":1592336062723,"childStyle":{},"fields":[],"dynamicStyles":{"background-image":{"isDynamic":true,"dataSourceType":"pagemodel","dataSourcefieldName":"imageURL","dataSourceKey":"","dataSourceModelName":""}},"background-color":{"isTransparent":false,"isChildTransparent":false}},{"type":"flexlayout","componentName":"","componentType":"vbox","class":"sortable","direction":"vertical","align":"start","pack":"stretch","style":{"background-color":"#f6f6f6","border-bottom-right-radius":"6px","border-bottom-left-radius":"6px","width":"100%","height":"60%","display":"flex"},"hasChild":false,"id":1657813643822,"childStyle":{},"fields":[{"type":"flexlayout","componentName":"","componentType":"vbox","class":"sortable","direction":"vertical","align":"start","pack":"stretch","style":{"background-color":"#f6f6f6","width":"100%","display":"flex","margin-top":"0px","margin-left":"0px","margin-right":"0px","margin-bottom":"0px","padding-top":"0px","padding-left":"0","padding-right":"0px","padding-bottom":"0px","flex-direction":"column","align-items":"center"},"hasChild":false,"id":1603984069688,"childStyle":{},"dynamicStyles":{},"background-color":{"isTransparent":false,"isChildTransparent":false},"fields":[{"type":"flexlayout","componentName":"","componentType":"vbox","class":"sortable","direction":"vertical","align":"start","pack":"stretch","style":{"border-radius":"6px","border-width":"1px","border-left-width":"1px","border-right-width":"1px","border-top-width":"1px","border-bottom-width":"1px","border-style":"solid","border-color":"#ddd","border-top-left-radius":"6px","border-top-right-radius":"6px","border-bottom-right-radius":"6px","border-bottom-left-radius":"6px","width":"75%","height":"100px","display":"flex","margin-top":"-50px","padding-top":"10px","padding-left":"10px","padding-right":"10px","padding-bottom":"10px","flex-direction":"row","align-items":"center"},"hasChild":false,"id":1657813643824,"childStyle":{},"dynamicStyles":{"background-color":{"isDynamic":true,"dataSourceType":"global","dataSourcefieldName":"primaryBGColor","dataSourceKey":"BRANCH_STYLES","dataSourceModelName":"Branch_Styles"}},"background-color":{"isTransparent":false,"isChildTransparent":false},"fields":[{"type":"text","componentName":"","componentType":"input","class":"text-wrap","style":{"width":"100%","max-height":"100%","margin-top":"0px","margin-left":"0px","margin-right":"0px","margin-bottom":"0px","padding-top":"0","padding-left":"0","padding-right":"0","padding-bottom":"0","font-family":"Montserrat","font-size":".95em","line-height":"1.2","font-weight":"bold","text-align":"center","overflow":"hidden","grid-area":"1 / 1 / 5 / 5"},"hasChild":false,"id":1603984182143,"dynamicStyles":{"color":{"isDynamic":true,"dataSourceType":"global","dataSourcefieldName":"primaryBGColorText","dataSourceKey":"BRANCH_STYLES","dataSourceModelName":"Branch_Styles"}},"background-color":{"isTransparent":false,"isChildTransparent":false},"gridArea":"1 / 1 / 5 / 5","globalShowDynamicStyles":true}]}]},{"type":"flexlayout","componentName":"","componentType":"vbox","class":"sortable","direction":"vertical","align":"start","pack":"stretch","style":{"border-bottom-right-radius":"6px","border-bottom-left-radius":"6px","width":"75%","height":"100%","display":"flex","align-self":"center"},"hasChild":false,"id":1657813643825,"childStyle":{},"fields":[{"type":"flexlayout","componentName":"","componentType":"vbox","class":"sortable","direction":"vertical","align":"start","pack":"stretch","style":{"width":"100%","display":"flex","padding-top":"15px","padding-bottom":"15px","flex-direction":"column","align-items":"center"},"hasChild":false,"id":1657813643823,"childStyle":{},"dynamicStyles":{},"background-color":{"isTransparent":false,"isChildTransparent":false},"fields":[{"type":"flexlayout","componentName":"","componentType":"vbox","class":"sortable","direction":"vertical","align":"start","pack":"stretch","style":{"border-radius":"25px","border-top-left-radius":"25px","border-top-right-radius":"25px","border-bottom-right-radius":"25px","border-bottom-left-radius":"25px","display":"flex","margin-top":"0px","margin-left":"0px","margin-right":"0px","margin-bottom":"0px","padding-top":"2px","padding-left":"15px","padding-right":"15px","padding-bottom":"2px"},"hasChild":false,"id":1592336062720,"childStyle":{},"dynamicStyles":{"background-color":{"isDynamic":true,"dataSourceType":"global","dataSourcefieldName":"secondaryHeaderColor","dataSourceKey":"BRANCH_STYLES","dataSourceModelName":"Branch_Styles"}},"background-color":{"isTransparent":false,"isChildTransparent":false},"fields":[{"type":"text","componentName":"","componentType":"input","class":"text-wrap","style":{"margin-top":"0px","margin-left":"0px","margin-right":"0px","margin-bottom":"0px","padding-top":"0px","padding-left":"0px","padding-right":"0px","padding-bottom":"0px","font-family":"Montserrat","font-size":".85em"},"hasChild":false,"id":1592336062729,"dynamicStyles":{"color":{"isDynamic":true,"dataSourceType":"global","dataSourcefieldName":"secondaryHeaderTextColor","dataSourceKey":"BRANCH_STYLES","dataSourceModelName":"Branch_Styles"}},"background-color":{"isTransparent":false,"isChildTransparent":false}}]}]},{"type":"flexlayout","componentName":"","componentType":"vbox","class":"sortable","direction":"vertical","align":"start","pack":"stretch","style":{"display":"flex","margin-top":"0px","margin-left":"0px","margin-right":"0px","margin-bottom":"0px","padding-top":"0px","padding-left":"0","padding-right":"0","padding-bottom":"8px"},"hasChild":false,"id":1603984069689,"childStyle":{},"dynamicStyles":{},"background-color":{"isTransparent":false,"isChildTransparent":false},"fields":[{"type":"text","componentName":"","componentType":"input","class":"text-wrap","style":{"margin-top":"0px","margin-left":"0px","margin-right":"0px","margin-bottom":"0px","padding-top":"0px","padding-left":"0px","padding-right":"0px","padding-bottom":"0px","font-family":"Montserrat","font-size":"1em","font-weight":"bold","grid-area":"1 / 1 / 5 / 5"},"hasChild":false,"id":1603984310154,"dynamicStyles":{"color":{"isDynamic":true,"dataSourceType":"global","dataSourcefieldName":"primaryBGColorText","dataSourceKey":"BRANCH_STYLES","dataSourceModelName":"Branch_Styles"}},"background-color":{"isTransparent":false,"isChildTransparent":false},"gridArea":"1 / 1 / 5 / 5"}]},{"type":"flexlayout","componentName":"","componentType":"vbox","class":"sortable","direction":"vertical","align":"start","pack":"stretch","style":{"height":"85px","display":"flex","margin-top":"0px","margin-left":"0px","margin-right":"0px","margin-bottom":"0px","overflow":"hidden"},"hasChild":false,"id":1592336062719,"childStyle":{},"dynamicStyles":{},"background-color":{"isTransparent":false,"isChildTransparent":false},"fields":[{"type":"text","componentName":"","componentType":"input","class":"text-wrap","style":{"height":"100%","margin-top":"0px","margin-left":"0px","margin-right":"0px","margin-bottom":"0px","padding-top":"0px","padding-left":"0px","padding-right":"0px","padding-bottom":"0px","font-family":"Montserrat","font-size":"12px","line-height":"1.3","custom-css":"whitespace: wrap","grid-area":"1 / 1 / 5 / 5"},"hasChild":false,"id":1603984185760,"dynamicStyles":{"color":{"isDynamic":true,"dataSourceType":"global","dataSourcefieldName":"primaryBGColorText","dataSourceKey":"BRANCH_STYLES","dataSourceModelName":"Branch_Styles"}},"background-color":{"isTransparent":false,"isChildTransparent":false},"gridArea":"1 / 1 / 5 / 5"}]}],"dynamicStyles":{},"background-color":{"isTransparent":false,"isChildTransparent":false}}],"dynamicStyles":{},"background-color":{"isTransparent":false,"isChildTransparent":false}}],"childStyle":{},"dynamicStyles":{},"background-color":{"isTransparent":false,"isChildTransparent":false}}],"rrCSSClass":[]}],"id":1592335313851,"gridLayoutProps":{"rows":1,"cols":1,"layOutRows":4,"layOutCols":4,"grids":["1 / 1 / 5 / 5"]},"childStyle":{},"dynamicStyles":{},"background-color":{"isTransparent":false,"isChildTransparent":false}},"portraitConfig":null,"landscapeConfig":null,"pageBuilderConfig":{"1592335313851":{"listeners":{"click":{"workflow":"","submit":false,"type":"workflow","success":{"type":"goTo","screenId":""}},"drag":{"workflow":"","submit":false}},"cssClassNamedataSourceType":"","hoverTxtdataSourceType":""},"1592335313852":{"listeners":{"click":{"workflow":"5f9ae44d8f08eee59b0a537b","submit":false,"type":"workflow","success":{"type":"goTo","screenId":""}},"drag":{"workflow":"","submit":false},"doubleclick":{"type":"workflow","success":{"type":"goTo","screenId":""}}},"hoverTxtdataSourceType":"","cssClassNamedataSourceType":""},"1592336062719":{"listeners":{"click":{"workflow":"","submit":false,"type":"workflow","success":{"type":"goTo","screenId":""}},"drag":{"workflow":"","submit":false},"doubleclick":{"type":"workflow","success":{"type":"goTo","screenId":""}}},"hoverTxtdataSourceType":""},"1592336062720":{"listeners":{"click":{"workflow":"","submit":false,"type":"workflow","success":{"type":"goTo","screenId":""}},"drag":{"workflow":"","submit":false},"doubleclick":{"type":"workflow","success":{"type":"goTo","screenId":""}}},"cssClassNamedataSourceType":"","hoverTxtdataSourceType":""},"1592336062729":{"listeners":{"click":{"workflow":"","submit":false,"type":"workflow","success":{"type":"goTo","screenId":""}},"doubleclick":{"type":"workflow","success":{"type":"goTo","screenId":""}}},"dataSourceType":"constant","dataSourcefieldName":"Collection Type","ellipsis":"","isRequiredKeydataSourceType":"","cssClassNamedataSourceType":"","enableTranslation":true},"1592336062718":{"listeners":{"click":{"workflow":"","submit":false,"type":"workflow","success":{"type":"goTo","screenId":""}},"drag":{"workflow":"","submit":false},"doubleclick":{"type":"workflow","success":{"type":"goTo","screenId":""}}},"hoverTxtdataSourceType":""},"1592336062723":{"listeners":{"click":{"workflow":"","submit":false,"type":"workflow","success":{"type":"goTo","screenId":""}},"drag":{"workflow":"","submit":false},"doubleclick":{"type":"workflow","success":{"type":"goTo","screenId":""}}},"hoverTxtdataSourceType":"","cssClassNamedataSourceType":""},"1603984069688":{"listeners":{"click":{"workflow":"","submit":false,"type":"workflow","success":{"type":"goTo","screenId":""}},"drag":{"workflow":"","submit":false},"doubleclick":{"type":"workflow","success":{"type":"goTo","screenId":""}}},"hoverTxtdataSourceType":"","cssClassNamedataSourceType":""},"1603984182143":{"listeners":{"click":{"workflow":"","submit":false,"type":"workflow","success":{"type":"goTo","screenId":""}},"doubleclick":{"type":"workflow","success":{"type":"goTo","screenId":""}}},"cssClassNamedataSourceType":"","dataSourceType":"pagemodel","dataSourcefieldName":"name","ellipsis":false,"isRequiredKeydataSourceType":"","enableTranslation":true},"1603984185760":{"listeners":{"click":{"workflow":"","submit":false,"type":"workflow","success":{"type":"goTo","screenId":""}},"doubleclick":{"type":"workflow","success":{"type":"goTo","screenId":""}}},"cssClassNamedataSourceType":"","dataSourceType":"pagemodel","dataSourcefieldName":"description","ellipsis":"","isRequiredKeydataSourceType":"","enableTranslation":true,"dataSourceKey":"CURRENT_STORE_COLLECTION","dataSourceModelName":"Store_Collections","hideTooltip":false},"1603984069689":{"listeners":{"click":{"workflow":"","submit":false,"type":"workflow","success":{"type":"goTo","screenId":""}},"drag":{"workflow":"","submit":false},"doubleclick":{"type":"workflow","success":{"type":"goTo","screenId":""}}},"hoverTxtdataSourceType":""},"1603984310154":{"listeners":{"click":{"workflow":"","submit":false,"type":"workflow","success":{"type":"goTo","screenId":""}},"doubleclick":{"type":"workflow","success":{"type":"goTo","screenId":""}}},"dataSourceType":"constant","dataSourcefieldName":"defaultFormat.price","ellipsis":"","isRequiredKeydataSourceType":"","cssClassNamedataSourceType":"","filter":"currency","symbol":"$","enableTranslation":true},"1657813643822":{"listeners":{"click":{"workflow":"","submit":false},"drag":{"workflow":"","submit":false},"panelResize":{"workflow":"","submit":false}}},"1657813643823":{"listeners":{"click":{"workflow":"","submit":false},"drag":{"workflow":"","submit":false},"panelResize":{"workflow":"","submit":false}}},"1657813643824":{"listeners":{"click":{"workflow":"","submit":false},"drag":{"workflow":"","submit":false},"panelResize":{"workflow":"","submit":false}}},"1657813643825":{"listeners":{"click":{"workflow":"","submit":false,"type":"workflow","success":{"type":"goTo","screenId":""}},"drag":{"workflow":"","submit":false},"panelResize":{"workflow":"","submit":false},"doubleclick":{"type":"workflow","success":{"type":"goTo","screenId":""}}},"cssClassNamedataSourceType":"","hoverTxtdataSourceType":""},"dataModel":"Store_Collections"},"gridLayoutConfig":{"cols":1,"rows":1,"gridgap":{"int":0,"unit":"em"},"autoflow":true,"explicit":{"colValues":"auto","rowValues":"auto"}},"savedId":null,"workInProgress":false,"status":null,"createdBy":null,"lastModifiedBy":null,"deleted":false,"customComponent":true,"style":false,"animation":false,"styleComponentType":null,"hidden":false,"hideDrawer":false,"lockOrientation":null,"screenShotData":null,"customComponentScreenShot":false,"eventMappings":null,"layoutRows":0,"layoutCols":0,"enableRuntimeConfiguration":false,"inputs":null,"timerWorkflowId":null,"timeInterval":0,"label":null,"leftArrowWorkflowId":null,"rightArrowWorkflowId":null,"bpmManaged":false,"category":null,"displaySeq":0,"rowCounter":0,"columnCounter":0,"aiHtml":null,"responsiveCSSProps":null,"customization":null,"pageData":null}]