[{"id":"5f4e59a08f086f27a2ab157d","companyId":"5f47ce0c8f0815394ff3bd8a","createdDate":1598970272321,"updatedDate":1722961564278,"versionId":0,"referenceId":null,"systemStatus":null,"updatedByUserId":"5f47ce0e8f0815394ff3be1b","updatedByUserName":"Josh Havens","systemStatusText":null,"name":"B612","fontURL":"https://fonts.googleapis.com/css2?family=B612:ital,wght@0,400;0,700;1,400;1,700&display=swap","fontNames":["B612"]},
{"id":"5f4e59c08f086f27a2ab157e","companyId":"5f47ce0c8f0815394ff3bd8a","createdDate":1598970304127,"updatedDate":1722961564278,"versionId":0,"referenceId":null,"systemStatus":null,"updatedByUserId":"5f47ce0e8f0815394ff3be1b","updatedByUserName":"Josh Havens","systemStatusText":null,"name":"Montserrat","fontURL":"https://fonts.googleapis.com/css2?family=Montserrat:ital,wght@0,100;0,200;0,300;0,400;0,500;0,600;0,700;0,800;0,900;1,100;1,200;1,300;1,400;1,500;1,600;1,700;1,800;1,900&display=swap","fontNames":["Montserrat"]}]