[{"modelName":"Jobs","companyId":"5f47ce0c8f0815394ff3bd8a","data":[{"_id":"6089d3818f08ddf7526ee672","enabled":false,"name":"User Status Update","wfId":"6089d3348f086cee67309ed5","createdBy":"5f47ce0e8f0815394ff3be1b","createdByName":"Josh Havens","sysName":"","sysImage":"","createdDate":1619645313599,"updatedDate":1619645313599,"sysTenantId":null},{"_id":"607099568f08d0d8501aca21","enabled":true,"name":"Course Status Update","wfId":"606dbf4f8f08c245e75c4bee","createdBy":"5f47ce0e8f0815394ff3be1b","createdByName":"Josh Havens","sysName":"","sysImage":"","createdDate":1617992022108,"updatedDate":1723149242686,"status":"COMPLETED - Dec 18, 2023 20:48:22 UTC","updatedBy":"System","updatedByName":"System ","recordsUpdated":9,"totalRecords":120,"recordsNotUpdated":111,"description":"This job will look at all courses with a status of 'UPCOMING' and enrollmentType of 'SCHEDULED'. If the start date is less than or equal to the current date, it will change the status to 'ACTIVE'.","sysTenantId":null},{"_id":"6070997e8f08d0d8501aca23","enabled":true,"name":"Student Course Enrollment Status Update","wfId":"6059f8a68f0800820d2eff6e","createdBy":"5f47ce0e8f0815394ff3be1b","createdByName":"Josh Havens","sysName":"","sysImage":"","createdDate":1617992062590,"updatedDate":1723149243010,"updatedBy":"System","updatedByName":"System ","recordsNotUpdated":25,"recordsUpdated":5,"status":"COMPLETED - Aug 8, 2024 20:34:02 UTC","totalRecords":30,"sysTenantId":null},{"_id":"642d999e8f086cf13a2fc533","createdBy":"623b7cad8f08f48aa9e85a93","createdByName":"Sean Stevens","createdDate":1680710046791,"enabled":true,"label":null,"labelKey":null,"name":"Program Status Update","recordsNotUpdated":2,"recordsUpdated":0,"seq":null,"status":"COMPLETED - Dec 18, 2023 20:48:22 UTC","sysContainerId":null,"sysImage":"","sysName":"","totalRecords":2,"updatedBy":"System","updatedByName":"System ","updatedDate":1723149242853,"wfId":"642d88bc8f08c677bd7dab6a","description":null,"sysTenantId":null}]}]