[{"modelName":"Lookup_MaritalStatus","companyId":"5f47ce0c8f0815394ff3bd8a","data":[{"_id":"65032d4e8f08f58c26f133dc","createdBy":"637bb0d98f08128776b12db6","createdByName":"Stephen Krueger","createdDate":1694707022342,"label":null,"labelKey":null,"language":null,"seq":1,"sysContainerId":null,"sysImage":"","sysName":"","updatedBy":"637bb0d98f08128776b12db6","updatedByName":"Stephen Krueger","updatedDate":1694707027111,"maritalStatus":"Single","sysTenantId":null},{"_id":"65032d5f8f08f58c26f133de","createdBy":"637bb0d98f08128776b12db6","createdByName":"Stephen Krueger","createdDate":1694707039637,"label":null,"labelKey":null,"language":null,"seq":2,"sysContainerId":null,"sysImage":"","sysName":"","updatedBy":"637bb0d98f08128776b12db6","updatedByName":"Stephen Krueger","updatedDate":1694707047008,"maritalStatus":"Married","sysTenantId":null},{"_id":"654c00518f08bb87fe08818a","createdBy":"623b7ccc8f08f48aa9e85b4c","createdByName":"Mark Bonham","createdDate":1699479633683,"label":null,"labelKey":null,"language":null,"seq":3,"sysContainerId":null,"sysImage":"","sysName":"","updatedBy":"623b7ccc8f08f48aa9e85b4c","updatedByName":"Mark Bonham","updatedDate":1699479665433,"maritalStatus":"Widowed","sysTenantId":null},{"_id":"654c00608f08bb87fe08818c","maritalStatus":"Divorced","createdBy":"623b7ccc8f08f48aa9e85b4c","createdByName":"Mark Bonham","sysName":"","sysImage":"","createdDate":1699479648416,"updatedDate":1699479669578,"seq":4,"updatedBy":"623b7ccc8f08f48aa9e85b4c","updatedByName":"Mark Bonham","sysTenantId":null}]}]