[{"modelName":"Menu_CourseViewer","companyId":"5f47ce0c8f0815394ff3bd8a","data":[{"_id":"5fac47578f0883dcf70634bf","name":"Home","status":"INITIAL","createdBy":"5f47ce0e8f0815394ff3be1b","createdByName":"Josh Havens","sysName":"","sysImage":"","createdDate":1605125975432,"updatedDate":1605126204416,"wfId":"5fac481d8f08eee59b0a77f9","updatedBy":"5f47ce0e8f0815394ff3be1b","updatedByName":"Josh Havens","sysTenantId":null},{"_id":"5fac475c8f0883dcf70634c2","name":"Activities","status":"INITIAL","createdBy":"5f47ce0e8f0815394ff3be1b","createdByName":"Josh Havens","sysName":"","sysImage":"","createdDate":1605125980928,"updatedDate":1607017477952,"wfId":"5fc922af8f0812e96d3e419e","updatedBy":"5fb2ad7d8f0883dcf70637ba","updatedByName":"Mark Bonham","sysTenantId":null},{"_id":"5fac47618f0883dcf70634c4","name":"Discussion","createdBy":"5f47ce0e8f0815394ff3be1b","createdByName":"Josh Havens","sysName":"","sysImage":"","createdDate":1605125985616,"updatedDate":1607017419308,"status":"INITIAL","updatedBy":"5fb2ad7d8f0883dcf70637ba","updatedByName":"Mark Bonham","wfId":"5fc922af8f0812e96d3e419e","sysTenantId":null}]}]