[{"modelName":"Menu_HomepageSectionTypes","companyId":"5f47ce0c8f0815394ff3bd8a","data":[{"_id":"5f356cece4b09666fd028b9a","name":"Title","type":"Title","typeIconURL":"https://gu-app-assets.s3.amazonaws.com/5e28c55de4b0dc635b34d8f5/5e737b8ee4b0b63905b5a3b6-settings.png","createdBy":"5e28c55ee4b0dc635b34d96c","createdByName":"Josh Havens","sysName":"","sysImage":"","createdDate":1597336812524,"updatedDate":1607026151099,"status":"INITIAL","updatedBy":"5f47ce0e8f0815394ff3be1b","updatedByName":"Josh Havens","sysTenantId":null},{"_id":"5f356d0be4b09666fd028b9c","name":"Featured Product","type":"Featured Product","typeIconURL":"https://gu-app-assets.s3.amazonaws.com/5e28c55de4b0dc635b34d8f5/5e737b8ee4b0b63905b5a3b6-settings.png","createdBy":"5e28c55ee4b0dc635b34d96c","createdByName":"Josh Havens","sysName":"","sysImage":"","createdDate":1597336843379,"updatedDate":1607026166924,"updatedBy":"5f47ce0e8f0815394ff3be1b","updatedByName":"Josh Havens","status":"COMING","sysTenantId":null},{"_id":"5f356d15e4b09666fd028b9e","name":"Featured Collection","type":"Featured Collection","typeIconURL":"https://gu-app-assets.s3.amazonaws.com/5e28c55de4b0dc635b34d8f5/5e737b8ee4b0b63905b5a3b6-settings.png","createdBy":"5e28c55ee4b0dc635b34d96c","createdByName":"Josh Havens","sysName":"","sysImage":"","createdDate":1597336853987,"updatedDate":1607026164707,"updatedBy":"5f47ce0e8f0815394ff3be1b","updatedByName":"Josh Havens","status":"COMING","sysTenantId":null},{"_id":"5f356d1de4b09666fd028ba0","name":"News","type":"News","typeIconURL":"https://gu-app-assets.s3.amazonaws.com/5e28c55de4b0dc635b34d8f5/5e737b8ee4b0b63905b5a3b6-settings.png","createdBy":"5e28c55ee4b0dc635b34d96c","createdByName":"Josh Havens","sysName":"","sysImage":"","createdDate":1597336861597,"updatedDate":1607026170068,"status":"COMING","updatedBy":"5f47ce0e8f0815394ff3be1b","updatedByName":"Josh Havens","sysTenantId":null},{"_id":"5f356d26e4b09666fd028ba2","name":"Collections","type":"Collections","typeIconURL":"https://gu-app-assets.s3.amazonaws.com/5e28c55de4b0dc635b34d8f5/5e737b8ee4b0b63905b5a3b6-settings.png","createdBy":"5e28c55ee4b0dc635b34d96c","createdByName":"Josh Havens","sysName":"","sysImage":"","createdDate":1597336870556,"updatedDate":1607026160307,"updatedBy":"5f47ce0e8f0815394ff3be1b","updatedByName":"Josh Havens","status":"COMING","sysTenantId":null},{"_id":"5f356d34e4b09666fd028ba4","name":"Media Left","type":"Media Left","typeIconURL":"https://gu-app-assets.s3.amazonaws.com/5e28c55de4b0dc635b34d8f5/5e737b8ee4b0b63905b5a3b6-settings.png","createdBy":"5e28c55ee4b0dc635b34d96c","createdByName":"Josh Havens","sysName":"","sysImage":"","createdDate":1597336884926,"updatedDate":1607026141245,"updatedBy":"5f47ce0e8f0815394ff3be1b","updatedByName":"Josh Havens","status":"INITIAL","sysTenantId":null},{"_id":"5f356d3de4b09666fd028ba6","name":"Media Center","type":"Media Center","typeIconURL":"https://gu-app-assets.s3.amazonaws.com/5e28c55de4b0dc635b34d8f5/5e737b8ee4b0b63905b5a3b6-settings.png","createdBy":"5e28c55ee4b0dc635b34d96c","createdByName":"Josh Havens","sysName":"","sysImage":"","createdDate":1597336893964,"updatedDate":1607026139261,"updatedBy":"5f47ce0e8f0815394ff3be1b","updatedByName":"Josh Havens","status":"INITIAL","sysTenantId":null},{"_id":"5f356d45e4b09666fd028ba8","name":"Media Right","type":"Media Right","typeIconURL":"https://gu-app-assets.s3.amazonaws.com/5e28c55de4b0dc635b34d8f5/5e737b8ee4b0b63905b5a3b6-settings.png","createdBy":"5e28c55ee4b0dc635b34d96c","createdByName":"Josh Havens","sysName":"","sysImage":"","createdDate":1597336901059,"updatedDate":1607026145174,"updatedBy":"5f47ce0e8f0815394ff3be1b","updatedByName":"Josh Havens","status":"INITIAL","sysTenantId":null},{"_id":"5f356d9de4b09666fd028bab","name":"Testimonies","type":"Testimonies","createdBy":"5e28c55ee4b0dc635b34d96c","createdByName":"Josh Havens","sysName":"","sysImage":"","createdDate":1597336989183,"updatedDate":1607026172411,"typeIconURL":"https://gu-app-assets.s3.amazonaws.com/5e28c55de4b0dc635b34d8f5/5e737b8ee4b0b63905b5a3b6-settings.png","updatedBy":"5f47ce0e8f0815394ff3be1b","updatedByName":"Josh Havens","status":"COMING","sysTenantId":null},{"_id":"5f356da6e4b09666fd028bae","name":"Custom","type":"Custom","typeIconURL":"https://gu-app-assets.s3.amazonaws.com/5e28c55de4b0dc635b34d8f5/5e737b8ee4b0b63905b5a3b6-settings.png","createdBy":"5e28c55ee4b0dc635b34d96c","createdByName":"Josh Havens","sysName":"","sysImage":"","createdDate":1597336998951,"updatedDate":1607026162764,"status":"COMING","updatedBy":"5f47ce0e8f0815394ff3be1b","updatedByName":"Josh Havens","sysTenantId":null}]}]