[{"modelName":"System_APIRequiredFields","companyId":"5f47ce0c8f0815394ff3bd8a","data":[{"_id":"644a9b928f082f7f2002af16","createdBy":"5f47ce0e8f0815394ff3be1b","createdByName":"Josh Havens","createdDate":1682611090433,"seq":null,"sysContainerId":null,"sysImage":"","sysName":"","updatedBy":null,"updatedByName":null,"updatedDate":1682611090433,"wfId":null,"modelName":"Store_Discount_Code","fields":[{"fieldName":"branchId","isRequired":true},{"fieldName":"code","isRequired":true},{"fieldName":"batchId","isRequired":true},{"fieldName":"discountId","isRequired":true},{"fieldName":"type","isRequired":true}],"sysTenantId":null}]}]