[{"id":"670e89aa2a7a96224a543f15","companyId":"5f47ce0c8f0815394ff3bd8a","createdDate":1729005995040,"updatedDate":1729005995040,"versionId":0,"referenceId":null,"systemStatus":null,"updatedByUserId":null,"updatedByUserName":null,"systemStatusText":null,"userTypes":null,"requirementIds":null,"name":"temp","sourceReferenceId":"66e478048f087b8dfd31c9b9","sourceReferenceAppId":null,"lockedByUserId":null,"lockedByUserName":null,"publicArtifact":false,"enableOffline":false,"locked":false,"canUnlock":false,"publishComment":null,"importantPublish":false,"appId":"670e87392a7a96224a543e77","type":"fldr","parentId":"670e87392a7a96224a543e77","childId":null},
{"id":"671fa4a92a7a96224a547a35","companyId":null,"createdDate":1730127017012,"updatedDate":1730127017012,"versionId":0,"referenceId":null,"systemStatus":null,"updatedByUserId":null,"updatedByUserName":null,"systemStatusText":null,"userTypes":null,"requirementIds":null,"name":"MRB KnowBase","sourceReferenceId":null,"sourceReferenceAppId":null,"lockedByUserId":null,"lockedByUserName":null,"publicArtifact":false,"enableOffline":false,"locked":false,"canUnlock":false,"publishComment":null,"importantPublish":false,"appId":"670e87392a7a96224a543e77","type":"fldr","parentId":"670e89aa2a7a96224a543f15","childId":null},
{"id":"671fa4d12a7a96224a547a36","companyId":null,"createdDate":1730127057151,"updatedDate":1730127057151,"versionId":0,"referenceId":null,"systemStatus":null,"updatedByUserId":null,"updatedByUserName":null,"systemStatusText":null,"userTypes":null,"requirementIds":null,"name":null,"sourceReferenceId":null,"sourceReferenceAppId":null,"lockedByUserId":null,"lockedByUserName":null,"publicArtifact":false,"enableOffline":false,"locked":false,"canUnlock":false,"publishComment":null,"importantPublish":false,"appId":"670e87392a7a96224a543e77","type":"dm","parentId":"671fa4a92a7a96224a547a35","childId":"67059d4c2a7a96224a5433e8"}]