[{"id":"670ec85a2a7a96224a54463d","companyId":"5f47ce0c8f0815394ff3bd8a","createdDate":1729022042943,"updatedDate":1729615080581,"versionId":0,"referenceId":null,"systemStatus":null,"updatedByUserId":"5fa999cf8f08eee59b0a70e1","updatedByUserName":"Mark Bonham","systemStatusText":null,"userTypes":[],"requirementIds":[],"name":"Knowledge_Base","sourceReferenceId":null,"sourceReferenceAppId":null,"lockedByUserId":null,"lockedByUserName":null,"publicArtifact":false,"enableOffline":false,"locked":false,"canUnlock":false,"publishComment":null,"importantPublish":false,"appId":"670e87392a7a96224a543e77","dataModel":"Knowledge_Base","inputDataModel":"API_KnowledgeBaseRequest","operator":"and","relationshipOperator":"and","onlySelectedFields":false,"dynamicSearchCriteria":true,"dynamicCriteriaFieldName":"list","relationshipFilters":null,"selectFields":null,"sortFields":[{"modelLabel":null,"fieldName":"updatedDate","sortOrder":-1,"seq":1,"dynamicFieldName":false}],"conditions":null,"relationFilterFieldName":null,"limit":0,"randomizeResults":false,"hidden":false,"platformObjects":false,"dynamicDataModel":false,"dataModelField":null,"platformObjectName":null,"inputRecordModel":null,"inputRecordField":null,"allRelations":false,"relatedDataModel":null,"relationName":null,"outputDataModel":null,"outputFieldName":null,"sourceDatabase":null,"aggregation":false,"multipleModels":false,"joinModels":null,"joinConditions":null,"deletedData":false,"auditData":false,"auditRecordIdField":null,"aggregationFields":null,"groupFields":null,"createScreen":false,"pageId":null,"pageModelName":null,"pageModelId":null,"securityConditions":null}]