[{"id":"5f650c158f08fa2136c6343b","companyId":"5f47ce0c8f0815394ff3bd8a","createdDate":0,"updatedDate":1722961563154,"versionId":0,"referenceId":null,"systemStatus":null,"updatedByUserId":"5f47ce0e8f0815394ff3be1b","updatedByUserName":"Josh Havens","systemStatusText":null,"userTypes":null,"requirementIds":null,"name":"Test Theme","sourceReferenceId":null,"sourceReferenceAppId":null,"lockedByUserId":null,"lockedByUserName":null,"publicArtifact":false,"enableOffline":false,"locked":false,"canUnlock":false,"publishComment":null,"importantPublish":false,"appId":"5f47f6158f0814ff0a917552","type":"border","seq":0,"notes":null,"custom":false,"styles":{"border":"2px","border-width":"","border-top-width":"","border-bottom-width":"2px","border-left-width":"","border-right-width":"","border-style":"solid","border-color":"rgb(242, 229, 229)","border-radius":""}},
{"id":"5fd134258f083d64b7c1fb85","companyId":"5f47ce0c8f0815394ff3bd8a","createdDate":1607545893997,"updatedDate":1722961563154,"versionId":0,"referenceId":null,"systemStatus":null,"updatedByUserId":"5fa999cf8f08eee59b0a70e1","updatedByUserName":"Mark Bonham","systemStatusText":null,"userTypes":null,"requirementIds":null,"name":"Box shadow Theme","sourceReferenceId":null,"sourceReferenceAppId":null,"lockedByUserId":null,"lockedByUserName":null,"publicArtifact":false,"enableOffline":false,"locked":false,"canUnlock":false,"publishComment":null,"importantPublish":false,"appId":"5f4fc2a18f08da0fdb37c051","type":"box-shadow","seq":0,"notes":null,"custom":false,"styles":{"box-shadow":"0px 5px 5px grey;"}},
{"id":"5fd8f5e48f083d64b7c20560","companyId":"5f47ce0c8f0815394ff3bd8a","createdDate":0,"updatedDate":1722961563155,"versionId":0,"referenceId":null,"systemStatus":null,"updatedByUserId":"5fa999cf8f08eee59b0a70e1","updatedByUserName":"Mark Bonham","systemStatusText":null,"userTypes":null,"requirementIds":null,"name":"Main BG","sourceReferenceId":null,"sourceReferenceAppId":null,"lockedByUserId":null,"lockedByUserName":null,"publicArtifact":false,"enableOffline":false,"locked":false,"canUnlock":false,"publishComment":null,"importantPublish":false,"appId":"5f47f6258f0814ff0a91755e","type":"background","seq":0,"notes":null,"custom":false,"styles":{"background-color":"rgb(244, 244, 244)"}},
{"id":"5fd8f6148f083d64b7c20561","companyId":"5f47ce0c8f0815394ff3bd8a","createdDate":1608054292855,"updatedDate":1722961563155,"versionId":0,"referenceId":null,"systemStatus":null,"updatedByUserId":"5fa999cf8f08eee59b0a70e1","updatedByUserName":"Mark Bonham","systemStatusText":null,"userTypes":null,"requirementIds":null,"name":"Main Text Color","sourceReferenceId":null,"sourceReferenceAppId":null,"lockedByUserId":null,"lockedByUserName":null,"publicArtifact":false,"enableOffline":false,"locked":false,"canUnlock":false,"publishComment":null,"importantPublish":false,"appId":"5f47f6258f0814ff0a91755e","type":"font","seq":0,"notes":null,"custom":false,"styles":{"font-family":"Montserrat","color":"","font-size":"","font-style":"normal","font-weight":"","line-height":"","letter-spacing":""}},
{"id":"5fedf9858f083d64b7c20e1c","companyId":"5f47ce0c8f0815394ff3bd8a","createdDate":0,"updatedDate":1722961563156,"versionId":0,"referenceId":null,"systemStatus":null,"updatedByUserId":"5fa999cf8f08eee59b0a70e1","updatedByUserName":"Mark Bonham","systemStatusText":null,"userTypes":null,"requirementIds":null,"name":"Header Font MRB","sourceReferenceId":null,"sourceReferenceAppId":null,"lockedByUserId":null,"lockedByUserName":null,"publicArtifact":false,"enableOffline":false,"locked":false,"canUnlock":false,"publishComment":null,"importantPublish":false,"appId":"5f4fc2a18f08da0fdb37c051","type":"font","seq":0,"notes":null,"custom":false,"styles":{"font-family":"Montserrat","color":"rgb(4, 255, 0)","font-size":"2rem","font-style":"normal","font-weight":"","line-height":"","letter-spacing":""}},
{"id":"5fedf9ca8f083d64b7c20e1d","companyId":"5f47ce0c8f0815394ff3bd8a","createdDate":1609431498694,"updatedDate":1722961563156,"versionId":0,"referenceId":null,"systemStatus":null,"updatedByUserId":"5fa999cf8f08eee59b0a70e1","updatedByUserName":"Mark Bonham","systemStatusText":null,"userTypes":null,"requirementIds":null,"name":"Header Background MRB","sourceReferenceId":null,"sourceReferenceAppId":null,"lockedByUserId":null,"lockedByUserName":null,"publicArtifact":false,"enableOffline":false,"locked":false,"canUnlock":false,"publishComment":null,"importantPublish":false,"appId":"5f4fc2a18f08da0fdb37c051","type":"background","seq":1,"notes":null,"custom":false,"styles":{"background-color":"rgb(0, 53, 139)"}}]