[{"id":"670e89aa2a7a96224a543f16","companyId":"5f47ce0c8f0815394ff3bd8a","createdDate":1729006106025,"updatedDate":1729006106025,"versionId":7,"referenceId":null,"systemStatus":"P","updatedByUserId":"5fa999cf8f08eee59b0a70e1","updatedByUserName":"Mark Bonham","systemStatusText":null,"userTypes":null,"requirementIds":null,"name":"API_KnowledgeBaseRequest","sourceReferenceId":"6706d2f22a7a96224a543464","sourceReferenceAppId":"5e3c7705e4b0dc635b34e645","lockedByUserId":null,"lockedByUserName":null,"publicArtifact":true,"enableOffline":false,"locked":false,"canUnlock":false,"publishComment":"public","importantPublish":false,"appId":"670e87392a7a96224a543e77","folderId":"","initializer":null,"triggerType":"workflow","flow":[],"createdBy":null,"lastModifiedBy":null,"objectsMap":{"1584107743827":{"id":"1584107743827","type":"startObject","value":null,"taskName":"Start","triggerType":"workflow","addedToConfig":true,"painted":true,"position":{},"taskNotes":"<p><br></p>","modelName":"API_KnowledgeBaseRequest","desc":"API_KnowledgeBaseRequest"},"15841077438271000":{"id":"15841077438271000","parent":"1584107808357switchEnd","systemExit":true,"type":"return","returnType":"return","taskName":"Exit","label":"","addedToConfig":false,"painted":false,"position":{},"taskNotes":"<p><br></p>","urlType":"constant","desc":"Return","outputTask":"1584107764135"},"1584107764135":{"id":"1584107764135","type":"createDataObject","position":{},"condition":"API_MainResponse","mapping":[{"name":"status","valueType":"constant","value":"SUCCESS","fieldType":"String","list":false,"rr_dynamic_field_name_type":"","fromModel":""}],"label":"","taskName":"API_MainResponse","parent":"1584107743827","painted":false,"taskNotes":"<p><br></p>","addedToConfig":false},"1584107808357switchEnd":{"id":"1584107808357switchEnd","switchId":"1584107808357","parent":"1728682006966caseEnd","position":{},"type":"switchEnd","taskName":"Switch End","painted":false,"addedToConfig":false},"1584107808357":{"id":"1584107808357","type":"wfSwitch","position":{},"label":"","expressionType":"variable","taskName":"Action","parent":"1584107764135","painted":false,"taskNotes":"<p><br></p>","inputTask":"rr_page_data","inputValue":"action","addedToConfig":false},"1584108389082":{"id":"1584108389082","switchId":"1584107808357","type":"wfCase","position":{},"label":"","operator":"equals","taskName":"ADD","parent":"1584107808357","painted":false,"taskNotes":"<p><br></p>","caseValue":"ADD","addedToConfig":false},"1584108389082caseEnd":{"id":"1584108389082caseEnd","caseId":"1584108389082","switchId":"1584107808357","parent":"1584108389084","position":{},"type":"caseEnd","taskName":"Break","painted":false,"addedToConfig":false,"taskNotes":"<p><br></p>"},"1584108389083":{"id":"1584108389083","type":"workflow","position":{},"workflowId":"670e89aa2a7a96224a543f17","workflowName":"API_KnowledgeBase_Add","workflowType":"serverFlow","label":"","taskName":"API_ContentVaultAdd","parent":"1584108389082","painted":false,"callType":"sync","taskNotes":"<p><br></p>","inputTask":"rr_page_data","inputValue":null,"addedToConfig":false,"outputDataModel":"API_MainResponse"},"1584108389084":{"id":"1584108389084","type":"dataTransfer","position":{},"source":"mddui_page_input_data","sourceType":"page","sourceVariable":"rr_page_data","targetType":"page","target":"1584107764135","targetVariable":null,"resultVariable":null,"mapping":[{"name":"rr_this_object","valueType":"variable","value":"rr_this_object","fieldType":"Object","list":false,"rr_dynamic_field_name_type":"","fromModel":"API_MainResponse","source":"1584108389083"}],"label":"","taskName":"Update Model in Memory","parent":"1584108389083","painted":false,"taskNotes":"<p><br></p>","condition":"API_MainResponse","addedToConfig":false},"1584108425762":{"id":"1584108425762","switchId":"1584107808357","type":"wfCase","position":{},"label":"","operator":"equals","taskName":"GET","parent":"1584108389082caseEnd","painted":false,"taskNotes":"<p><br></p>","caseValue":"GET","addedToConfig":false},"1584108425762caseEnd":{"id":"1584108425762caseEnd","caseId":"1584108425762","switchId":"1584107808357","parent":"1584108425767","position":{},"type":"caseEnd","taskName":"Break","painted":false,"addedToConfig":false,"taskNotes":"<p><br></p>"},"1584108425766":{"id":"1584108425766","type":"workflow","position":{},"workflowId":"670e89aa2a7a96224a543f18","workflowName":"API_KnowledgeBase_Get","workflowType":"serverFlow","label":"","taskName":"API_ContentVaultGet","parent":"1584108425762","painted":false,"callType":"sync","taskNotes":"<p><br></p>","inputTask":"rr_page_data","inputValue":null,"addedToConfig":false,"outputDataModel":"API_MainResponse"},"1584108425767":{"id":"1584108425767","type":"dataTransfer","position":{},"source":"mddui_page_input_data","sourceType":"page","sourceVariable":"rr_page_data","targetType":"page","target":"1584107764135","targetVariable":null,"resultVariable":null,"mapping":[{"name":"rr_this_object","valueType":"variable","value":"rr_this_object","fieldType":"Object","list":false,"rr_dynamic_field_name_type":"","fromModel":"API_MainResponse","source":"1584108425766"}],"label":"","taskName":"Update Model in Memory","parent":"1584108425766","painted":false,"taskNotes":"<p><br></p>","condition":"API_MainResponse","addedToConfig":false},"1584108449469":{"id":"1584108449469","switchId":"1584107808357","type":"wfCase","position":{},"label":"","operator":"equals","taskName":"EDIT","parent":"1584108425762caseEnd","painted":false,"taskNotes":"<p><br></p>","caseValue":"EDIT","addedToConfig":false},"1584108449469caseEnd":{"id":"1584108449469caseEnd","caseId":"1584108449469","switchId":"1584107808357","parent":"1584108449477","position":{},"type":"caseEnd","taskName":"Break","painted":false,"addedToConfig":false,"taskNotes":"<p><br></p>"},"1584108449476":{"id":"1584108449476","type":"workflow","position":{},"workflowId":"670e89aa2a7a96224a543f19","workflowName":"API_Knowledge_Base_Edit","workflowType":"serverFlow","label":"","taskName":"API_KnowledgeBase_Edit","parent":"1584108449469","painted":false,"callType":"sync","taskNotes":"<p><br></p>","inputTask":"rr_page_data","inputValue":null,"addedToConfig":false,"outputDataModel":"API_MainResponse"},"1584108449477":{"id":"1584108449477","type":"dataTransfer","position":{},"source":"mddui_page_input_data","sourceType":"page","sourceVariable":"rr_page_data","targetType":"page","target":"1584107764135","targetVariable":null,"resultVariable":null,"mapping":[{"name":"rr_this_object","valueType":"variable","value":"rr_this_object","fieldType":"Object","list":false,"rr_dynamic_field_name_type":"","fromModel":"API_MainResponse","source":"1584108449476"}],"label":"","taskName":"Update Model in Memory","parent":"1584108449476","painted":false,"taskNotes":"<p><br></p>","condition":"API_MainResponse","addedToConfig":false},"1584108470734":{"id":"1584108470734","switchId":"1584107808357","type":"wfCase","position":{},"label":"","operator":"equals","taskName":"DELETE","parent":"1584108449469caseEnd","painted":false,"taskNotes":"<p><br></p>","caseValue":"DELETE","addedToConfig":false},"1584108470734caseEnd":{"id":"1584108470734caseEnd","caseId":"1584108470734","switchId":"1584107808357","parent":"1584108470745","position":{},"type":"caseEnd","taskName":"Break","painted":false,"addedToConfig":false,"taskNotes":"<p><br></p>"},"1584108470744":{"id":"1584108470744","type":"workflow","position":{},"workflowId":"670e89aa2a7a96224a543f1a","workflowName":"API_Knowledge_Delete","workflowType":"serverFlow","label":"","taskName":"API_ContentVaultDelete","parent":"1584108470734","painted":false,"callType":"sync","taskNotes":"<p><br></p>","inputTask":"rr_page_data","inputValue":null,"addedToConfig":false,"outputDataModel":"API_MainResponse"},"1584108470745":{"id":"1584108470745","type":"dataTransfer","position":{},"source":"mddui_page_input_data","sourceType":"page","sourceVariable":"rr_page_data","targetType":"page","target":"1584107764135","targetVariable":null,"resultVariable":null,"mapping":[{"name":"rr_this_object","valueType":"variable","value":"rr_this_object","fieldType":"Object","list":false,"rr_dynamic_field_name_type":"","fromModel":"API_MainResponse","source":"1584108470744"}],"label":"","taskName":"Update Model in Memory","parent":"1584108470744","painted":false,"taskNotes":"<p><br></p>","condition":"API_MainResponse","addedToConfig":false},"1728682006966":{"id":"1728682006966","switchId":"1584107808357","type":"wfCase","position":{},"label":"","operator":"equals","taskName":"SEARCH","parent":"1584108470734caseEnd","painted":false,"taskNotes":"<p><br></p>","caseValue":"SEARCH","addedToConfig":false},"1728682006966caseEnd":{"id":"1728682006966caseEnd","caseId":"1728682006966","switchId":"1584107808357","parent":"1728682006968","position":{},"type":"caseEnd","taskName":"Break","painted":false,"addedToConfig":false,"taskNotes":"<p><br></p>"},"1728682006967":{"id":"1728682006967","type":"workflow","position":{},"workflowId":"670e89aa2a7a96224a543f1b","workflowName":"API_KnowledgeBase_Search","workflowType":"serverFlow","label":"","taskName":"API_ContentVaultDelete","parent":"1728682006966","painted":false,"callType":"sync","taskNotes":"<p><br></p>","inputTask":"rr_page_data","inputValue":null,"addedToConfig":false,"outputDataModel":"API_MainResponse"},"1728682006968":{"id":"1728682006968","type":"dataTransfer","position":{},"source":"mddui_page_input_data","sourceType":"page","sourceVariable":"rr_page_data","targetType":"page","target":"1584107764135","targetVariable":null,"resultVariable":null,"mapping":[{"name":"rr_this_object","valueType":"variable","value":"rr_this_object","fieldType":"Object","list":false,"rr_dynamic_field_name_type":"","fromModel":"API_MainResponse","source":"1728682006967"}],"label":"","taskName":"Update Model in Memory","parent":"1728682006967","painted":false,"taskNotes":"<p><br></p>","condition":"API_MainResponse","addedToConfig":false}},"decisionsMap":{},"active":false,"scheduler":false,"savedId":null,"workInProgress":false,"uiFLow":false,"startTaskId":"1584107743827","shouldSecure":false,"allowExecutionForAll":false,"testCase":false,"testSuite":false,"sequence":1,"internal":false,"triggeredFromBpm":false,"inputModel":"API_KnowledgeBaseRequest","outputModel":null,"appName":null},
{"id":"670e89aa2a7a96224a543f17","companyId":"5f47ce0c8f0815394ff3bd8a","createdDate":1729183176951,"updatedDate":1729183176951,"versionId":5,"referenceId":null,"systemStatus":"P","updatedByUserId":"5fa999cf8f08eee59b0a70e1","updatedByUserName":"Mark Bonham","systemStatusText":null,"userTypes":null,"requirementIds":null,"name":"API_KnowledgeBase_Add","sourceReferenceId":"6706e1352a7a96224a5434e5","sourceReferenceAppId":"5e3c7705e4b0dc635b34e645","lockedByUserId":null,"lockedByUserName":null,"publicArtifact":false,"enableOffline":false,"locked":false,"canUnlock":false,"publishComment":"types","importantPublish":false,"appId":"670e87392a7a96224a543e77","folderId":"","initializer":null,"triggerType":"workflow","flow":[],"createdBy":null,"lastModifiedBy":null,"objectsMap":{"1597943487147":{"id":"1597943487147","type":"startObject","value":null,"taskName":"Start","triggerType":"workflow","addedToConfig":true,"painted":true,"position":{},"taskNotes":"<p><br></p>","modelName":"API_KnowledgeBaseRequest","desc":"API_KnowledgeBaseRequest"},"15979434871471000":{"id":"15979434871471000","parent":"1597943665417switchEnd","systemExit":true,"type":"return","returnType":"return","taskName":"Exit","label":"","addedToConfig":false,"painted":false,"position":{},"taskNotes":"<p><br></p>","desc":"Return","outputTask":"1597943510883"},"1597943510883":{"id":"1597943510883","type":"createDataObject","position":{},"condition":"API_MainResponse","mapping":[{"name":"status","valueType":"constant","value":"SUCCESS - API_KnowledgeBase_Add","fieldType":"String","list":false,"rr_dynamic_field_name_type":"","fromModel":""}],"label":"","taskName":"API_MainResponse","parent":"1597943487147","painted":false,"addedToConfig":false,"taskNotes":"<p><br></p>"},"1597943665417switchEnd":{"id":"1597943665417switchEnd","switchId":"1597943665417","parent":"1597948376058caseEnd","position":{},"type":"switchEnd","taskName":"Switch End","painted":false,"addedToConfig":false},"1597943665417":{"id":"1597943665417","type":"wfSwitch","position":{},"label":"","expressionType":"variable","taskName":"actionType","parent":"1597943510883","painted":false,"addedToConfig":false,"taskNotes":"<p><br></p>","inputTask":"rr_page_data","inputValue":"actionType"},"1597948376058caseEnd":{"id":"1597948376058caseEnd","caseId":"1597948376058","switchId":"1597943665417","parent":"1597951822948_end","position":{},"type":"caseEnd","taskName":"Break","painted":false,"addedToConfig":false,"taskNotes":"<p><br></p>"},"1597948376058":{"id":"1597948376058","switchId":"1597943665417","type":"wfCase","position":{},"label":"","operator":"equals","taskName":"KNOWLEDGE","parent":"1597943665417","painted":false,"taskNotes":"<p><br></p>","caseValue":"KNOWLEDGE","addedToConfig":false},"1597951640631":{"id":"1597951640631","type":"createDataObject","position":{},"condition":"Knowledge_Base","mapping":[{"name":"rr_this_object","valueType":"variable","value":"object","fieldType":null,"list":null,"rr_dynamic_field_name_type":"","fromModel":"API_KnowledgeBaseRequest","source":"rr_page_data"}],"label":"","taskName":"Create Knowledge Base","parent":"1597948376058","painted":false,"taskNotes":"<p><br></p>","addedToConfig":false},"1597951799964":{"id":"1597951799964","type":"persist","position":{},"source":null,"target":null,"mapping":null,"label":"","taskName":"Save Data","parent":"1729180715647_end","isMerge":true,"taskNotes":"<p><br></p>","inputTask":"1597951640631","inputValue":null,"modelName":"Knowledge_Base","ignoreSecurity":true,"addedToConfig":false,"painted":false},"1597951822948_end":{"id":"1597951822948_end","decisionId":"1597951822948","position":{},"type":"decisionEnd","painted":false,"addedToConfig":false},"1597951822948_success_start":{"id":"1597951822948_success_start","decisionId":"1597951822948","parent":"1597951822948","position":{},"type":"decisionSucessStart","painted":false,"addedToConfig":false},"1597951822948_failure_start":{"id":"1597951822948_failure_start","decisionId":"1597951822948","parent":"1597951822948","position":{},"type":"decisionFailureStart","painted":false,"addedToConfig":false},"1597951822948_success_end":{"id":"1597951822948_success_end","decisionId":"1597951822948","parent":"1597952043043","position":{},"type":"decisionSucessEnd","painted":false,"addedToConfig":false},"1597951822948_failure_end":{"id":"1597951822948_failure_end","decisionId":"1597951822948","parent":"1597951849578","position":{},"type":"decisionFailureEnd","painted":false,"addedToConfig":false},"1597951822948":{"id":"1597951822948","type":"decision","newMapping":true,"position":{},"condition":null,"serviceName":null,"serviceType":null,"operator":"and","mapping":[{"sourceType":"notNull","sourceValue":null,"source":"1597951799964","sourceFieldType":null,"sourceModel":"Branch_News","isSourceList":null,"targetType":"variable","targetValue":null,"target":null,"targetFieldType":null,"targetModel":"","isTargetList":null,"comparator":null}],"label":"","parent":"1597951799964","painted":false,"taskNotes":"<p><br></p>","addedToConfig":false},"1597951849578":{"id":"1597951849578","type":"service","value":"Utility Function","serviceType":"internal","position":{},"label":"","callType":"async","taskName":"Local Service","parent":"1597951886099","painted":false,"desc":"Utility Function","taskNotes":"<p><br></p>","utilityFunctionId":"addToList","inputTask":"1597951886099","inputValue":null,"targetTask":"1597943510883","targetValue":"reasons","addedToConfig":false,"addAtIndexType":"constant","addAtIndex":false},"1597951886099":{"id":"1597951886099","type":"expression","position":{},"expression":[{"type":"data","source":"constant","value":"KnowledgeBase not Saved"}],"targetVariable":null,"label":"","taskName":"Expression","parent":"1597951966506","painted":false,"taskNotes":"<p><br></p>","expressionType":"string","outputTask":"","addedToConfig":false},"1597951966506":{"id":"1597951966506","type":"dataTransfer","position":{},"source":"mddui_page_input_data","sourceType":"page","sourceVariable":"rr_page_data","targetType":"page","target":"1597943510883","targetVariable":null,"resultVariable":null,"mapping":[{"name":"status","valueType":"constant","value":"FAILED","fieldType":"String","list":false,"rr_dynamic_field_name_type":"","fromModel":""}],"label":"","taskName":"Update Model in Memory","parent":"1597951822948_failure_start","painted":false,"taskNotes":"<p><br></p>","condition":"API_MainResponse","addedToConfig":false},"1597952043043":{"id":"1597952043043","type":"dataTransfer","position":{},"source":"mddui_page_input_data","sourceType":"page","sourceVariable":"rr_page_data","targetType":"page","target":"1597943510883","targetVariable":null,"resultVariable":null,"mapping":[{"name":"object","valueType":"variable","value":"rr_this_object","fieldType":"Object","list":false,"rr_dynamic_field_name_type":"","fromModel":"Knowledge_Base","source":"1597951799964"}],"label":"","taskName":"Update Model in Memory","parent":"1597951822948_success_start","painted":false,"taskNotes":"<p><br></p>","condition":"API_MainResponse","addedToConfig":false,"showAllFields":false},"1729180715647_end":{"id":"1729180715647_end","decisionId":"1729180715647","position":{},"type":"decisionEnd","painted":false,"addedToConfig":false},"1729180715647_success_start":{"id":"1729180715647_success_start","decisionId":"1729180715647","parent":"1729180715647","position":{},"type":"decisionSucessStart","painted":false,"addedToConfig":false},"1729180715647_failure_start":{"id":"1729180715647_failure_start","decisionId":"1729180715647","parent":"1729180715647","position":{},"type":"decisionFailureStart","painted":false,"addedToConfig":false},"1729180715647_success_end":{"id":"1729180715647_success_end","decisionId":"1729180715647","parent":"1729183148710_end","position":{},"type":"decisionSucessEnd","painted":false,"addedToConfig":false},"1729180715647_failure_end":{"id":"1729180715647_failure_end","decisionId":"1729180715647","parent":"1729180844570","position":{},"type":"decisionFailureEnd","painted":false,"addedToConfig":false},"1729180715647":{"id":"1729180715647","type":"decision","newMapping":true,"position":{},"condition":null,"serviceName":null,"serviceType":null,"operator":"or","mapping":[{"sourceType":"variable","sourceValue":"youtubeURL","source":"1597951640631","sourceFieldType":"String","sourceModel":"Knowledge_Base","isSourceList":false,"targetType":"constant","targetValue":"","target":null,"targetFieldType":null,"targetModel":"","isTargetList":null,"comparator":"notEmpty"},{"sourceType":"variable","sourceValue":"vimeoURL","source":"1597951640631","sourceFieldType":"String","sourceModel":"Knowledge_Base","isSourceList":false,"targetType":"constant","targetValue":"","target":null,"targetFieldType":null,"targetModel":"","isTargetList":null,"comparator":"notEmpty"}],"label":"","parent":"1597951640631","painted":false,"taskNotes":"<p><br></p>","addedToConfig":false},"1729180844570":{"id":"1729180844570","type":"dataTransfer","position":{},"source":"mddui_page_input_data","sourceType":"page","sourceVariable":"rr_page_data","targetType":"page","target":"1597951640631","targetVariable":null,"resultVariable":null,"mapping":[{"name":"type","valueType":"constant","value":"Text","fieldType":"String","list":false,"rr_dynamic_field_name_type":"","fromModel":""}],"label":"","taskName":"Update Model in Memory","parent":"1729180715647_failure_start","painted":false,"taskNotes":"<p><br></p>","condition":"Knowledge_Base","showAllFields":false,"addedToConfig":false},"1729183099913_end":{"id":"1729183099913_end","decisionId":"1729183099913","position":{"top":403,"left":1015},"type":"decisionEnd","painted":false,"taskNotes":"<p><br></p>","addedToConfig":false},"1729183099913_success_start":{"id":"1729183099913_success_start","decisionId":"1729183099913","parent":"1729183099913","position":{"top":403,"left":1015},"type":"decisionSucessStart","painted":false,"addedToConfig":false},"1729183099913_failure_start":{"id":"1729183099913_failure_start","decisionId":"1729183099913","parent":"1729183099913","position":{"top":403,"left":1015},"type":"decisionFailureStart","painted":false,"addedToConfig":false},"1729183099913_success_end":{"id":"1729183099913_success_end","decisionId":"1729183099913","parent":"1729183130756","position":{"top":403,"left":1015},"type":"decisionSucessEnd","painted":false,"addedToConfig":false},"1729183099913_failure_end":{"id":"1729183099913_failure_end","decisionId":"1729183099913","parent":"1729183099913_failure_start","position":{"top":403,"left":1015},"type":"decisionFailureEnd","painted":false,"addedToConfig":false},"1729183099913":{"id":"1729183099913","type":"decision","newMapping":true,"position":{"top":403,"left":1015},"condition":null,"serviceName":null,"serviceType":null,"operator":"and","mapping":[{"sourceType":"variable","sourceValue":"youtubeURL","source":"1597951640631","sourceFieldType":"String","sourceModel":"Knowledge_Base","isSourceList":false,"targetType":"variable","targetValue":null,"target":null,"targetFieldType":null,"targetModel":"","isTargetList":null,"comparator":"notEmpty"}],"label":"","parent":"1729180715647_success_start","painted":false,"taskNotes":"<p><br></p>","addedToConfig":false},"1729183130756":{"id":"1729183130756","type":"dataTransfer","position":{},"source":"mddui_page_input_data","sourceType":"page","sourceVariable":"rr_page_data","targetType":"page","target":"1597951640631","targetVariable":null,"resultVariable":null,"mapping":[{"name":"type","valueType":"constant","value":"YouTube","fieldType":"String","list":false,"rr_dynamic_field_name_type":"","fromModel":""}],"label":"","taskName":"Update Model in Memory","parent":"1729183099913_success_start","painted":false,"taskNotes":"<p><br></p>","condition":"Knowledge_Base","showAllFields":false,"addedToConfig":false},"1729183148710":{"id":"1729183148710","type":"decision","newMapping":true,"position":{"top":403,"left":1015},"condition":null,"serviceName":null,"serviceType":null,"operator":"and","mapping":[{"sourceType":"variable","sourceValue":"vimeoURL","source":"1597951640631","sourceFieldType":"String","sourceModel":"Knowledge_Base","isSourceList":false,"targetType":"variable","targetValue":null,"target":null,"targetFieldType":null,"targetModel":"","isTargetList":null,"comparator":"notEmpty"}],"label":"","parent":"1729183099913_end","painted":false,"taskNotes":"<p><br></p>","addedToConfig":false},"1729183148710_end":{"id":"1729183148710_end","decisionId":"1729183148710","position":{"top":403,"left":1015},"type":"decisionEnd","painted":false,"taskNotes":"<p><br></p>","addedToConfig":false},"1729183148710_success_start":{"id":"1729183148710_success_start","decisionId":"1729183148710","parent":"1729183148710","position":{"top":403,"left":1015},"type":"decisionSucessStart","painted":false,"addedToConfig":false},"1729183148710_failure_start":{"id":"1729183148710_failure_start","decisionId":"1729183148710","parent":"1729183148710","position":{"top":403,"left":1015},"type":"decisionFailureStart","painted":false,"addedToConfig":false},"1729183148710_success_end":{"id":"1729183148710_success_end","decisionId":"1729183148710","parent":"1729183148712","position":{"top":403,"left":1015},"type":"decisionSucessEnd","painted":false,"addedToConfig":false},"1729183148710_failure_end":{"id":"1729183148710_failure_end","decisionId":"1729183148710","parent":"1729183148710_failure_start","position":{"top":403,"left":1015},"type":"decisionFailureEnd","painted":false,"addedToConfig":false},"1729183148712":{"id":"1729183148712","type":"dataTransfer","position":{},"source":"mddui_page_input_data","sourceType":"page","sourceVariable":"rr_page_data","targetType":"page","target":"1597951640631","targetVariable":null,"resultVariable":null,"mapping":[{"name":"type","valueType":"constant","value":"Vimeo","fieldType":"String","list":false,"rr_dynamic_field_name_type":"","fromModel":""}],"label":"","taskName":"Update Model in Memory","parent":"1729183148710_success_start","painted":false,"taskNotes":"<p><br></p>","condition":"Knowledge_Base","showAllFields":false,"addedToConfig":false}},"decisionsMap":{"1597951822948":{"success":"1597951822948_success_start","failure":"1597951822948_failure_start","successEnd":"1597951822948_success_end","failureEnd":"1597951822948_failure_end","end":"1597951822948_end","root":true},"1729180715647":{"success":"1729180715647_success_start","failure":"1729180715647_failure_start","successEnd":"1729180715647_success_end","failureEnd":"1729180715647_failure_end","end":"1729180715647_end","root":false},"1729183099913":{"success":"1729183099913_success_start","failure":"1729183099913_failure_start","successEnd":"1729183099913_success_end","failureEnd":"1729183099913_failure_end","end":"1729183099913_end","root":false},"1729183148710":{"root":false,"success":"1729183148710_success_start","failure":"1729183148710_failure_start","successEnd":"1729183148710_success_end","failureEnd":"1729183148710_failure_end","end":"1729183148710_end"}},"active":false,"scheduler":false,"savedId":null,"workInProgress":false,"uiFLow":false,"startTaskId":"1597943487147","shouldSecure":true,"allowExecutionForAll":false,"testCase":false,"testSuite":false,"sequence":1,"internal":false,"triggeredFromBpm":false,"inputModel":"API_KnowledgeBaseRequest","outputModel":null,"appName":null},
{"id":"670e89aa2a7a96224a543f18","companyId":"5f47ce0c8f0815394ff3bd8a","createdDate":1729095660172,"updatedDate":1729095660172,"versionId":5,"referenceId":null,"systemStatus":"P","updatedByUserId":"5fa999cf8f08eee59b0a70e1","updatedByUserName":"Mark Bonham","systemStatusText":null,"userTypes":null,"requirementIds":null,"name":"API_KnowledgeBase_Get","sourceReferenceId":"6706e3f92a7a96224a5434ed","sourceReferenceAppId":"5e3c7705e4b0dc635b34e645","lockedByUserId":null,"lockedByUserName":null,"publicArtifact":false,"enableOffline":false,"locked":false,"canUnlock":false,"publishComment":"dfsadfsadfs","importantPublish":false,"appId":"670e87392a7a96224a543e77","folderId":"","initializer":null,"triggerType":"workflow","flow":[],"createdBy":null,"lastModifiedBy":null,"objectsMap":{"1598023054684":{"id":"1598023054684","type":"startObject","value":null,"taskName":"Start","triggerType":"workflow","addedToConfig":true,"painted":true,"position":{},"taskNotes":"<p><br></p>","modelName":"API_KnowledgeBaseRequest","desc":"API_KnowledgeBaseRequest","output":"API_MainResponse"},"15980230546841000":{"id":"15980230546841000","parent":"1728661048527switchEnd","systemExit":true,"type":"return","returnType":"return","taskName":"Exit","label":"","addedToConfig":false,"painted":false,"position":{},"taskNotes":"<p><br></p>","desc":"Return","outputTask":"1598023826382"},"1598023826382":{"id":"1598023826382","type":"createDataObject","position":{},"condition":"API_MainResponse","mapping":[{"name":"status","valueType":"constant","value":"SUCCESS API_KnowledgeBase_Get","fieldType":"String","list":false,"rr_dynamic_field_name_type":"","fromModel":""}],"label":"","taskName":"API_MainResponse","parent":"1598023054684","painted":false,"taskNotes":"<p><br></p>","addedToConfig":false},"1728661048527switchEnd":{"id":"1728661048527switchEnd","switchId":"1728661048527","parent":"1728663390119caseEnd","position":{},"type":"switchEnd","taskName":"Switch End","painted":false,"addedToConfig":false},"1728661048527":{"id":"1728661048527","type":"wfSwitch","position":{},"label":"","expressionType":"variable","taskName":"Switch","parent":"1598023826382","painted":false,"taskNotes":"<p><br></p>","inputTask":"rr_page_data","inputValue":"actionType","addedToConfig":false},"1728661182298caseEnd":{"id":"1728661182298caseEnd","caseId":"1728661182298","switchId":"1728661048527","parent":"1728661191558_end","position":{},"type":"caseEnd","taskName":"Break","painted":false,"taskNotes":"<p><br></p>","addedToConfig":false},"1728661182298":{"id":"1728661182298","switchId":"1728661048527","type":"wfCase","position":{},"label":"","operator":"equals","taskName":"KNOWLEDGE_BASE","parent":"1728661048527","painted":false,"taskNotes":"<p><br></p>","caseValue":"KNOWLEDGE_BASE","addedToConfig":false},"1728661187025":{"id":"1728661187025","type":"query","position":{},"source":null,"target":null,"mapping":[{"name":"_id","valueType":"variable","value":null,"fieldType":"String","list":false,"fromModel":"","comparator":"notEmpty"}],"label":"","filterBy":"criteria","searchOption":"many","operator":"and","taskName":"Query Find All","parent":"1728661182298","painted":false,"taskNotes":"<p><br></p>","ignoreSecurity":true,"queryType":"dynamic","relationshipMapping":[],"selectFields":[],"sortFields":[],"modelName":"Knowledge_Base","addedToConfig":false},"1728661191558":{"id":"1728661191558","type":"decision","newMapping":true,"position":{},"condition":null,"serviceName":null,"serviceType":null,"operator":"and","mapping":[{"sourceType":"notNull","sourceValue":null,"source":"1728661187025","sourceFieldType":null,"sourceModel":"Knowledge_Base","isSourceList":null,"targetType":"variable","targetValue":null,"target":null,"targetFieldType":null,"targetModel":"","isTargetList":null,"comparator":null}],"label":"","parent":"1728661187025","painted":false,"taskNotes":"<p><br></p>","addedToConfig":false},"1728661191558_end":{"id":"1728661191558_end","decisionId":"1728661191558","position":{},"type":"decisionEnd","painted":false,"addedToConfig":false},"1728661191558_success_start":{"id":"1728661191558_success_start","decisionId":"1728661191558","parent":"1728661191558","position":{},"type":"decisionSucessStart","painted":false,"addedToConfig":false},"1728661191558_failure_start":{"id":"1728661191558_failure_start","decisionId":"1728661191558","parent":"1728661191558","position":{},"type":"decisionFailureStart","painted":false,"addedToConfig":false},"1728661191558_success_end":{"id":"1728661191558_success_end","decisionId":"1728661191558","parent":"1728661191565","position":{},"type":"decisionSucessEnd","painted":false,"addedToConfig":false},"1728661191558_failure_end":{"id":"1728661191558_failure_end","decisionId":"1728661191558","parent":"1728661191570","position":{},"type":"decisionFailureEnd","painted":false,"addedToConfig":false},"1728661191565":{"id":"1728661191565","type":"service","value":"Utility Function","serviceType":"internal","position":{},"label":"","callType":"async","taskName":"Add All to List","parent":"1728661191558_success_start","painted":false,"desc":"Utility Function","taskNotes":"<p><br></p>","utilityFunctionId":"addAllToList","inputTask":"1728661187025","inputValue":null,"targetTask":"1598023826382","targetValue":"list","addedToConfig":false,"addAtIndexType":"constant","addAtIndex":false},"1728661191568":{"id":"1728661191568","type":"dataTransfer","position":{},"source":"mddui_page_input_data","sourceType":"page","sourceVariable":"rr_page_data","targetType":"page","target":"1598023826382","targetVariable":null,"resultVariable":null,"mapping":[{"name":"status","valueType":"constant","value":"FAILED","fieldType":"String","list":false,"rr_dynamic_field_name_type":"","fromModel":""}],"label":"","taskName":"Update Model in Memory","parent":"1728661191558_failure_start","painted":false,"taskNotes":"<p><br></p>","condition":"API_MainResponse","addedToConfig":false},"1728661191569":{"id":"1728661191569","type":"expression","position":{},"expression":[{"type":"data","source":"constant","value":"No Knowledge found"}],"targetVariable":null,"label":"","taskName":"No Knowledge Found","parent":"1728661191568","painted":false,"taskNotes":"<p><br></p>","expressionType":"string","addedToConfig":false},"1728661191570":{"id":"1728661191570","type":"service","value":"Utility Function","serviceType":"internal","position":{},"label":"","callType":"async","taskName":"Local Service","parent":"1728661191569","painted":false,"desc":"Utility Function","taskNotes":"<p><br></p>","utilityFunctionId":"addToList","inputTask":"1728661191569","inputValue":null,"targetTask":"1598023826382","targetValue":"reasons","addedToConfig":false,"addAtIndexType":"constant","addAtIndex":false},"1728663390119":{"id":"1728663390119","switchId":"1728661048527","type":"wfCase","position":{},"label":"","operator":"equals","taskName":"KNOWLEDGE","parent":"1728661182298caseEnd","painted":false,"taskNotes":"<p><br></p>","caseValue":"KNOWLEDGE","addedToConfig":false},"1728663390119caseEnd":{"id":"1728663390119caseEnd","caseId":"1728663390119","switchId":"1728661048527","parent":"1728663390133_end","position":{},"type":"caseEnd","taskName":"Break","painted":false,"taskNotes":"<p><br></p>","addedToConfig":false},"1728663390132":{"id":"1728663390132","type":"query","position":{},"source":null,"target":null,"mapping":[{"name":"_id","valueType":"variable","value":"contentId","fieldType":"String","list":false,"fromModel":"API_KnowledgeBaseRequest","comparator":"equals","source":"rr_page_data"}],"label":"","filterBy":"criteria","searchOption":"one","operator":"and","taskName":"Query Find One","parent":"1728663390119","painted":false,"taskNotes":"<p><br></p>","ignoreSecurity":true,"queryType":"dynamic","relationshipMapping":[],"selectFields":[],"sortFields":[],"modelName":"Knowledge_Base","addedToConfig":false},"1728663390133":{"id":"1728663390133","type":"decision","newMapping":true,"position":{},"condition":null,"serviceName":null,"serviceType":null,"operator":"and","mapping":[{"sourceType":"notNull","sourceValue":null,"source":"1728663390132","sourceFieldType":null,"sourceModel":"Knowledge_Base","isSourceList":null,"targetType":"variable","targetValue":null,"target":null,"targetFieldType":null,"targetModel":"","isTargetList":null,"comparator":null}],"label":"","parent":"1728663390132","painted":false,"taskNotes":"<p><br></p>","addedToConfig":false},"1728663390133_end":{"id":"1728663390133_end","decisionId":"1728663390133","position":{},"type":"decisionEnd","painted":false,"addedToConfig":false},"1728663390133_success_start":{"id":"1728663390133_success_start","decisionId":"1728663390133","parent":"1728663390133","position":{},"type":"decisionSucessStart","painted":false,"addedToConfig":false},"1728663390133_failure_start":{"id":"1728663390133_failure_start","decisionId":"1728663390133","parent":"1728663390133","position":{},"type":"decisionFailureStart","painted":false,"addedToConfig":false},"1728663390133_success_end":{"id":"1728663390133_success_end","decisionId":"1728663390133","parent":"1728663519264","position":{},"type":"decisionSucessEnd","painted":false,"addedToConfig":false},"1728663390133_failure_end":{"id":"1728663390133_failure_end","decisionId":"1728663390133","parent":"1728663390139","position":{},"type":"decisionFailureEnd","painted":false,"addedToConfig":false},"1728663390137":{"id":"1728663390137","type":"dataTransfer","position":{},"source":"mddui_page_input_data","sourceType":"page","sourceVariable":"rr_page_data","targetType":"page","target":"1598023826382","targetVariable":null,"resultVariable":null,"mapping":[{"name":"status","valueType":"constant","value":"FAILED","fieldType":"String","list":false,"rr_dynamic_field_name_type":"","fromModel":""}],"label":"","taskName":"Update Model in Memory","parent":"1728663390133_failure_start","painted":false,"taskNotes":"<p><br></p>","condition":"API_MainResponse","addedToConfig":false},"1728663390138":{"id":"1728663390138","type":"expression","position":{},"expression":[{"type":"data","source":"constant","value":"No Knowledge found"}],"targetVariable":null,"label":"","taskName":"No Knowledge Found","parent":"1728663390137","painted":false,"taskNotes":"<p><br></p>","expressionType":"string","addedToConfig":false},"1728663390139":{"id":"1728663390139","type":"service","value":"Utility Function","serviceType":"internal","position":{},"label":"","callType":"async","taskName":"Local Service","parent":"1728663390138","painted":false,"desc":"Utility Function","taskNotes":"<p><br></p>","utilityFunctionId":"addToList","inputTask":"1728663390138","inputValue":null,"targetTask":"1598023826382","targetValue":"reasons","addedToConfig":false,"addAtIndexType":"constant","addAtIndex":false},"1728663519264":{"id":"1728663519264","type":"dataTransfer","position":{},"source":"mddui_page_input_data","sourceType":"page","sourceVariable":"rr_page_data","targetType":"page","target":"1598023826382","targetVariable":null,"resultVariable":null,"mapping":[{"name":"object","valueType":"variable","value":"rr_this_object","fieldType":"Object","list":false,"rr_dynamic_field_name_type":"","fromModel":"Knowledge_Base","source":"1728663390132"}],"label":"","taskName":"Update Model in Memory","parent":"1728663390133_success_start","painted":false,"taskNotes":"<p><br></p>","condition":"API_MainResponse","addedToConfig":false}},"decisionsMap":{"1728661191558":{"root":false,"success":"1728661191558_success_start","failure":"1728661191558_failure_start","successEnd":"1728661191558_success_end","failureEnd":"1728661191558_failure_end","end":"1728661191558_end"},"1728663390133":{"root":false,"success":"1728663390133_success_start","failure":"1728663390133_failure_start","successEnd":"1728663390133_success_end","failureEnd":"1728663390133_failure_end","end":"1728663390133_end"}},"active":false,"scheduler":false,"savedId":null,"workInProgress":false,"uiFLow":false,"startTaskId":"1598023054684","shouldSecure":true,"allowExecutionForAll":false,"testCase":false,"testSuite":false,"sequence":1,"internal":false,"triggeredFromBpm":false,"inputModel":"API_KnowledgeBaseRequest","outputModel":"API_MainResponse","appName":null},
{"id":"670e89aa2a7a96224a543f19","companyId":"5f47ce0c8f0815394ff3bd8a","createdDate":1729006561259,"updatedDate":1729006561259,"versionId":3,"referenceId":null,"systemStatus":"P","updatedByUserId":"5fa999cf8f08eee59b0a70e1","updatedByUserName":"Mark Bonham","systemStatusText":null,"userTypes":null,"requirementIds":null,"name":"API_KnowledgeBase_Edit","sourceReferenceId":"67083ae82a7a96224a5437ac","sourceReferenceAppId":"5e3c7705e4b0dc635b34e645","lockedByUserId":null,"lockedByUserName":null,"publicArtifact":false,"enableOffline":false,"locked":false,"canUnlock":false,"publishComment":"small changes","importantPublish":false,"appId":"670e87392a7a96224a543e77","folderId":"","initializer":null,"triggerType":"workflow","flow":[],"createdBy":null,"lastModifiedBy":null,"objectsMap":{"1582819314162":{"id":"1582819314162","type":"startObject","value":null,"taskName":"Start","triggerType":"workflow","addedToConfig":true,"painted":true,"position":{},"taskNotes":"<p><br></p>","modelName":"API_KnowledgeBaseRequest","desc":"API_KnowledgeBaseRequest","output":"API_MainResponse"},"15828193141621000":{"id":"15828193141621000","parent":"1582831698295switchEnd","systemExit":true,"type":"return","returnType":"return","taskName":"Exit","label":"","addedToConfig":false,"painted":false,"position":{},"taskNotes":"<p><br></p>","desc":"Return","outputTask":"1582831173318"},"1582831173318":{"id":"1582831173318","type":"createDataObject","position":{},"condition":"API_MainResponse","mapping":[{"name":"status","valueType":"constant","value":"SUCCESS - API_Knowledge_Base_Edit","fieldType":"String","list":false,"rr_dynamic_field_name_type":"","fromModel":""}],"label":"","taskName":"API_MainResponse","parent":"1582819314162","painted":false,"taskNotes":"<p><br></p>","addedToConfig":false},"1582831698295switchEnd":{"id":"1582831698295switchEnd","switchId":"1582831698295","parent":"1582831715019caseEnd","position":{},"type":"switchEnd","taskName":"Switch End","painted":false,"addedToConfig":false,"taskNotes":"<p><br></p>"},"1582831698295":{"id":"1582831698295","type":"wfSwitch","position":{},"label":"","expressionType":"variable","taskName":"Type","parent":"1582831173318","painted":false,"taskNotes":"<p><br></p>","inputTask":"rr_page_data","inputValue":"actionType","addedToConfig":false},"1582831715019caseEnd":{"id":"1582831715019caseEnd","caseId":"1582831715019","switchId":"1582831698295","parent":"1583179787983_end","position":{},"type":"caseEnd","taskName":"Break","painted":false,"addedToConfig":false,"taskNotes":"<p><br></p>"},"1582831715019":{"id":"1582831715019","switchId":"1582831698295","type":"wfCase","position":{},"label":"","operator":"equals","taskName":"KNOWLEDGE","parent":"1582831698295","painted":false,"taskNotes":"<p><br></p>","caseValue":"KNOWLEDGE","addedToConfig":false},"1583179787983_end":{"id":"1583179787983_end","decisionId":"1583179787983","position":{},"type":"decisionEnd","painted":false,"addedToConfig":false,"taskNotes":"<p><br></p>"},"1583179787983_success_start":{"id":"1583179787983_success_start","decisionId":"1583179787983","parent":"1583179787983","position":{},"type":"decisionSucessStart","painted":false,"addedToConfig":false},"1583179787983_failure_start":{"id":"1583179787983_failure_start","decisionId":"1583179787983","parent":"1583179787983","position":{},"type":"decisionFailureStart","painted":false,"addedToConfig":false},"1583179787983_success_end":{"id":"1583179787983_success_end","decisionId":"1583179787983","parent":"1583180336610_end","position":{},"type":"decisionSucessEnd","painted":false,"addedToConfig":false},"1583179787983_failure_end":{"id":"1583179787983_failure_end","decisionId":"1583179787983","parent":"1583180024332","position":{},"type":"decisionFailureEnd","painted":false,"addedToConfig":false},"1583179787983":{"id":"1583179787983","type":"decision","newMapping":true,"position":{},"condition":null,"serviceName":null,"serviceType":null,"operator":"and","mapping":[{"sourceType":"notNull","sourceValue":null,"source":"1583180467468","sourceFieldType":null,"sourceModel":"Course_ContentSection","isSourceList":null,"targetType":"variable","targetValue":null,"target":null,"targetFieldType":null,"targetModel":"","isTargetList":null,"comparator":null}],"label":"","parent":"1728594770705","painted":false,"taskNotes":"<p><br></p>","addedToConfig":false},"1583179949754":{"id":"1583179949754","type":"dataTransfer","position":{},"source":"mddui_page_input_data","sourceType":"page","sourceVariable":"rr_page_data","targetType":"page","target":"1582831173318","targetVariable":null,"resultVariable":null,"mapping":[{"name":"status","valueType":"constant","value":"FAILED","fieldType":"String","list":false,"rr_dynamic_field_name_type":"","fromModel":""}],"label":"","taskName":"Update Model in Memory","parent":"1583180000818","painted":false,"taskNotes":"<p><br></p>","condition":"API_MainResponse","addedToConfig":false},"1583180000818":{"id":"1583180000818","type":"expression","position":{},"expression":[{"type":"data","source":"constant","value":"No Knowledge Base Found"}],"targetVariable":null,"label":"","taskName":"No Knowledge Base Found","parent":"1583179787983_failure_start","painted":false,"taskNotes":"<p><br></p>","outputVariable":"","expressionType":"string","addedToConfig":false},"1583180024332":{"id":"1583180024332","type":"service","value":"Utility Function","serviceType":"internal","position":{},"label":"","callType":"async","taskName":"Add Reason to List","parent":"1583179949754","painted":false,"desc":"Utility Function","taskNotes":"<p><br></p>","utilityFunctionId":"addToList","inputTask":"1583180000818","inputValue":null,"targetTask":"1582831173318","targetValue":"reasons","addedToConfig":false,"addAtIndexType":"constant","addAtIndex":false},"1583180324344":{"id":"1583180324344","type":"persist","position":{},"source":null,"target":null,"mapping":null,"label":"","taskName":"Save Knowledge","parent":"1583179787983_success_start","isMerge":true,"taskNotes":"<p><br></p>","inputTask":"1583180467468","inputValue":null,"modelName":"Knowledge_Base","ignoreSecurity":true,"addedToConfig":false,"painted":false},"1583180336610_end":{"id":"1583180336610_end","decisionId":"1583180336610","position":{},"type":"decisionEnd","painted":false,"addedToConfig":false,"taskNotes":"<p><br></p>"},"1583180336610_success_start":{"id":"1583180336610_success_start","decisionId":"1583180336610","parent":"1583180336610","position":{},"type":"decisionSucessStart","painted":false,"addedToConfig":false},"1583180336610_failure_start":{"id":"1583180336610_failure_start","decisionId":"1583180336610","parent":"1583180336610","position":{},"type":"decisionFailureStart","painted":false,"addedToConfig":false},"1583180336610_success_end":{"id":"1583180336610_success_end","decisionId":"1583180336610","parent":"1603222831029","position":{},"type":"decisionSucessEnd","painted":false,"addedToConfig":false},"1583180336610_failure_end":{"id":"1583180336610_failure_end","decisionId":"1583180336610","parent":"1583180405134","position":{},"type":"decisionFailureEnd","painted":false,"addedToConfig":false},"1583180336610":{"id":"1583180336610","type":"decision","newMapping":true,"position":{},"condition":null,"serviceName":null,"serviceType":null,"operator":"and","mapping":[{"sourceType":"notNull","sourceValue":null,"source":"1583180324344","sourceFieldType":null,"sourceModel":"Knowledge_Base","isSourceList":null,"targetType":"variable","targetValue":null,"target":null,"targetFieldType":null,"targetModel":"","isTargetList":null,"comparator":null}],"label":"","parent":"1583180324344","painted":false,"taskNotes":"<p><br></p>","addedToConfig":false},"1583180360241":{"id":"1583180360241","type":"expression","position":{},"expression":[{"type":"data","source":"constant","value":"Knowledge Base Not Saved"}],"targetVariable":null,"label":"","taskName":"Knowledge Not Saved","parent":"1583180336610_failure_start","painted":false,"taskNotes":"<p><br></p>","outputVariable":"","expressionType":"string","addedToConfig":false},"1583180389300":{"id":"1583180389300","type":"dataTransfer","position":{},"source":"mddui_page_input_data","sourceType":"page","sourceVariable":"rr_page_data","targetType":"page","target":"1582831173318","targetVariable":null,"resultVariable":null,"mapping":[{"name":"status","valueType":"constant","value":"FAILED","fieldType":"String","list":false,"rr_dynamic_field_name_type":"","fromModel":""}],"label":"","taskName":"Update Model in Memory","parent":"1583180360241","painted":false,"taskNotes":"<p><br></p>","condition":"API_MainResponse","addedToConfig":false},"1583180405134":{"id":"1583180405134","type":"service","value":"Utility Function","serviceType":"internal","position":{},"label":"","callType":"async","taskName":"Add Reason to List","parent":"1583180389300","painted":false,"desc":"Utility Function","taskNotes":"<p><br></p>","utilityFunctionId":"addToList","inputTask":"1583180360241","inputValue":null,"targetTask":"1582831173318","targetValue":"reasons","addedToConfig":false,"addAtIndexType":"constant","addAtIndex":false},"1583180467468":{"id":"1583180467468","type":"createDataObject","position":{},"condition":"Knowledge_Base","mapping":[{"name":"rr_this_object","valueType":"variable","value":"object","fieldType":null,"list":null,"rr_dynamic_field_name_type":"","fromModel":"API_KnowledgeBaseRequest","rr_dynamic_field_name_model":"","source":"rr_page_data"}],"label":"","taskName":"Create Knowledge_Base","parent":"1582831715019","painted":false,"taskNotes":"<p><br></p>","addedToConfig":false},"1598634109200":{"id":"1598634109200","type":"service","value":"Utility Function","serviceType":"internal","position":{},"label":"","callType":"async","taskName":"Add Reason to List","parent":"1728595133448","painted":false,"desc":"Utility Function","taskNotes":"<p><br></p>","utilityFunctionId":"addToList","inputTask":"1728595133448","inputValue":null,"targetTask":"1582831173318","targetValue":"reasons","addedToConfig":false,"addAtIndexType":"constant","addAtIndex":false},"1603222831029":{"id":"1603222831029","type":"dataTransfer","position":{},"source":"mddui_page_input_data","sourceType":"page","sourceVariable":"rr_page_data","targetType":"page","target":"1582831173318","targetVariable":null,"resultVariable":null,"mapping":[{"name":"object","valueType":"variable","value":"rr_this_object","fieldType":"Object","list":false,"rr_dynamic_field_name_type":"","fromModel":"Knowledge_Base","source":"1583180324344"}],"label":"","taskName":"Update Model in Memory","parent":"1598634109200","painted":false,"taskNotes":"<p><br></p>","condition":"API_MainResponse","addedToConfig":false},"1728594770705":{"id":"1728594770705","type":"query","position":{},"source":null,"target":null,"mapping":[{"name":"_id","valueType":"variable","value":"_id","fieldType":"String","list":false,"fromModel":"Knowledge_Base","comparator":"equals","source":"1583180467468"}],"label":"","filterBy":"criteria","searchOption":"one","operator":"and","taskName":"Knowledge Base","parent":"1583180467468","painted":false,"taskNotes":"<p><br></p>","ignoreSecurity":true,"queryType":"dynamic","relationshipMapping":[],"modelName":"Knowledge_Base","addedToConfig":false,"selectFields":[],"sortFields":[]},"1728595133448":{"id":"1728595133448","type":"expression","position":{},"expression":[{"type":"data","source":"constant","value":"Knowledge Base Saved"}],"targetVariable":null,"label":"","taskName":"Knowledge Saved","parent":"1583180336610_success_start","painted":false,"taskNotes":"<p><br></p>","outputVariable":"","expressionType":"string","addedToConfig":false}},"decisionsMap":{"1583179787983":{"success":"1583179787983_success_start","failure":"1583179787983_failure_start","successEnd":"1583179787983_success_end","failureEnd":"1583179787983_failure_end","end":"1583179787983_end","root":true},"1583180336610":{"success":"1583180336610_success_start","failure":"1583180336610_failure_start","successEnd":"1583180336610_success_end","failureEnd":"1583180336610_failure_end","end":"1583180336610_end","root":false}},"active":false,"scheduler":false,"savedId":null,"workInProgress":false,"uiFLow":false,"startTaskId":"1582819314162","shouldSecure":true,"allowExecutionForAll":false,"testCase":false,"testSuite":false,"sequence":1,"internal":false,"triggeredFromBpm":false,"inputModel":"API_KnowledgeBaseRequest","outputModel":"API_MainResponse","appName":null},
{"id":"670e89aa2a7a96224a543f1a","companyId":"5f47ce0c8f0815394ff3bd8a","createdDate":1729260561573,"updatedDate":1729260561573,"versionId":5,"referenceId":null,"systemStatus":"P","updatedByUserId":"5fa999cf8f08eee59b0a70e1","updatedByUserName":"Mark Bonham","systemStatusText":null,"userTypes":null,"requirementIds":null,"name":"API_KnowledgeBase_Delete","sourceReferenceId":"670993ed2a7a96224a543b92","sourceReferenceAppId":"5e3c7705e4b0dc635b34e645","lockedByUserId":null,"lockedByUserName":null,"publicArtifact":false,"enableOffline":false,"locked":false,"canUnlock":false,"publishComment":"bv","importantPublish":false,"appId":"670e87392a7a96224a543e77","folderId":"","initializer":null,"triggerType":"workflow","flow":[],"createdBy":null,"lastModifiedBy":null,"objectsMap":{"1598018521423":{"id":"1598018521423","type":"startObject","value":null,"taskName":"Start","triggerType":"workflow","addedToConfig":true,"painted":true,"position":{},"taskNotes":"<p><br></p>","modelName":"API_KnowledgeBaseRequest","desc":"API_KnowledgeBaseRequest","output":"API_MainResponse"},"15980185214231000":{"id":"15980185214231000","parent":"1598018592907switchEnd","systemExit":true,"type":"return","returnType":"return","taskName":"Exit","label":"","addedToConfig":false,"painted":false,"position":{},"taskNotes":"<p><br></p>","desc":"Return","outputTask":"1598018552390"},"1598018552390":{"id":"1598018552390","type":"createDataObject","position":{},"condition":"API_MainResponse","mapping":[{"name":"status","valueType":"constant","value":"SUCCESS API_KnowledgeBase_Delete","fieldType":"String","list":false,"rr_dynamic_field_name_type":"","fromModel":""}],"label":"","taskName":"API_MainResponse","parent":"1598018521423","painted":false,"taskNotes":"<p><br></p>","addedToConfig":false},"1598018592907switchEnd":{"id":"1598018592907switchEnd","switchId":"1598018592907","parent":"1598018603930caseEnd","position":{},"type":"switchEnd","taskName":"Switch End","painted":false,"addedToConfig":false},"1598018592907":{"id":"1598018592907","type":"wfSwitch","position":{},"label":"","expressionType":"variable","taskName":"Switch","parent":"1598018552390","painted":false,"addedToConfig":false,"taskNotes":"<p><br></p>","inputTask":"rr_page_data","inputValue":"actionType"},"1598018603930caseEnd":{"id":"1598018603930caseEnd","caseId":"1598018603930","switchId":"1598018592907","parent":"1598019618534_end","position":{},"type":"caseEnd","taskName":"Break","painted":false,"addedToConfig":false},"1598018603930":{"id":"1598018603930","switchId":"1598018592907","type":"wfCase","position":{},"label":"","operator":"equals","taskName":"Knowledge","parent":"1598018592907","painted":false,"taskNotes":"<p><br></p>","caseValue":"KNOWLEDGE","addedToConfig":false},"1598018644946":{"id":"1598018644946","type":"query","position":{},"source":null,"target":null,"mapping":[{"name":"_id","valueType":"variable","value":"contentId","fieldType":"String","list":false,"fromModel":"API_KnowledgeBaseRequest","comparator":"equals","source":"rr_page_data"}],"label":"","filterBy":"criteria","searchOption":"one","operator":"and","taskName":"Query KnowledgeBase","parent":"1598018603930","painted":false,"taskNotes":"<p><br></p>","queryType":"dynamic","relationshipMapping":[],"modelName":"Knowledge_Base","addedToConfig":false,"ignoreSecurity":true,"selectFields":[],"sortFields":[]},"1598019618534_end":{"id":"1598019618534_end","decisionId":"1598019618534","position":{},"type":"decisionEnd","painted":false,"addedToConfig":false},"1598019618534_success_start":{"id":"1598019618534_success_start","decisionId":"1598019618534","parent":"1598019618534","position":{},"type":"decisionSucessStart","painted":false,"addedToConfig":false},"1598019618534_failure_start":{"id":"1598019618534_failure_start","decisionId":"1598019618534","parent":"1598019618534","position":{},"type":"decisionFailureStart","painted":false,"addedToConfig":false},"1598019618534_success_end":{"id":"1598019618534_success_end","decisionId":"1598019618534","parent":"1598022403646_end","position":{},"type":"decisionSucessEnd","painted":false,"addedToConfig":false},"1598019618534_failure_end":{"id":"1598019618534_failure_end","decisionId":"1598019618534","parent":"1598020112544","position":{},"type":"decisionFailureEnd","painted":false,"addedToConfig":false},"1598019618534":{"id":"1598019618534","type":"decision","newMapping":true,"position":{},"condition":null,"serviceName":null,"serviceType":null,"operator":"and","mapping":[{"sourceType":"notNull","sourceValue":null,"source":"1598018644946","sourceFieldType":null,"sourceModel":"Knowledge_Base","isSourceList":null,"targetType":"variable","targetValue":null,"target":null,"targetFieldType":null,"targetModel":"","isTargetList":null,"comparator":null}],"label":"","parent":"1598018644946","painted":false,"addedToConfig":false,"taskNotes":"<p><br></p>"},"1598020099784":{"id":"1598020099784","type":"dataTransfer","position":{},"source":"mddui_page_input_data","sourceType":"page","sourceVariable":"rr_page_data","targetType":"page","target":"1598018552390","targetVariable":null,"resultVariable":null,"mapping":[{"name":"status","valueType":"constant","value":"FAILED","fieldType":"String","list":false,"rr_dynamic_field_name_type":"","fromModel":""}],"label":"","taskName":"Update Model in Memory","parent":"1598019618534_failure_start","painted":false,"taskNotes":"<p><br></p>","condition":"API_MainResponse","addedToConfig":false},"1598020105440":{"id":"1598020105440","type":"expression","position":{},"expression":[{"type":"data","source":"constant","value":"Knowledge not found"}],"targetVariable":null,"label":"","taskName":"Knowledge not Found","parent":"1598020099784","painted":false,"taskNotes":"<p><br></p>","expressionType":"string","addedToConfig":false},"1598020112544":{"id":"1598020112544","type":"service","value":"Utility Function","serviceType":"internal","position":{},"label":"","callType":"async","taskName":"Add Reason to List","parent":"1598020105440","painted":false,"desc":"Utility Function","taskNotes":"<p><br></p>","utilityFunctionId":"addToList","inputTask":"1598020105440","inputValue":null,"targetTask":"1598018552390","targetValue":"reasons","addedToConfig":false,"addAtIndexType":"constant","addAtIndex":false},"1598022227544":{"id":"1598022227544","type":"delete","position":{},"source":null,"target":null,"mapping":[],"label":"","filterBy":"criteria","searchOption":"one","operator":"and","taskName":"Delete","parent":"1598019618534_success_start","painted":false,"taskNotes":"<p><br></p>","deleteType":"existing","inputTask":"1598018644946","inputValue":null,"modelName":"Knowledge_Base","ignoreSecurity":true,"addedToConfig":false},"1598022403646_end":{"id":"1598022403646_end","decisionId":"1598022403646","position":{},"type":"decisionEnd","painted":false,"addedToConfig":false},"1598022403646_success_start":{"id":"1598022403646_success_start","decisionId":"1598022403646","parent":"1598022403646","position":{},"type":"decisionSucessStart","painted":false,"addedToConfig":false},"1598022403646_failure_start":{"id":"1598022403646_failure_start","decisionId":"1598022403646","parent":"1598022403646","position":{},"type":"decisionFailureStart","painted":false,"addedToConfig":false},"1598022403646_success_end":{"id":"1598022403646_success_end","decisionId":"1598022403646","parent":"1728681418347","position":{},"type":"decisionSucessEnd","painted":false,"addedToConfig":false},"1598022403646_failure_end":{"id":"1598022403646_failure_end","decisionId":"1598022403646","parent":"1598022437269","position":{},"type":"decisionFailureEnd","painted":false,"addedToConfig":false},"1598022403646":{"id":"1598022403646","type":"decision","newMapping":true,"position":{},"condition":null,"serviceName":null,"serviceType":null,"operator":"and","mapping":[{"sourceType":"taskSuccess","sourceValue":null,"source":"1598022227544","sourceFieldType":null,"isSourceList":null,"targetType":"variable","targetValue":null,"target":null,"targetFieldType":null,"targetModel":"","isTargetList":null,"comparator":null}],"label":"","parent":"1598022227544","painted":false,"taskNotes":"<p><br></p>","addedToConfig":false},"1598022428739":{"id":"1598022428739","type":"dataTransfer","position":{},"source":"mddui_page_input_data","sourceType":"page","sourceVariable":"rr_page_data","targetType":"page","target":"1598018552390","targetVariable":null,"resultVariable":null,"mapping":[{"name":"status","valueType":"constant","value":"FAILED","fieldType":"String","list":false,"rr_dynamic_field_name_type":"","fromModel":""}],"label":"","taskName":"Update Model in Memory","parent":"1598022403646_failure_start","painted":false,"taskNotes":"<p><br></p>","condition":"API_MainResponse","addedToConfig":false},"1598022433020":{"id":"1598022433020","type":"expression","position":{},"expression":[{"type":"data","source":"constant","value":"Knowledge not Deleted"}],"targetVariable":null,"label":"","taskName":"Knowledge not Deleted","parent":"1598022428739","painted":false,"taskNotes":"<p><br></p>","expressionType":"string","addedToConfig":false},"1598022437269":{"id":"1598022437269","type":"service","value":"Utility Function","serviceType":"internal","position":{},"label":"","callType":"async","taskName":"Local Service","parent":"1598022433020","painted":false,"desc":"Utility Function","taskNotes":"<p><br></p>","utilityFunctionId":"addToList","inputTask":"1598022433020","inputValue":null,"targetTask":"1598018552390","targetValue":"reasons","addedToConfig":false,"addAtIndexType":"constant","addAtIndex":false},"1728681412227":{"id":"1728681412227","type":"expression","position":{},"expression":[{"type":"data","source":"constant","value":"Knowledge Deleted Successfully"}],"targetVariable":null,"label":"","taskName":"Knowledge Deleted Successfully","parent":"1598022403646_success_start","painted":false,"taskNotes":"<p><br></p>","expressionType":"string","addedToConfig":false},"1728681418347":{"id":"1728681418347","type":"service","value":"Utility Function","serviceType":"internal","position":{},"label":"","callType":"async","taskName":"Local Service","parent":"1728681412227","painted":false,"desc":"Utility Function","taskNotes":"<p><br></p>","utilityFunctionId":"addToList","inputTask":"1728681412227","inputValue":null,"targetTask":"1598018552390","targetValue":"reasons","addedToConfig":false,"addAtIndexType":"constant","addAtIndex":false}},"decisionsMap":{"1598019618534":{"success":"1598019618534_success_start","failure":"1598019618534_failure_start","successEnd":"1598019618534_success_end","failureEnd":"1598019618534_failure_end","end":"1598019618534_end","root":true},"1598022403646":{"success":"1598022403646_success_start","failure":"1598022403646_failure_start","successEnd":"1598022403646_success_end","failureEnd":"1598022403646_failure_end","end":"1598022403646_end","root":false}},"active":false,"scheduler":false,"savedId":null,"workInProgress":false,"uiFLow":false,"startTaskId":"1598018521423","shouldSecure":true,"allowExecutionForAll":false,"testCase":false,"testSuite":false,"sequence":1,"internal":false,"triggeredFromBpm":false,"inputModel":"API_KnowledgeBaseRequest","outputModel":"API_MainResponse","appName":null},
{"id":"670e89aa2a7a96224a543f1b","companyId":"5f47ce0c8f0815394ff3bd8a","createdDate":1729614933025,"updatedDate":1729614933025,"versionId":18,"referenceId":null,"systemStatus":"P","updatedByUserId":"5fa999cf8f08eee59b0a70e1","updatedByUserName":"Mark Bonham","systemStatusText":null,"userTypes":null,"requirementIds":null,"name":"API_KnowledgeBase_Search","sourceReferenceId":"67099b852a7a96224a543d25","sourceReferenceAppId":null,"lockedByUserId":null,"lockedByUserName":null,"publicArtifact":false,"enableOffline":false,"locked":false,"canUnlock":false,"publishComment":"xz","importantPublish":false,"appId":"670e87392a7a96224a543e77","folderId":"","initializer":null,"triggerType":"workflow","flow":[],"createdBy":null,"lastModifiedBy":null,"objectsMap":{"1622820966388":{"id":"1622820966388","type":"startObject","value":null,"taskName":"Start","triggerType":"workflow","addedToConfig":true,"painted":true,"position":{},"taskNotes":"<p><br></p>","modelName":"API_KnowledgeBaseRequest","desc":"API_KnowledgeBaseRequest","output":"API_MainResponse"},"16228209663881000":{"id":"16228209663881000","parent":"1622821128063switchEnd","systemExit":true,"type":"return","returnType":"return","taskName":"Exit","label":"","addedToConfig":false,"painted":false,"position":{},"taskNotes":"<p><br></p>","desc":"Return","outputTask":"1622821013607"},"1622821013607":{"id":"1622821013607","type":"createDataObject","position":{},"condition":"API_MainResponse","mapping":[{"name":"status","valueType":"constant","value":"SUCCESS - API_KnowledgeBase_Search","fieldType":"String","list":false,"rr_dynamic_field_name_type":"","fromModel":""}],"label":"","taskName":"Main Response","parent":"1622820966388","painted":false,"taskNotes":"<p><br></p>","addedToConfig":false},"1622821128063switchEnd":{"id":"1622821128063switchEnd","switchId":"1622821128063","parent":"1647620446385caseEnd","position":{},"type":"switchEnd","taskName":"Switch End","painted":false,"addedToConfig":false},"1622821128063":{"id":"1622821128063","type":"wfSwitch","position":{},"label":"","expressionType":"variable","taskName":"Switch","parent":"1622821013607","painted":false,"addedToConfig":false,"taskNotes":"<p><br></p>","inputTask":"rr_page_data","inputValue":"actionType"},"1622821133010caseEnd":{"id":"1622821133010caseEnd","caseId":"1622821133010","switchId":"1622821128063","parent":"1622821566577_end","position":{},"type":"caseEnd","taskName":"Break","painted":false,"addedToConfig":false},"1622821133010":{"id":"1622821133010","switchId":"1622821128063","type":"wfCase","position":{},"label":"","operator":"equals","taskName":"KNOWLEDGE_BASE_Wrong","parent":"1622821128063","painted":false,"taskNotes":"<p><br></p>","caseValue":"KNOWLEDGE_BASE_wrong","addedToConfig":false},"1622821358432":{"id":"1622821358432","type":"query","position":{},"source":null,"target":null,"mapping":[{"name":"_id","valueType":"variable","value":null,"fieldType":"String","list":false,"fromModel":"","comparator":"notEmpty","source":""}],"label":"","filterBy":"criteria","searchOption":"many","operator":"and","taskName":"Query","parent":"1622821133010","painted":false,"taskNotes":"<p><br></p>","queryType":"dynamic","relationshipMapping":[],"selectFields":[],"sortFields":[],"modelName":"Knowledge_Base","addedToConfig":false,"ignoreSecurity":true},"1622821566577_end":{"id":"1622821566577_end","decisionId":"1622821566577","position":{},"type":"decisionEnd","painted":false,"addedToConfig":false,"taskNotes":"<p><br></p>"},"1622821566577_success_start":{"id":"1622821566577_success_start","decisionId":"1622821566577","parent":"1622821566577","position":{},"type":"decisionSucessStart","painted":false,"addedToConfig":false},"1622821566577_failure_start":{"id":"1622821566577_failure_start","decisionId":"1622821566577","parent":"1622821566577","position":{},"type":"decisionFailureStart","painted":false,"addedToConfig":false},"1622821566577_success_end":{"id":"1622821566577_success_end","decisionId":"1622821566577","parent":"1623183776190","position":{},"type":"decisionSucessEnd","painted":false,"addedToConfig":false},"1622821566577_failure_end":{"id":"1622821566577_failure_end","decisionId":"1622821566577","parent":"1622833606697","position":{},"type":"decisionFailureEnd","painted":false,"addedToConfig":false},"1622821566577":{"id":"1622821566577","type":"decision","newMapping":true,"position":{},"condition":null,"serviceName":null,"serviceType":null,"operator":"and","mapping":[{"sourceType":"notNull","sourceValue":null,"source":"1622821358432","sourceFieldType":null,"sourceModel":"Discussion_Threads","isSourceList":null,"targetType":"variable","targetValue":null,"target":null,"targetFieldType":null,"targetModel":"","isTargetList":null,"comparator":null}],"label":"","parent":"1622821358432","painted":false,"taskNotes":"<p><br></p>","addedToConfig":false},"1622821586317":{"id":"1622821586317","type":"filter","position":{},"source":null,"target":null,"mapping":[{"name":"name","valueType":"variable","value":"userSearchInput1","fieldType":"String","list":false,"fromModel":"API_KnowledgeBaseRequest","comparator":"containsignorecase","source":"rr_page_data"}],"label":"","searchOption":"many","operator":"or","taskName":"Filter","filterBy":"criteria","indexType":"constant","index":0,"parent":"1622821566577_success_start","painted":false,"taskNotes":"<p><br></p>","inputTask":"1622821358432","inputValue":null,"modelName":"Knowledge_Base","showAllFields":false,"addedToConfig":false},"1622833601921":{"id":"1622833601921","type":"expression","position":{},"expression":[{"type":"data","source":"constant","value":"Knowledge Base Id did not match"}],"targetVariable":null,"label":"","taskName":"Knowledge Id did not match","parent":"1622821566577_failure_start","painted":false,"taskNotes":"<p><br></p>","expressionType":"string","addedToConfig":false},"1622833606697":{"id":"1622833606697","type":"service","value":"Utility Function","serviceType":"internal","position":{},"label":"","callType":"async","taskName":"Local Service","parent":"1622833601921","painted":false,"desc":"Utility Function","taskNotes":"<p><br></p>","utilityFunctionId":"addToList","inputTask":"1622833601921","inputValue":null,"targetTask":"1622821013607","targetValue":"reasons","addedToConfig":false,"addAtIndexType":"constant","addAtIndex":false},"1623183776190":{"id":"1623183776190","type":"service","value":"Utility Function","serviceType":"internal","position":{},"label":"","callType":"async","taskName":"Add All to List","parent":"1622821586317","painted":false,"desc":"Utility Function","taskNotes":"<p><br></p>","utilityFunctionId":"addAllToList","inputTask":"1622821586317","inputValue":null,"targetTask":"1622821013607","targetValue":"list","addedToConfig":false,"addAtIndexType":"constant","addAtIndex":false},"1647620446385caseEnd":{"id":"1647620446385caseEnd","caseId":"1647620446385","switchId":"1622821128063","parent":"1729022098394_end","position":{},"type":"caseEnd","taskName":"Break","painted":false,"addedToConfig":false},"1647620446385":{"id":"1647620446385","switchId":"1622821128063","type":"wfCase","position":{},"label":"","operator":"equals","taskName":"Knowledge_Base","parent":"1622821133010caseEnd","painted":false,"taskNotes":"<p><br></p>","caseValue":"KNOWLEDGE_BASE","addedToConfig":false},"1729020424086":{"id":"1729020424086","type":"createDataObject","position":{},"condition":"SysQueryResult","mapping":[{"name":"rr_this_object","valueType":"variable","value":"object","fieldType":null,"list":null,"rr_dynamic_field_name_type":"","fromModel":"API_KnowledgeBaseRequest","source":"rr_page_data"}],"label":"","taskName":"Create SysQueryResult","parent":"1647620446385","painted":false,"taskNotes":"<p><br></p>","addedToConfig":false,"showAllFields":false},"1729020460438_end":{"id":"1729020460438_end","decisionId":"1729020460438","position":{},"type":"decisionEnd","painted":false,"taskNotes":"<p><br></p>","addedToConfig":false},"1729020460438_success_start":{"id":"1729020460438_success_start","decisionId":"1729020460438","parent":"1729020460438","position":{},"type":"decisionSucessStart","painted":false,"addedToConfig":false},"1729020460438_failure_start":{"id":"1729020460438_failure_start","decisionId":"1729020460438","parent":"1729020460438","position":{},"type":"decisionFailureStart","painted":false,"addedToConfig":false},"1729020460438_success_end":{"id":"1729020460438_success_end","decisionId":"1729020460438","parent":"1729020460438_success_start","position":{},"type":"decisionSucessEnd","painted":false,"addedToConfig":false},"1729020460438_failure_end":{"id":"1729020460438_failure_end","decisionId":"1729020460438","parent":"1729020722770","position":{},"type":"decisionFailureEnd","painted":false,"addedToConfig":false},"1729020460438":{"id":"1729020460438","type":"decision","newMapping":true,"position":{},"condition":null,"serviceName":null,"serviceType":null,"operator":"and","mapping":[{"sourceType":"variable","sourceValue":"userSearchInput1","source":"rr_page_data","sourceFieldType":"String","sourceModel":"API_KnowledgeBaseRequest","isSourceList":false,"targetType":"variable","targetValue":null,"target":null,"targetFieldType":null,"targetModel":"","isTargetList":null,"comparator":"empty"}],"label":"","parent":"1729262947636_end","painted":false,"taskNotes":"<p><br></p>","addedToConfig":false},"1729020526840":{"id":"1729020526840","type":"createDataObject","position":{},"condition":"SysQueryCriteria","mapping":[{"name":"field","valueType":"constant","value":"sysName","fieldType":"String","list":false,"rr_dynamic_field_name_type":"","fromModel":""},{"name":"value","valueType":"variable","value":"userSearchInput1","fieldType":"String","list":false,"rr_dynamic_field_name_type":"","fromModel":"API_KnowledgeBaseRequest","source":"rr_page_data"},{"name":"operator","valueType":"constant","value":"contains","fieldType":"String","list":false,"rr_dynamic_field_name_type":"","fromModel":""},{"name":"ignoreCase","valueType":"constant","value":"true","fieldType":"Boolean","list":false,"rr_dynamic_field_name_type":"","fromModel":""}],"label":"","taskName":"Name Criteria","parent":"1729020460438_failure_start","painted":false,"taskNotes":"<p><br></p>","addedToConfig":false},"1729020722770":{"id":"1729020722770","type":"service","value":"Utility Function","serviceType":"internal","position":{},"label":"","callType":"async","taskName":"Add to List","parent":"1729020526840","painted":false,"desc":"Utility Function","taskNotes":"<p><br></p>","utilityFunctionId":"addToList","addAtIndexType":"constant","addAtIndex":false,"inputTask":"1729020526840","inputValue":null,"targetTask":"rr_page_data","targetValue":"list","addedToConfig":false},"1729020888597":{"id":"1729020888597","type":"createDataObject","position":{},"condition":"SysQueryCriteria","mapping":[{"name":"field","valueType":"constant","value":"_id","fieldType":"String","list":false,"rr_dynamic_field_name_type":"","fromModel":""},{"name":"value","valueType":"empty","value":null,"fieldType":"String","list":false,"rr_dynamic_field_name_type":"","fromModel":""},{"name":"operator","valueType":"constant","value":"$ne","fieldType":"String","list":false,"rr_dynamic_field_name_type":"","fromModel":""}],"label":"","taskName":"_id Criteria","parent":"1729020460438_end","painted":false,"taskNotes":"<p><br></p>","addedToConfig":false},"1729021021589":{"id":"1729021021589","type":"service","value":"Utility Function","serviceType":"internal","position":{},"label":"","callType":"async","taskName":"Local Service","parent":"1729020888597","painted":false,"desc":"Utility Function","taskNotes":"<p><br></p>","utilityFunctionId":"addToList","addAtIndexType":"constant","addAtIndex":false,"inputTask":"1729020888597","inputValue":null,"targetTask":"rr_page_data","targetValue":"list","addedToConfig":false},"1729021518220":{"id":"1729021518220","type":"query","position":{},"source":null,"target":null,"mapping":null,"label":"","filterBy":"criteria","searchOption":"byPage","operator":"and","taskName":"Query Knowledge Base","parent":"1729021021589","painted":false,"taskNotes":"<p><br></p>","ignoreSecurity":true,"startIndexTask":"1729020424086","startIndexValue":"startIndex","pageSizeTask":"1729020424086","pageSizeValue":"pageSize","queryType":"named","addedToConfig":false,"query":"670ec85a2a7a96224a54463d","modelName":"Knowledge_Base","inputTask":"rr_page_data","inputValue":null},"1729022098394_end":{"id":"1729022098394_end","decisionId":"1729022098394","position":{},"type":"decisionEnd","painted":false,"addedToConfig":false},"1729022098394_success_start":{"id":"1729022098394_success_start","decisionId":"1729022098394","parent":"1729022098394","position":{},"type":"decisionSucessStart","painted":false,"addedToConfig":false},"1729022098394_failure_start":{"id":"1729022098394_failure_start","decisionId":"1729022098394","parent":"1729022098394","position":{},"type":"decisionFailureStart","painted":false,"addedToConfig":false},"1729022098394_success_end":{"id":"1729022098394_success_end","decisionId":"1729022098394","parent":"1729022152779","position":{},"type":"decisionSucessEnd","painted":false,"addedToConfig":false},"1729022098394_failure_end":{"id":"1729022098394_failure_end","decisionId":"1729022098394","parent":"1729022098394_failure_start","position":{},"type":"decisionFailureEnd","painted":false,"addedToConfig":false},"1729022098394":{"id":"1729022098394","type":"decision","newMapping":true,"position":{},"condition":null,"serviceName":null,"serviceType":null,"operator":"and","mapping":[{"sourceType":"notNull","sourceValue":null,"source":"1729021518220","sourceFieldType":null,"sourceModel":"SysQueryResult","isSourceList":null,"targetType":"variable","targetValue":null,"target":null,"targetFieldType":null,"targetModel":"","isTargetList":null,"comparator":null}],"label":"","parent":"1729021518220","painted":false,"taskNotes":"<p><br></p>","addedToConfig":false},"1729022117794":{"id":"1729022117794","type":"service","value":"Utility Function","serviceType":"internal","position":{},"label":"","callType":"async","taskName":"List Size","parent":"1729022098394_success_start","painted":false,"desc":"Utility Function","taskNotes":"<p><br></p>","utilityFunctionId":"listSize","inputTask":"1729021518220","inputValue":"data","addedToConfig":false},"1729022152779":{"id":"1729022152779","type":"dataTransfer","position":{},"source":"mddui_page_input_data","sourceType":"page","sourceVariable":"rr_page_data","targetType":"page","target":"1622821013607","targetVariable":null,"resultVariable":null,"mapping":[{"name":"object","valueType":"variable","value":"rr_this_object","fieldType":"Object","list":false,"rr_dynamic_field_name_type":"","fromModel":"SysQueryResult","source":"1729021518220"},{"name":"object2","valueType":"variable","value":null,"fieldType":"Object","list":false,"rr_dynamic_field_name_type":"","source":"1729022160855"}],"label":"","taskName":"Update Objects","parent":"1729022160855","painted":false,"taskNotes":"<p><br></p>","condition":"API_MainResponse","addedToConfig":false},"1729022160855":{"id":"1729022160855","type":"expression","position":{},"expression":[{"type":"data","source":"constant","value":"Found"},{"type":"operator","operator":"+","symbol":"+"},{"type":"data","sourceText":"Output of Local Service","source":"1729022117794"},{"type":"operator","operator":"+","symbol":"+"},{"type":"data","source":"constant","value":"Knowledge"}],"targetVariable":null,"label":"","taskName":"Found Knowledge","parent":"1729022117794","painted":false,"taskNotes":"<p><br></p>","expressionType":"string","outputVariable":"string","addedToConfig":false},"1729262947636_end":{"id":"1729262947636_end","decisionId":"1729262947636","position":{},"type":"decisionEnd","painted":false,"addedToConfig":false},"1729262947636_success_start":{"id":"1729262947636_success_start","decisionId":"1729262947636","parent":"1729262947636","position":{},"type":"decisionSucessStart","painted":false,"addedToConfig":false},"1729262947636_failure_start":{"id":"1729262947636_failure_start","decisionId":"1729262947636","parent":"1729262947636","position":{},"type":"decisionFailureStart","painted":false,"addedToConfig":false},"1729262947636_success_end":{"id":"1729262947636_success_end","decisionId":"1729262947636","parent":"1729262982978","position":{},"type":"decisionSucessEnd","painted":false,"addedToConfig":false},"1729262947636_failure_end":{"id":"1729262947636_failure_end","decisionId":"1729262947636","parent":"1729262947636_failure_start","position":{},"type":"decisionFailureEnd","painted":false,"addedToConfig":false},"1729262947636":{"id":"1729262947636","type":"decision","newMapping":true,"position":{},"condition":null,"serviceName":null,"serviceType":null,"operator":"and","mapping":[{"sourceType":"variable","sourceValue":"startIndex","source":"1729020424086","sourceFieldType":"Number","sourceModel":"SysQueryResult","isSourceList":false,"targetType":"variable","targetValue":null,"target":null,"targetFieldType":null,"targetModel":"","isTargetList":null,"comparator":"empty"}],"label":"","parent":"1729020424086","painted":false,"taskNotes":"<p><br></p>","addedToConfig":false},"1729262982978":{"id":"1729262982978","type":"dataTransfer","position":{},"source":"mddui_page_input_data","sourceType":"page","sourceVariable":"rr_page_data","targetType":"page","target":"1729020424086","targetVariable":null,"resultVariable":null,"mapping":[{"name":"pageSize","valueType":"constant","value":"20","fieldType":"Number","list":false,"rr_dynamic_field_name_type":"","fromModel":""},{"name":"startIndex","valueType":"constant","value":"1","fieldType":"Number","list":false,"rr_dynamic_field_name_type":"","fromModel":""}],"label":"","taskName":"Update Model in Memory","parent":"1729262947636_success_start","painted":false,"taskNotes":"<p><br></p>","condition":"SysQueryResult","addedToConfig":false}},"decisionsMap":{"1622821566577":{"success":"1622821566577_success_start","failure":"1622821566577_failure_start","successEnd":"1622821566577_success_end","failureEnd":"1622821566577_failure_end","end":"1622821566577_end","root":true},"1729020460438":{"success":"1729020460438_success_start","failure":"1729020460438_failure_start","successEnd":"1729020460438_success_end","failureEnd":"1729020460438_failure_end","end":"1729020460438_end","root":false},"1729022098394":{"success":"1729022098394_success_start","failure":"1729022098394_failure_start","successEnd":"1729022098394_success_end","failureEnd":"1729022098394_failure_end","end":"1729022098394_end","root":false},"1729262947636":{"success":"1729262947636_success_start","failure":"1729262947636_failure_start","successEnd":"1729262947636_success_end","failureEnd":"1729262947636_failure_end","end":"1729262947636_end","root":false}},"active":false,"scheduler":false,"savedId":null,"workInProgress":false,"uiFLow":false,"startTaskId":"1622820966388","shouldSecure":true,"allowExecutionForAll":false,"testCase":false,"testSuite":false,"sequence":1,"internal":false,"triggeredFromBpm":false,"inputModel":"API_KnowledgeBaseRequest","outputModel":"API_MainResponse","appName":null}]