[{"id":"670e87222a7a96224a543e75","companyId":"5f47ce0c8f0815394ff3bd8a","createdDate":1729005346210,"updatedDate":1730324923203,"versionId":0,"referenceId":null,"systemStatus":null,"updatedByUserId":"5fa999cf8f08eee59b0a70e1","updatedByUserName":"Mark Bonham","systemStatusText":null,"userTypes":null,"requirementIds":null,"name":"Knowledge Base","sourceReferenceId":null,"sourceReferenceAppId":null,"lockedByUserId":null,"lockedByUserName":null,"publicArtifact":false,"enableOffline":false,"locked":false,"canUnlock":false,"publishComment":null,"importantPublish":false,"desc":null,"context":null,"dbName":null,"containerModel":null,"createdBy":null,"lastModifiedBy":null,"dataSecure":false,"responsive":false,"cognitive":false,"cognitiveImpl":null,"automateCorpusTraining":false,"syncType":null,"interval":0,"timeUnit":null,"transactions":0,"sizeInBytes":0,"useSpeech":false,"useConversation":false,"useDiscovery":false,"useVisualization":false,"metadataUpdatedAt":1730324923203,"buildInProcess":false,"stylesSourceAppId":null,"generatedUsingRrfTool":true}]