[{"id":"5f47ce0c8f0815394ff3bd8a","companyId":null,"createdDate":1598541324863,"updatedDate":1722961571288,"versionId":0,"referenceId":null,"systemStatus":null,"updatedByUserId":null,"updatedByUserName":null,"systemStatusText":null,"companyName":"A R K","companyAbbr":"ark","addresses":[{"streetLine1":"1211 S Glenstone Ave","streetLine2":"","city":"Springfield","state":"MO","postalCode":"65804"}],"customCSSURL":"https://esp-app-assets.s3.amazonaws.com/web/css/rrcss-5f47ce0c8f0815394ff3bd8a-1722961571107.css","features":null}]