[{"id":"5f62306c8f082b9cdc658e55","companyId":"5f47ce0c8f0815394ff3bd8a","createdDate":1600270444115,"updatedDate":1722961563158,"versionId":0,"referenceId":null,"systemStatus":null,"updatedByUserId":"5f47ce0e8f0815394ff3be1b","updatedByUserName":"Josh Havens","systemStatusText":null,"name":".btnOverlay","pseudoClasses":[{"pseudoClass":"","definition":"{\n}"},{"pseudoClass":":hover","definition":"{\nbackground-color: rgba(255,255,255,0.2);\n}"}]},
{"id":"5fbbce648f0812e96d3e2e7d","companyId":"5f47ce0c8f0815394ff3bd8a","createdDate":1606143588313,"updatedDate":1722961563159,"versionId":0,"referenceId":null,"systemStatus":null,"updatedByUserId":"5fa999cf8f08eee59b0a70e1","updatedByUserName":"Mark Bonham","systemStatusText":null,"name":".Test_Css_Filter","pseudoClasses":[{"pseudoClass":"","definition":"{\n}"},{"pseudoClass":":nth-child(odd)","definition":"{\nfilter: invert(12%) sepia(92%) saturate(7487%) hue-rotate(235deg) brightness(91%) contrast(118%);\n}"}]},
{"id":"5fbbee3c8f0812e96d3e2eb1","companyId":"5f47ce0c8f0815394ff3bd8a","createdDate":1606151740681,"updatedDate":1722961563160,"versionId":0,"referenceId":null,"systemStatus":null,"updatedByUserId":"5fa999cf8f08eee59b0a70e1","updatedByUserName":"Mark Bonham","systemStatusText":null,"name":".TEST_02","pseudoClasses":[{"pseudoClass":"","definition":"{\n}"},{"pseudoClass":":last-child","definition":"{\nBackground-color : red\n}"}]},
{"id":"605e375d8f0800820d2f11f2","companyId":"5f47ce0c8f0815394ff3bd8a","createdDate":1616787293694,"updatedDate":1722961563160,"versionId":0,"referenceId":null,"systemStatus":null,"updatedByUserId":"5f47ce0e8f0815394ff3be1b","updatedByUserName":"Josh Havens","systemStatusText":null,"name":".divBorder","pseudoClasses":[{"pseudoClass":"","definition":"{\n}"},{"pseudoClass":":hover","definition":"{\nborder: 1px solid #cccccc;\n}"}]},
{"id":"60de30358f08542a275e8e64","companyId":"5f47ce0c8f0815394ff3bd8a","createdDate":1625174069635,"updatedDate":1722961563161,"versionId":0,"referenceId":null,"systemStatus":null,"updatedByUserId":"5f4d87898f086f27a2ab1466","updatedByUserName":"Sean Stevens","systemStatusText":null,"name":".btnOverlay30","pseudoClasses":[{"pseudoClass":":hover","definition":"{\nbackground-color: rgba(255,255,255,0.3);\n}"}]},
{"id":"60f787d98f08b530e9ba2dea","companyId":"5f47ce0c8f0815394ff3bd8a","createdDate":1626834905642,"updatedDate":1722961563161,"versionId":0,"referenceId":null,"systemStatus":null,"updatedByUserId":"5f47ce0e8f0815394ff3be1b","updatedByUserName":"Josh Havens","systemStatusText":null,"name":".btnOverlayDark","pseudoClasses":[{"pseudoClass":"","definition":"{\nbackground-color: transparent;\n}"},{"pseudoClass":":hover","definition":"{\nbackground-color: rgba(0,0,0,0.2);\n}"}]},
{"id":"617302268f0831fa9892c885","companyId":"5f47ce0c8f0815394ff3bd8a","createdDate":1634927142876,"updatedDate":1722961563162,"versionId":0,"referenceId":null,"systemStatus":null,"updatedByUserId":"5f4d87978f086f27a2ab1467","updatedByUserName":"Chris Lamberth","systemStatusText":null,"name":".panel_Highlight","pseudoClasses":[{"pseudoClass":"","definition":"{\n}"},{"pseudoClass":":hover","definition":"{\nbackground-color: rgba(0, 0, 0, 0.1)\n}"}]},
{"id":"623e172f8f08d0c0531029e3","companyId":"5f47ce0c8f0815394ff3bd8a","createdDate":1648236335371,"updatedDate":1722961563162,"versionId":0,"referenceId":null,"systemStatus":null,"updatedByUserId":"5f47ce0e8f0815394ff3be1b","updatedByUserName":"Josh Havens","systemStatusText":null,"name":".list_padding","pseudoClasses":[{"pseudoClass":"","definition":"{\n}"},{"pseudoClass":":last-child","definition":"{\npadding-bottom:50px;\n}"}]},
{"id":"636c26f28f08128776b11028","companyId":"5f47ce0c8f0815394ff3bd8a","createdDate":1668032242382,"updatedDate":1722961563163,"versionId":0,"referenceId":null,"systemStatus":null,"updatedByUserId":"5f47ce0e8f0815394ff3be1b","updatedByUserName":"Josh Havens","systemStatusText":null,"name":".filter_menu_mobile","pseudoClasses":[{"pseudoClass":"","definition":"{\nposition:absolute;\ntop:100px;\nborder-right-width:1px;\nborder-color:#ccc;\nborder-style:solid;\nbox-shadow:0px 1px 4px -1px rgb(0 0 0 / 40%);\n}"}]},
{"id":"6376b30f8f08128776b12ac3","companyId":"5f47ce0c8f0815394ff3bd8a","createdDate":1668723471643,"updatedDate":1722961563163,"versionId":0,"referenceId":null,"systemStatus":null,"updatedByUserId":"5f47ce0e8f0815394ff3be1b","updatedByUserName":"Josh Havens","systemStatusText":null,"name":".horizontal_flip","pseudoClasses":[{"pseudoClass":"","definition":"{\n}"},{"pseudoClass":":hover","definition":"{\ntransform:rotateY(180deg);\ntransform:rotateX(180deg);\n}"}]},
{"id":"6376b4b48f08128776b12ac8","companyId":"5f47ce0c8f0815394ff3bd8a","createdDate":1668723892750,"updatedDate":1722961563164,"versionId":0,"referenceId":null,"systemStatus":null,"updatedByUserId":"5f47ce0e8f0815394ff3be1b","updatedByUserName":"Josh Havens","systemStatusText":null,"name":".horizontal_flip:target","pseudoClasses":[{"pseudoClass":"","definition":"{\n}"}]},
{"id":"63b85d318f08ae70b13c18fe","companyId":"5f47ce0c8f0815394ff3bd8a","createdDate":1673026865181,"updatedDate":1722961563164,"versionId":0,"referenceId":null,"systemStatus":null,"updatedByUserId":"5f47ce0e8f0815394ff3be1b","updatedByUserName":"Josh Havens","systemStatusText":null,"name":".btn_hover_white","pseudoClasses":[{"pseudoClass":":hover","definition":"{\nbackground-color:rgba(255,255,255,1);\ncolor:#6ec1e4;\n}"}]},
{"id":"644a8f468f08df7abb7fbc53","companyId":"5f47ce0c8f0815394ff3bd8a","createdDate":1682607942207,"updatedDate":1722961563165,"versionId":0,"referenceId":null,"systemStatus":null,"updatedByUserId":"5f47ce0e8f0815394ff3be1b","updatedByUserName":"Josh Havens","systemStatusText":null,"name":".mobile","pseudoClasses":[{"pseudoClass":"","definition":"{}"}]},
{"id":"65788dcb8f08ed7c50e90820","companyId":"5f47ce0c8f0815394ff3bd8a","createdDate":1702399435616,"updatedDate":1722961563165,"versionId":0,"referenceId":null,"systemStatus":null,"updatedByUserId":"5f4d87978f086f27a2ab1467","updatedByUserName":"Chris Lamberth","systemStatusText":null,"name":".btnTransition","pseudoClasses":[{"pseudoClass":":hover","definition":"{\nwidth: 300px;\n}"},{"pseudoClass":"","definition":"{\nwidth: 100px;\ntransition: width 2s;\n}"}]},
{"id":"66568d838f08bdb80fbb5a34","companyId":"5f47ce0c8f0815394ff3bd8a","createdDate":1716948355314,"updatedDate":1722961563166,"versionId":0,"referenceId":null,"systemStatus":null,"updatedByUserId":"5f47ce0e8f0815394ff3be1b","updatedByUserName":"Josh Havens","systemStatusText":null,"name":".rr_Standard_Button","pseudoClasses":[{"pseudoClass":"","definition":"{background:red;}"}]}]