[{"modelName":"Lookup_CountryInformation_States","companyId":"5f47ce0c8f0815394ff3bd8a","data":[{"_id":"60ef3cac8f086e078389754f","sysImage":"","createdByName":"Josh Havens","createdDate":1626291372041,"stateName":"Alabama","createdBy":"5f47ce0e8f0815394ff3be1b","﻿countryId":"5f04e1dc071274914878e842","sysName":"","stateCode":"AL","updatedDate":1626291372041,"sysTenantId":null},{"_id":"60ef3cac8f086e0783897550","sysImage":"","createdByName":"Josh Havens","createdDate":1626291372043,"stateName":"Alaska","createdBy":"5f47ce0e8f0815394ff3be1b","﻿countryId":"5f04e1dc071274914878e842","sysName":"","stateCode":"AK","updatedDate":1626291372043,"sysTenantId":null},{"_id":"60ef3cac8f086e0783897551","sysImage":"","createdByName":"Josh Havens","createdDate":1626291372045,"stateName":"Arizona","createdBy":"5f47ce0e8f0815394ff3be1b","﻿countryId":"5f04e1dc071274914878e842","sysName":"","stateCode":"AZ","updatedDate":1626291372045,"sysTenantId":null},{"_id":"60ef3cac8f086e0783897552","sysImage":"","createdByName":"Josh Havens","createdDate":1626291372047,"stateName":"Arkansas","createdBy":"5f47ce0e8f0815394ff3be1b","﻿countryId":"5f04e1dc071274914878e842","sysName":"","stateCode":"AR","updatedDate":1626291372047,"sysTenantId":null},{"_id":"60ef3cac8f086e0783897553","sysImage":"","createdByName":"Josh Havens","createdDate":1626291372049,"stateName":"California","createdBy":"5f47ce0e8f0815394ff3be1b","﻿countryId":"5f04e1dc071274914878e842","sysName":"","stateCode":"CA","updatedDate":1626291372049,"sysTenantId":null},{"_id":"60ef3cac8f086e0783897554","sysImage":"","createdByName":"Josh Havens","createdDate":1626291372051,"stateName":"Colorado","createdBy":"5f47ce0e8f0815394ff3be1b","﻿countryId":"5f04e1dc071274914878e842","sysName":"","stateCode":"CO","updatedDate":1626291372051,"sysTenantId":null},{"_id":"60ef3cac8f086e0783897555","sysImage":"","createdByName":"Josh Havens","createdDate":1626291372053,"stateName":"Connecticut","createdBy":"5f47ce0e8f0815394ff3be1b","﻿countryId":"5f04e1dc071274914878e842","sysName":"","stateCode":"CT","updatedDate":1626291372053,"sysTenantId":null},{"_id":"60ef3cac8f086e0783897556","sysImage":"","createdByName":"Josh Havens","createdDate":1626291372055,"stateName":"Delaware","createdBy":"5f47ce0e8f0815394ff3be1b","﻿countryId":"5f04e1dc071274914878e842","sysName":"","stateCode":"DE","updatedDate":1626291372055,"sysTenantId":null},{"_id":"60ef3cac8f086e0783897557","sysImage":"","createdByName":"Josh Havens","createdDate":1626291372057,"stateName":"District of Columbia","createdBy":"5f47ce0e8f0815394ff3be1b","﻿countryId":"5f04e1dc071274914878e842","sysName":"","stateCode":"DC","updatedDate":1626291372057,"sysTenantId":null},{"_id":"60ef3cac8f086e0783897558","sysImage":"","createdByName":"Josh Havens","createdDate":1626291372059,"stateName":"Florida","createdBy":"5f47ce0e8f0815394ff3be1b","﻿countryId":"5f04e1dc071274914878e842","sysName":"","stateCode":"FL","updatedDate":1626291372059,"sysTenantId":null},{"_id":"60ef3cac8f086e0783897559","sysImage":"","createdByName":"Josh Havens","createdDate":1626291372061,"stateName":"Georgia","createdBy":"5f47ce0e8f0815394ff3be1b","﻿countryId":"5f04e1dc071274914878e842","sysName":"","stateCode":"GA","updatedDate":1626291372061,"sysTenantId":null},{"_id":"60ef3cac8f086e078389755a","sysImage":"","createdByName":"Josh Havens","createdDate":1626291372063,"stateName":"Hawaii","createdBy":"5f47ce0e8f0815394ff3be1b","﻿countryId":"5f04e1dc071274914878e842","sysName":"","stateCode":"HI","updatedDate":1626291372063,"sysTenantId":null},{"_id":"60ef3cac8f086e078389755b","sysImage":"","createdByName":"Josh Havens","createdDate":1626291372065,"stateName":"Idaho","createdBy":"5f47ce0e8f0815394ff3be1b","﻿countryId":"5f04e1dc071274914878e842","sysName":"","stateCode":"ID","updatedDate":1626291372065,"sysTenantId":null},{"_id":"60ef3cac8f086e078389755c","sysImage":"","createdByName":"Josh Havens","createdDate":1626291372067,"stateName":"Illinois","createdBy":"5f47ce0e8f0815394ff3be1b","﻿countryId":"5f04e1dc071274914878e842","sysName":"","stateCode":"IL","updatedDate":1626291372067,"sysTenantId":null},{"_id":"60ef3cac8f086e078389755d","sysImage":"","createdByName":"Josh Havens","createdDate":1626291372069,"stateName":"Indiana","createdBy":"5f47ce0e8f0815394ff3be1b","﻿countryId":"5f04e1dc071274914878e842","sysName":"","stateCode":"IN","updatedDate":1626291372069,"sysTenantId":null},{"_id":"60ef3cac8f086e078389755e","sysImage":"","createdByName":"Josh Havens","createdDate":1626291372071,"stateName":"Iowa","createdBy":"5f47ce0e8f0815394ff3be1b","﻿countryId":"5f04e1dc071274914878e842","sysName":"","stateCode":"IA","updatedDate":1626291372071,"sysTenantId":null},{"_id":"60ef3cac8f086e078389755f","sysImage":"","createdByName":"Josh Havens","createdDate":1626291372073,"stateName":"Kansas","createdBy":"5f47ce0e8f0815394ff3be1b","﻿countryId":"5f04e1dc071274914878e842","sysName":"","stateCode":"KS","updatedDate":1626291372073,"sysTenantId":null},{"_id":"60ef3cac8f086e0783897560","sysImage":"","createdByName":"Josh Havens","createdDate":1626291372075,"stateName":"Kentucky","createdBy":"5f47ce0e8f0815394ff3be1b","﻿countryId":"5f04e1dc071274914878e842","sysName":"","stateCode":"KY","updatedDate":1626291372075,"sysTenantId":null},{"_id":"60ef3cac8f086e0783897561","sysImage":"","createdByName":"Josh Havens","createdDate":1626291372077,"stateName":"Louisiana","createdBy":"5f47ce0e8f0815394ff3be1b","﻿countryId":"5f04e1dc071274914878e842","sysName":"","stateCode":"LA","updatedDate":1626291372077,"sysTenantId":null},{"_id":"60ef3cac8f086e0783897562","sysImage":"","createdByName":"Josh Havens","createdDate":1626291372079,"stateName":"Maine","createdBy":"5f47ce0e8f0815394ff3be1b","﻿countryId":"5f04e1dc071274914878e842","sysName":"","stateCode":"ME","updatedDate":1626291372079,"sysTenantId":null},{"_id":"60ef3cac8f086e0783897563","sysImage":"","createdByName":"Josh Havens","createdDate":1626291372081,"stateName":"Montana","createdBy":"5f47ce0e8f0815394ff3be1b","﻿countryId":"5f04e1dc071274914878e842","sysName":"","stateCode":"MT","updatedDate":1626291372081,"sysTenantId":null},{"_id":"60ef3cac8f086e0783897564","sysImage":"","createdByName":"Josh Havens","createdDate":1626291372083,"stateName":"Nebraska","createdBy":"5f47ce0e8f0815394ff3be1b","﻿countryId":"5f04e1dc071274914878e842","sysName":"","stateCode":"NE","updatedDate":1626291372083,"sysTenantId":null},{"_id":"60ef3cac8f086e0783897565","sysImage":"","createdByName":"Josh Havens","createdDate":1626291372086,"stateName":"Nevada","createdBy":"5f47ce0e8f0815394ff3be1b","﻿countryId":"5f04e1dc071274914878e842","sysName":"","stateCode":"NV","updatedDate":1626291372086,"sysTenantId":null},{"_id":"60ef3cac8f086e0783897566","sysImage":"","createdByName":"Josh Havens","createdDate":1626291372088,"stateName":"New Hampshire","createdBy":"5f47ce0e8f0815394ff3be1b","﻿countryId":"5f04e1dc071274914878e842","sysName":"","stateCode":"NH","updatedDate":1626291372088,"sysTenantId":null},{"_id":"60ef3cac8f086e0783897567","sysImage":"","createdByName":"Josh Havens","createdDate":1626291372090,"stateName":"New Jersey","createdBy":"5f47ce0e8f0815394ff3be1b","﻿countryId":"5f04e1dc071274914878e842","sysName":"","stateCode":"NJ","updatedDate":1626291372090,"sysTenantId":null},{"_id":"60ef3cac8f086e0783897568","sysImage":"","createdByName":"Josh Havens","createdDate":1626291372092,"stateName":"New Mexico","createdBy":"5f47ce0e8f0815394ff3be1b","﻿countryId":"5f04e1dc071274914878e842","sysName":"","stateCode":"NM","updatedDate":1626291372092,"sysTenantId":null},{"_id":"60ef3cac8f086e0783897569","sysImage":"","createdByName":"Josh Havens","createdDate":1626291372094,"stateName":"New York","createdBy":"5f47ce0e8f0815394ff3be1b","﻿countryId":"5f04e1dc071274914878e842","sysName":"","stateCode":"NY","updatedDate":1626291372094,"sysTenantId":null},{"_id":"60ef3cac8f086e078389756a","sysImage":"","createdByName":"Josh Havens","createdDate":1626291372096,"stateName":"North Carolina","createdBy":"5f47ce0e8f0815394ff3be1b","﻿countryId":"5f04e1dc071274914878e842","sysName":"","stateCode":"NC","updatedDate":1626291372096,"sysTenantId":null},{"_id":"60ef3cac8f086e078389756b","sysImage":"","createdByName":"Josh Havens","createdDate":1626291372098,"stateName":"North Dakota","createdBy":"5f47ce0e8f0815394ff3be1b","﻿countryId":"5f04e1dc071274914878e842","sysName":"","stateCode":"ND","updatedDate":1626291372098,"sysTenantId":null},{"_id":"60ef3cac8f086e078389756c","sysImage":"","createdByName":"Josh Havens","createdDate":1626291372100,"stateName":"Ohio","createdBy":"5f47ce0e8f0815394ff3be1b","﻿countryId":"5f04e1dc071274914878e842","sysName":"","stateCode":"OH","updatedDate":1626291372100,"sysTenantId":null},{"_id":"60ef3cac8f086e078389756d","sysImage":"","createdByName":"Josh Havens","createdDate":1626291372101,"stateName":"Oklahoma","createdBy":"5f47ce0e8f0815394ff3be1b","﻿countryId":"5f04e1dc071274914878e842","sysName":"","stateCode":"OK","updatedDate":1626291372101,"sysTenantId":null},{"_id":"60ef3cac8f086e078389756e","sysImage":"","createdByName":"Josh Havens","createdDate":1626291372103,"stateName":"Oregon","createdBy":"5f47ce0e8f0815394ff3be1b","﻿countryId":"5f04e1dc071274914878e842","sysName":"","stateCode":"OR","updatedDate":1626291372103,"sysTenantId":null},{"_id":"60ef3cac8f086e078389756f","sysImage":"","createdByName":"Josh Havens","createdDate":1626291372106,"stateName":"Maryland","createdBy":"5f47ce0e8f0815394ff3be1b","﻿countryId":"5f04e1dc071274914878e842","sysName":"","stateCode":"MD","updatedDate":1626291372106,"sysTenantId":null},{"_id":"60ef3cac8f086e0783897570","sysImage":"","createdByName":"Josh Havens","createdDate":1626291372107,"stateName":"Massachusetts","createdBy":"5f47ce0e8f0815394ff3be1b","﻿countryId":"5f04e1dc071274914878e842","sysName":"","stateCode":"MA","updatedDate":1626291372107,"sysTenantId":null},{"_id":"60ef3cac8f086e0783897571","sysImage":"","createdByName":"Josh Havens","createdDate":1626291372109,"stateName":"Michigan","createdBy":"5f47ce0e8f0815394ff3be1b","﻿countryId":"5f04e1dc071274914878e842","sysName":"","stateCode":"MI","updatedDate":1626291372109,"sysTenantId":null},{"_id":"60ef3cac8f086e0783897572","sysImage":"","createdByName":"Josh Havens","createdDate":1626291372111,"stateName":"Minnesota","createdBy":"5f47ce0e8f0815394ff3be1b","﻿countryId":"5f04e1dc071274914878e842","sysName":"","stateCode":"MN","updatedDate":1626291372111,"sysTenantId":null},{"_id":"60ef3cac8f086e0783897573","sysImage":"","createdByName":"Josh Havens","createdDate":1626291372113,"stateName":"Mississippi","createdBy":"5f47ce0e8f0815394ff3be1b","﻿countryId":"5f04e1dc071274914878e842","sysName":"","stateCode":"MS","updatedDate":1626291372113,"sysTenantId":null},{"_id":"60ef3cac8f086e0783897574","sysImage":"","createdByName":"Josh Havens","createdDate":1626291372115,"stateName":"Missouri","createdBy":"5f47ce0e8f0815394ff3be1b","﻿countryId":"5f04e1dc071274914878e842","sysName":"","stateCode":"MO","updatedDate":1626291372115,"sysTenantId":null},{"_id":"60ef3cac8f086e0783897575","sysImage":"","createdByName":"Josh Havens","createdDate":1626291372117,"stateName":"Pennsylvania","createdBy":"5f47ce0e8f0815394ff3be1b","﻿countryId":"5f04e1dc071274914878e842","sysName":"","stateCode":"PA","updatedDate":1626291372117,"sysTenantId":null},{"_id":"60ef3cac8f086e0783897576","sysImage":"","createdByName":"Josh Havens","createdDate":1626291372119,"stateName":"Rhode Island","createdBy":"5f47ce0e8f0815394ff3be1b","﻿countryId":"5f04e1dc071274914878e842","sysName":"","stateCode":"RI","updatedDate":1626291372119,"sysTenantId":null},{"_id":"60ef3cac8f086e0783897577","sysImage":"","createdByName":"Josh Havens","createdDate":1626291372121,"stateName":"South Carolina","createdBy":"5f47ce0e8f0815394ff3be1b","﻿countryId":"5f04e1dc071274914878e842","sysName":"","stateCode":"SC","updatedDate":1626291372121,"sysTenantId":null},{"_id":"60ef3cac8f086e0783897578","sysImage":"","createdByName":"Josh Havens","createdDate":1626291372123,"stateName":"South Dakota","createdBy":"5f47ce0e8f0815394ff3be1b","﻿countryId":"5f04e1dc071274914878e842","sysName":"","stateCode":"SD","updatedDate":1626291372123,"sysTenantId":null},{"_id":"60ef3cac8f086e0783897579","sysImage":"","createdByName":"Josh Havens","createdDate":1626291372126,"stateName":"Tennessee","createdBy":"5f47ce0e8f0815394ff3be1b","﻿countryId":"5f04e1dc071274914878e842","sysName":"","stateCode":"TN","updatedDate":1626291372126,"sysTenantId":null},{"_id":"60ef3cac8f086e078389757a","sysImage":"","createdByName":"Josh Havens","createdDate":1626291372128,"stateName":"Texas","createdBy":"5f47ce0e8f0815394ff3be1b","﻿countryId":"5f04e1dc071274914878e842","sysName":"","stateCode":"TX","updatedDate":1626291372128,"sysTenantId":null},{"_id":"60ef3cac8f086e078389757b","sysImage":"","createdByName":"Josh Havens","createdDate":1626291372130,"stateName":"Utah","createdBy":"5f47ce0e8f0815394ff3be1b","﻿countryId":"5f04e1dc071274914878e842","sysName":"","stateCode":"UT","updatedDate":1626291372130,"sysTenantId":null},{"_id":"60ef3cac8f086e078389757c","sysImage":"","createdByName":"Josh Havens","createdDate":1626291372131,"stateName":"Vermont","createdBy":"5f47ce0e8f0815394ff3be1b","﻿countryId":"5f04e1dc071274914878e842","sysName":"","stateCode":"VT","updatedDate":1626291372131,"sysTenantId":null},{"_id":"60ef3cac8f086e078389757d","sysImage":"","createdByName":"Josh Havens","createdDate":1626291372133,"stateName":"Virginia","createdBy":"5f47ce0e8f0815394ff3be1b","﻿countryId":"5f04e1dc071274914878e842","sysName":"","stateCode":"VA","updatedDate":1626291372133,"sysTenantId":null},{"_id":"60ef3cac8f086e078389757e","sysImage":"","createdByName":"Josh Havens","createdDate":1626291372136,"stateName":"Washington","createdBy":"5f47ce0e8f0815394ff3be1b","﻿countryId":"5f04e1dc071274914878e842","sysName":"","stateCode":"WA","updatedDate":1626291372136,"sysTenantId":null},{"_id":"60ef3cac8f086e078389757f","sysImage":"","createdByName":"Josh Havens","createdDate":1626291372138,"stateName":"West Virginia","createdBy":"5f47ce0e8f0815394ff3be1b","﻿countryId":"5f04e1dc071274914878e842","sysName":"","stateCode":"WV","updatedDate":1626291372138,"sysTenantId":null},{"_id":"60ef3cac8f086e0783897580","sysImage":"","createdByName":"Josh Havens","createdDate":1626291372140,"stateName":"Wisconsin","createdBy":"5f47ce0e8f0815394ff3be1b","﻿countryId":"5f04e1dc071274914878e842","sysName":"","stateCode":"WI","updatedDate":1626291372140,"sysTenantId":null},{"_id":"60ef3cac8f086e0783897581","sysImage":"","createdByName":"Josh Havens","createdDate":1626291372142,"stateName":"Wyoming","createdBy":"5f47ce0e8f0815394ff3be1b","﻿countryId":"5f04e1dc071274914878e842","sysName":"","stateCode":"WY","updatedDate":1626291372142,"sysTenantId":null}]}]