[{"modelName":"Lookup_Gender","companyId":"5f47ce0c8f0815394ff3bd8a","data":[{"_id":"5f075ae4e4b0e53864006699","gender":"Male","language":"en","createdBy":"5e28c55ee4b0dc635b34d96c","createdByName":"Josh Havens","sysName":"","sysImage":"","createdDate":1594317540548,"updatedDate":1594317540548,"sysTenantId":null},{"_id":"5f075aede4b0e5386400669b","gender":"Female","language":"en","createdBy":"5e28c55ee4b0dc635b34d96c","createdByName":"Josh Havens","sysName":"","sysImage":"","createdDate":1594317549076,"updatedDate":1594317549076,"sysTenantId":null}]}]