[{"modelName":"Lookup_LettersSequence","companyId":"5f47ce0c8f0815394ff3bd8a","data":[{"_id":"5e84ac73e4b0fa5ef777a860","letter":"A","lowercaseLetter":"a","createdBy":"5e28c55ee4b0dc635b34d96c","createdByName":"Josh Havens","sysName":"","sysImage":"","number":1,"createdDate":1585753203533,"updatedDate":1585753203533,"sysTenantId":null},{"_id":"5e84ac7ae4b0fa5ef777a862","letter":"B","lowercaseLetter":"b","createdBy":"5e28c55ee4b0dc635b34d96c","createdByName":"Josh Havens","sysName":"","sysImage":"","number":2,"createdDate":1585753210813,"updatedDate":1585753210813,"sysTenantId":null},{"_id":"5e84ac7ee4b0fa5ef777a864","letter":"C","lowercaseLetter":"c","createdBy":"5e28c55ee4b0dc635b34d96c","createdByName":"Josh Havens","sysName":"","sysImage":"","number":3,"createdDate":1585753214036,"updatedDate":1585753214036,"sysTenantId":null},{"_id":"5e84ac85e4b0fa5ef777a866","letter":"D","lowercaseLetter":"d","createdBy":"5e28c55ee4b0dc635b34d96c","createdByName":"Josh Havens","sysName":"","sysImage":"","number":4,"createdDate":1585753221013,"updatedDate":1585753221013,"sysTenantId":null},{"_id":"5e84ac88e4b0fa5ef777a868","letter":"E","lowercaseLetter":"e","createdBy":"5e28c55ee4b0dc635b34d96c","createdByName":"Josh Havens","sysName":"","sysImage":"","number":5,"createdDate":1585753224372,"updatedDate":1585753224372,"sysTenantId":null},{"_id":"5e84ac8ee4b0fa5ef777a86a","letter":"F","lowercaseLetter":"f","createdBy":"5e28c55ee4b0dc635b34d96c","createdByName":"Josh Havens","sysName":"","sysImage":"","number":6,"createdDate":1585753230334,"updatedDate":1585753230334,"sysTenantId":null},{"_id":"5e84ac91e4b0fa5ef777a86c","letter":"G","lowercaseLetter":"g","createdBy":"5e28c55ee4b0dc635b34d96c","createdByName":"Josh Havens","sysName":"","sysImage":"","number":7,"createdDate":1585753233403,"updatedDate":1585753233403,"sysTenantId":null},{"_id":"5e84ac94e4b0fa5ef777a86e","letter":"H","lowercaseLetter":"h","createdBy":"5e28c55ee4b0dc635b34d96c","createdByName":"Josh Havens","sysName":"","sysImage":"","number":8,"createdDate":1585753236488,"updatedDate":1585753236488,"sysTenantId":null},{"_id":"5e84ac98e4b0fa5ef777a870","letter":"I","lowercaseLetter":"i","createdBy":"5e28c55ee4b0dc635b34d96c","createdByName":"Josh Havens","sysName":"","sysImage":"","number":9,"createdDate":1585753240300,"updatedDate":1585753240300,"sysTenantId":null},{"_id":"5e84ac9ce4b0fa5ef777a872","letter":"J","lowercaseLetter":"j","createdBy":"5e28c55ee4b0dc635b34d96c","createdByName":"Josh Havens","sysName":"","sysImage":"","number":10,"createdDate":1585753244213,"updatedDate":1585753244213,"sysTenantId":null},{"_id":"5e84ac9fe4b0fa5ef777a874","letter":"K","lowercaseLetter":"k","createdBy":"5e28c55ee4b0dc635b34d96c","createdByName":"Josh Havens","sysName":"","sysImage":"","number":11,"createdDate":1585753247486,"updatedDate":1585753247486,"sysTenantId":null},{"_id":"5e84aca2e4b0fa5ef777a876","letter":"L","lowercaseLetter":"l","createdBy":"5e28c55ee4b0dc635b34d96c","createdByName":"Josh Havens","sysName":"","sysImage":"","number":12,"createdDate":1585753250676,"updatedDate":1585753250676,"sysTenantId":null},{"_id":"5e84aca5e4b0fa5ef777a878","letter":"M","lowercaseLetter":"m","createdBy":"5e28c55ee4b0dc635b34d96c","createdByName":"Josh Havens","sysName":"","sysImage":"","number":13,"createdDate":1585753253940,"updatedDate":1585753253940,"sysTenantId":null},{"_id":"5e84aca9e4b0fa5ef777a87a","letter":"N","lowercaseLetter":"n","createdBy":"5e28c55ee4b0dc635b34d96c","createdByName":"Josh Havens","sysName":"","sysImage":"","number":14,"createdDate":1585753257299,"updatedDate":1585753257299,"sysTenantId":null},{"_id":"5e84acace4b0fa5ef777a87c","letter":"O","lowercaseLetter":"o","createdBy":"5e28c55ee4b0dc635b34d96c","createdByName":"Josh Havens","sysName":"","sysImage":"","number":15,"createdDate":1585753260676,"updatedDate":1585753260676,"sysTenantId":null},{"_id":"5e84acb0e4b0fa5ef777a87e","letter":"P","lowercaseLetter":"p","createdBy":"5e28c55ee4b0dc635b34d96c","createdByName":"Josh Havens","sysName":"","sysImage":"","number":16,"createdDate":1585753264314,"updatedDate":1585753264314,"sysTenantId":null},{"_id":"5e84acb3e4b0fa5ef777a880","letter":"Q","lowercaseLetter":"q","createdBy":"5e28c55ee4b0dc635b34d96c","createdByName":"Josh Havens","sysName":"","sysImage":"","number":17,"createdDate":1585753267868,"updatedDate":1585753267868,"sysTenantId":null},{"_id":"5e84acb7e4b0fa5ef777a882","letter":"R","lowercaseLetter":"r","createdBy":"5e28c55ee4b0dc635b34d96c","createdByName":"Josh Havens","sysName":"","sysImage":"","number":18,"createdDate":1585753271355,"updatedDate":1585753271355,"sysTenantId":null},{"_id":"5e84acbae4b0fa5ef777a884","letter":"S","lowercaseLetter":"s","createdBy":"5e28c55ee4b0dc635b34d96c","createdByName":"Josh Havens","sysName":"","sysImage":"","number":19,"createdDate":1585753274379,"updatedDate":1585753274379,"sysTenantId":null},{"_id":"5e84acbde4b0fa5ef777a886","letter":"T","lowercaseLetter":"t","createdBy":"5e28c55ee4b0dc635b34d96c","createdByName":"Josh Havens","sysName":"","sysImage":"","number":20,"createdDate":1585753277299,"updatedDate":1585753277299,"sysTenantId":null},{"_id":"5e84acc0e4b0fa5ef777a888","letter":"U","lowercaseLetter":"u","createdBy":"5e28c55ee4b0dc635b34d96c","createdByName":"Josh Havens","sysName":"","sysImage":"","number":21,"createdDate":1585753280673,"updatedDate":1585753280673,"sysTenantId":null},{"_id":"5e84acc3e4b0fa5ef777a88a","letter":"V","lowercaseLetter":"v","createdBy":"5e28c55ee4b0dc635b34d96c","createdByName":"Josh Havens","sysName":"","sysImage":"","number":22,"createdDate":1585753283810,"updatedDate":1585753283810,"sysTenantId":null},{"_id":"5e84acc6e4b0fa5ef777a88c","letter":"W","lowercaseLetter":"w","createdBy":"5e28c55ee4b0dc635b34d96c","createdByName":"Josh Havens","sysName":"","sysImage":"","number":23,"createdDate":1585753286985,"updatedDate":1585753286985,"sysTenantId":null},{"_id":"5e84accae4b0fa5ef777a88e","letter":"X","lowercaseLetter":"x","createdBy":"5e28c55ee4b0dc635b34d96c","createdByName":"Josh Havens","sysName":"","sysImage":"","number":24,"createdDate":1585753290099,"updatedDate":1585753290099,"sysTenantId":null},{"_id":"5e84accde4b0fa5ef777a890","letter":"Y","lowercaseLetter":"y","createdBy":"5e28c55ee4b0dc635b34d96c","createdByName":"Josh Havens","sysName":"","sysImage":"","number":25,"createdDate":1585753293012,"updatedDate":1585753293012,"sysTenantId":null},{"_id":"5e84acd0e4b0fa5ef777a892","lowercaseLetter":"z","letter":"Z","createdBy":"5e28c55ee4b0dc635b34d96c","createdByName":"Josh Havens","sysName":"","sysImage":"","number":26,"createdDate":1585753296051,"updatedDate":1585753296051,"sysTenantId":null}]}]