[{"modelName":"Lookup_Title","companyId":"5f47ce0c8f0815394ff3bd8a","data":[{"_id":"65032bfe8f08f58c26f133cf","createdBy":"637bb0d98f08128776b12db6","createdByName":"Stephen Krueger","createdDate":1694706686886,"label":null,"labelKey":null,"language":null,"seq":4,"sysContainerId":null,"sysImage":"","sysName":"","updatedBy":"637bb0d98f08128776b12db6","updatedByName":"Stephen Krueger","updatedDate":1694706972705,"title":"Dr.","sysTenantId":null},{"_id":"65032c238f08f58c26f133d3","createdBy":"637bb0d98f08128776b12db6","createdByName":"Stephen Krueger","createdDate":1694706723740,"label":null,"labelKey":null,"language":null,"seq":1,"sysContainerId":null,"sysImage":"","sysName":"","updatedBy":"637bb0d98f08128776b12db6","updatedByName":"Stephen Krueger","updatedDate":1694706957794,"title":"Mr.","sysTenantId":null},{"_id":"65032c2e8f08f58c26f133d5","createdBy":"637bb0d98f08128776b12db6","createdByName":"Stephen Krueger","createdDate":1694706734897,"label":null,"labelKey":null,"language":null,"seq":3,"sysContainerId":null,"sysImage":"","sysName":"","updatedBy":"637bb0d98f08128776b12db6","updatedByName":"Stephen Krueger","updatedDate":1694706967665,"title":"Mrs.","sysTenantId":null},{"_id":"65032c388f08f58c26f133d7","createdBy":"637bb0d98f08128776b12db6","createdByName":"Stephen Krueger","createdDate":1694706744005,"label":null,"labelKey":null,"language":null,"seq":2,"sysContainerId":null,"sysImage":"","sysName":"","updatedBy":"637bb0d98f08128776b12db6","updatedByName":"Stephen Krueger","updatedDate":1694706963546,"title":"Ms.","sysTenantId":null},{"_id":"65032c418f08f58c26f133d9","createdBy":"637bb0d98f08128776b12db6","createdByName":"Stephen Krueger","createdDate":1694706753965,"label":null,"labelKey":null,"language":null,"seq":5,"sysContainerId":null,"sysImage":"","sysName":"","updatedBy":"637bb0d98f08128776b12db6","updatedByName":"Stephen Krueger","updatedDate":1694706976912,"title":"Rev.","sysTenantId":null}]}]