[{"modelName":"Language","companyId":"5f47ce0c8f0815394ff3bd8a","data":[{"_id":"605d34a78f087b6a1d51f6da","639-1":"ab","sysImage":"","nativeName":"аҧсуа бызшәа, аҧсшәа","639-2":"abk","createdByName":"Josh Havens","createdDate":1616721063050,"﻿family":"Northwest Caucasian","createdBy":"5f47ce0e8f0815394ff3be1b","name":"Abkhaz","sysName":"","updatedDate":1616721063050,"sysTenantId":null},{"_id":"605d34a78f087b6a1d51f6db","639-1":"aa","sysImage":"","nativeName":"Afaraf","639-2":"aar","createdByName":"Josh Havens","createdDate":1616721063054,"﻿family":"Afro-Asiatic","createdBy":"5f47ce0e8f0815394ff3be1b","name":"Afar","sysName":"","updatedDate":1616721063054,"sysTenantId":null},{"_id":"605d34a78f087b6a1d51f6dc","639-1":"af","sysImage":"","nativeName":"Afrikaans","639-2":"afr","createdByName":"Josh Havens","createdDate":1616721063058,"﻿family":"Indo-European","createdBy":"5f47ce0e8f0815394ff3be1b","name":"Afrikaans","sysName":"","updatedDate":1616721063058,"sysTenantId":null},{"_id":"605d34a78f087b6a1d51f6dd","639-1":"ak","sysImage":"","nativeName":"Akan","639-2":"aka","createdByName":"Josh Havens","createdDate":1616721063062,"﻿family":"Niger–Congo","createdBy":"5f47ce0e8f0815394ff3be1b","name":"Akan","sysName":"","updatedDate":1616721063062,"sysTenantId":null},{"_id":"605d34a78f087b6a1d51f6de","639-1":"sq","sysImage":"","nativeName":"Shqip","639-2":"sqi","createdByName":"Josh Havens","createdDate":1616721063066,"﻿family":"Indo-European","createdBy":"5f47ce0e8f0815394ff3be1b","name":"Albanian","sysName":"","updatedDate":1616721063066,"sysTenantId":null},{"_id":"605d34a78f087b6a1d51f6df","639-1":"am","sysImage":"","nativeName":"አማርኛ","639-2":"amh","createdByName":"Josh Havens","createdDate":1616721063070,"﻿family":"Afro-Asiatic","createdBy":"5f47ce0e8f0815394ff3be1b","name":"Amharic","sysName":"","updatedDate":1616721063070,"translatable":true,"sysTenantId":null},{"_id":"605d34a78f087b6a1d51f6e0","639-1":"ar","sysImage":"","nativeName":"العربية","639-2":"ara","createdByName":"Josh Havens","createdDate":1616721063074,"﻿family":"Afro-Asiatic","createdBy":"5f47ce0e8f0815394ff3be1b","name":"Arabic","sysName":"","updatedDate":1616721859915,"translatable":true,"updatedBy":"5f47ce0e8f0815394ff3be1b","updatedByName":"Josh Havens","sysTenantId":null},{"_id":"605d34a78f087b6a1d51f6e1","639-1":"an","sysImage":"","nativeName":"aragonés","639-2":"arg","createdByName":"Josh Havens","createdDate":1616721063078,"﻿family":"Indo-European","createdBy":"5f47ce0e8f0815394ff3be1b","name":"Aragonese","sysName":"","updatedDate":1616721063078,"sysTenantId":null},{"_id":"605d34a78f087b6a1d51f6e2","639-1":"hy","sysImage":"","nativeName":"Հայերեն","639-2":"hye","createdByName":"Josh Havens","createdDate":1616721063082,"﻿family":"Indo-European","createdBy":"5f47ce0e8f0815394ff3be1b","name":"Armenian","sysName":"","updatedDate":1616721063082,"sysTenantId":null},{"_id":"605d34a78f087b6a1d51f6e3","639-1":"as","sysImage":"","nativeName":"অসমীয়া","639-2":"asm","createdByName":"Josh Havens","createdDate":1616721063086,"﻿family":"Indo-European","createdBy":"5f47ce0e8f0815394ff3be1b","name":"Assamese","sysName":"","updatedDate":1616721063086,"sysTenantId":null},{"_id":"605d34a78f087b6a1d51f6e4","639-1":"av","sysImage":"","nativeName":"авар мацӀ, магӀарул мацӀ","639-2":"ava","createdByName":"Josh Havens","createdDate":1616721063090,"﻿family":"Northeast Caucasian","createdBy":"5f47ce0e8f0815394ff3be1b","name":"Avaric","sysName":"","updatedDate":1616721063090,"sysTenantId":null},{"_id":"605d34a78f087b6a1d51f6e5","639-1":"ae","sysImage":"","nativeName":"avesta","639-2":"ave","createdByName":"Josh Havens","createdDate":1616721063094,"﻿family":"Indo-European","createdBy":"5f47ce0e8f0815394ff3be1b","name":"Avestan","sysName":"","updatedDate":1616721063094,"sysTenantId":null},{"_id":"605d34a78f087b6a1d51f6e6","639-1":"ay","sysImage":"","nativeName":"aymar aru","639-2":"aym","createdByName":"Josh Havens","createdDate":1616721063098,"﻿family":"Aymaran","createdBy":"5f47ce0e8f0815394ff3be1b","name":"Aymara","sysName":"","updatedDate":1616721063098,"sysTenantId":null},{"_id":"605d34a78f087b6a1d51f6e7","639-1":"az","sysImage":"","nativeName":"azərbaycan dili","639-2":"aze","createdByName":"Josh Havens","createdDate":1616721063102,"﻿family":"Turkic","createdBy":"5f47ce0e8f0815394ff3be1b","name":"Azerbaijani","sysName":"","updatedDate":1616721063102,"sysTenantId":null},{"_id":"605d34a78f087b6a1d51f6e8","639-1":"bm","sysImage":"","nativeName":"bamanankan","639-2":"bam","createdByName":"Josh Havens","createdDate":1616721063106,"﻿family":"Niger–Congo","createdBy":"5f47ce0e8f0815394ff3be1b","name":"Bambara","sysName":"","updatedDate":1616721063106,"sysTenantId":null},{"_id":"605d34a78f087b6a1d51f6e9","639-1":"ba","sysImage":"","nativeName":"башҡорт теле","639-2":"bak","createdByName":"Josh Havens","createdDate":1616721063110,"﻿family":"Turkic","createdBy":"5f47ce0e8f0815394ff3be1b","name":"Bashkir","sysName":"","updatedDate":1616721063110,"sysTenantId":null},{"_id":"605d34a78f087b6a1d51f6ea","639-1":"eu","sysImage":"","nativeName":"euskara, euskera","639-2":"eus","createdByName":"Josh Havens","createdDate":1616721063114,"﻿family":"Language isolate","createdBy":"5f47ce0e8f0815394ff3be1b","name":"Basque","sysName":"","updatedDate":1616721063114,"sysTenantId":null},{"_id":"605d34a78f087b6a1d51f6eb","639-1":"be","sysImage":"","nativeName":"беларуская мова","639-2":"bel","createdByName":"Josh Havens","createdDate":1616721063118,"﻿family":"Indo-European","createdBy":"5f47ce0e8f0815394ff3be1b","name":"Belarusian","sysName":"","updatedDate":1616721063118,"sysTenantId":null},{"_id":"605d34a78f087b6a1d51f6ec","639-1":"bn","sysImage":"","nativeName":"বাংলা","639-2":"ben","createdByName":"Josh Havens","createdDate":1616721063122,"﻿family":"Indo-European","createdBy":"5f47ce0e8f0815394ff3be1b","name":"Bengali, Bangla","sysName":"","updatedDate":1616721063122,"sysTenantId":null},{"_id":"605d34a78f087b6a1d51f6ed","639-1":"bh","sysImage":"","nativeName":"भोजपुरी","639-2":"bih","createdByName":"Josh Havens","createdDate":1616721063126,"﻿family":"Indo-European","createdBy":"5f47ce0e8f0815394ff3be1b","name":"Bihari","sysName":"","updatedDate":1616721063126,"sysTenantId":null},{"_id":"605d34a78f087b6a1d51f6ee","639-1":"bi","sysImage":"","nativeName":"Bislama","639-2":"bis","createdByName":"Josh Havens","createdDate":1616721063130,"﻿family":"Creole","createdBy":"5f47ce0e8f0815394ff3be1b","name":"Bislama","sysName":"","updatedDate":1616721063130,"sysTenantId":null},{"_id":"605d34a78f087b6a1d51f6ef","639-1":"bs","sysImage":"","nativeName":"bosanski jezik","639-2":"bos","createdByName":"Josh Havens","createdDate":1616721063134,"﻿family":"Indo-European","createdBy":"5f47ce0e8f0815394ff3be1b","name":"Bosnian","sysName":"","updatedDate":1616721063134,"sysTenantId":null},{"_id":"605d34a78f087b6a1d51f6f0","639-1":"br","sysImage":"","nativeName":"brezhoneg","639-2":"bre","createdByName":"Josh Havens","createdDate":1616721063138,"﻿family":"Indo-European","createdBy":"5f47ce0e8f0815394ff3be1b","name":"Breton","sysName":"","updatedDate":1616721063138,"sysTenantId":null},{"_id":"605d34a78f087b6a1d51f6f1","639-1":"bg","sysImage":"","nativeName":"български език","639-2":"bul","createdByName":"Josh Havens","createdDate":1616721063142,"﻿family":"Indo-European","createdBy":"5f47ce0e8f0815394ff3be1b","name":"Bulgarian","sysName":"","updatedDate":1616721063142,"sysTenantId":null},{"_id":"605d34a78f087b6a1d51f6f2","639-1":"my","sysImage":"","nativeName":"ဗမာစာ","639-2":"mya","createdByName":"Josh Havens","createdDate":1616721063146,"﻿family":"Sino-Tibetan","createdBy":"5f47ce0e8f0815394ff3be1b","name":"Burmese","sysName":"","updatedDate":1616721063146,"sysTenantId":null},{"_id":"605d34a78f087b6a1d51f6f3","639-1":"ca","sysImage":"","nativeName":"català","639-2":"cat","createdByName":"Josh Havens","createdDate":1616721063151,"﻿family":"Indo-European","createdBy":"5f47ce0e8f0815394ff3be1b","name":"Catalan","sysName":"","updatedDate":1616721063151,"sysTenantId":null},{"_id":"605d34a78f087b6a1d51f6f4","639-1":"ch","sysImage":"","nativeName":"Chamoru","639-2":"cha","createdByName":"Josh Havens","createdDate":1616721063155,"﻿family":"Austronesian","createdBy":"5f47ce0e8f0815394ff3be1b","name":"Chamorro","sysName":"","updatedDate":1616721063155,"sysTenantId":null},{"_id":"605d34a78f087b6a1d51f6f5","639-1":"ce","sysImage":"","nativeName":"нохчийн мотт","639-2":"che","createdByName":"Josh Havens","createdDate":1616721063159,"﻿family":"Northeast Caucasian","createdBy":"5f47ce0e8f0815394ff3be1b","name":"Chechen","sysName":"","updatedDate":1616721063159,"sysTenantId":null},{"_id":"605d34a78f087b6a1d51f6f6","639-1":"ny","sysImage":"","nativeName":"chiCheŵa, chinyanja","639-2":"nya","createdByName":"Josh Havens","createdDate":1616721063163,"﻿family":"Niger–Congo","createdBy":"5f47ce0e8f0815394ff3be1b","name":"Chichewa, Chewa, Nyanja","sysName":"","updatedDate":1616721063163,"sysTenantId":null},{"_id":"605d34a78f087b6a1d51f6f7","639-1":"zh","sysImage":"","nativeName":"中文 (Zhōngwén), 汉语, 漢語","639-2":"zho","createdByName":"Josh Havens","createdDate":1616721063167,"﻿family":"Sino-Tibetan","createdBy":"5f47ce0e8f0815394ff3be1b","name":"Chinese","sysName":"","updatedDate":1616721943293,"translatable":true,"updatedBy":"5f47ce0e8f0815394ff3be1b","updatedByName":"Josh Havens","sysTenantId":null},{"_id":"605d34a78f087b6a1d51f6f8","639-1":"cv","sysImage":"","nativeName":"чӑваш чӗлхи","639-2":"chv","createdByName":"Josh Havens","createdDate":1616721063171,"﻿family":"Turkic","createdBy":"5f47ce0e8f0815394ff3be1b","name":"Chuvash","sysName":"","updatedDate":1616721063171,"sysTenantId":null},{"_id":"605d34a78f087b6a1d51f6f9","639-1":"kw","sysImage":"","nativeName":"Kernewek","639-2":"cor","createdByName":"Josh Havens","createdDate":1616721063175,"﻿family":"Indo-European","createdBy":"5f47ce0e8f0815394ff3be1b","name":"Cornish","sysName":"","updatedDate":1616721063175,"sysTenantId":null},{"_id":"605d34a78f087b6a1d51f6fa","639-1":"co","sysImage":"","nativeName":"corsu, lingua corsa","639-2":"cos","createdByName":"Josh Havens","createdDate":1616721063179,"﻿family":"Indo-European","createdBy":"5f47ce0e8f0815394ff3be1b","name":"Corsican","sysName":"","updatedDate":1616721063179,"sysTenantId":null},{"_id":"605d34a78f087b6a1d51f6fb","639-1":"cr","sysImage":"","nativeName":"ᓀᐦᐃᔭᐍᐏᐣ","639-2":"cre","createdByName":"Josh Havens","createdDate":1616721063183,"﻿family":"Algonquian","createdBy":"5f47ce0e8f0815394ff3be1b","name":"Cree","sysName":"","updatedDate":1616721063183,"sysTenantId":null},{"_id":"605d34a78f087b6a1d51f6fc","639-1":"hr","sysImage":"","nativeName":"hrvatski jezik","639-2":"hrv","createdByName":"Josh Havens","createdDate":1616721063186,"﻿family":"Indo-European","createdBy":"5f47ce0e8f0815394ff3be1b","name":"Croatian","sysName":"","updatedDate":1616721063186,"sysTenantId":null},{"_id":"605d34a78f087b6a1d51f6fd","639-1":"cs","sysImage":"","nativeName":"čeština, český jazyk","639-2":"ces","createdByName":"Josh Havens","createdDate":1616721063190,"﻿family":"Indo-European","createdBy":"5f47ce0e8f0815394ff3be1b","name":"Czech","sysName":"","updatedDate":1616721063190,"sysTenantId":null},{"_id":"605d34a78f087b6a1d51f6fe","639-1":"da","sysImage":"","nativeName":"dansk","639-2":"dan","createdByName":"Josh Havens","createdDate":1616721063194,"﻿family":"Indo-European","createdBy":"5f47ce0e8f0815394ff3be1b","name":"Danish","sysName":"","updatedDate":1616721063194,"sysTenantId":null},{"_id":"605d34a78f087b6a1d51f6ff","639-1":"dv","sysImage":"","nativeName":"ދިވެހި","639-2":"div","createdByName":"Josh Havens","createdDate":1616721063198,"﻿family":"Indo-European","createdBy":"5f47ce0e8f0815394ff3be1b","name":"Divehi, Dhivehi, Maldivian","sysName":"","updatedDate":1616721063198,"sysTenantId":null},{"_id":"605d34a78f087b6a1d51f700","639-1":"nl","sysImage":"","nativeName":"Nederlands, Vlaams","639-2":"nld","createdByName":"Josh Havens","createdDate":1616721063202,"﻿family":"Indo-European","createdBy":"5f47ce0e8f0815394ff3be1b","name":"Dutch","sysName":"","updatedDate":1616721063202,"sysTenantId":null},{"_id":"605d34a78f087b6a1d51f701","639-1":"dz","sysImage":"","nativeName":"རྫོང་ཁ","639-2":"dzo","createdByName":"Josh Havens","createdDate":1616721063206,"﻿family":"Sino-Tibetan","createdBy":"5f47ce0e8f0815394ff3be1b","name":"Dzongkha","sysName":"","updatedDate":1616721063206,"sysTenantId":null},{"_id":"605d34a78f087b6a1d51f702","639-1":"en","sysImage":"","nativeName":"English","639-2":"eng","createdByName":"Josh Havens","createdDate":1616721063210,"﻿family":"Indo-European","createdBy":"5f47ce0e8f0815394ff3be1b","name":"English","sysName":"","updatedDate":1616721829224,"translatable":true,"updatedBy":"5f47ce0e8f0815394ff3be1b","updatedByName":"Josh Havens","sysTenantId":null},{"_id":"605d34a78f087b6a1d51f703","639-1":"eo","sysImage":"","nativeName":"Esperanto","639-2":"epo","createdByName":"Josh Havens","createdDate":1616721063214,"﻿family":"Constructed","createdBy":"5f47ce0e8f0815394ff3be1b","name":"Esperanto","sysName":"","updatedDate":1616721063214,"sysTenantId":null},{"_id":"605d34a78f087b6a1d51f704","639-1":"et","sysImage":"","nativeName":"eesti, eesti keel","639-2":"est","createdByName":"Josh Havens","createdDate":1616721063218,"﻿family":"Uralic","createdBy":"5f47ce0e8f0815394ff3be1b","name":"Estonian","sysName":"","updatedDate":1616721063218,"sysTenantId":null},{"_id":"605d34a78f087b6a1d51f705","639-1":"ee","sysImage":"","nativeName":"Eʋegbe","639-2":"ewe","createdByName":"Josh Havens","createdDate":1616721063221,"﻿family":"Niger–Congo","createdBy":"5f47ce0e8f0815394ff3be1b","name":"Ewe","sysName":"","updatedDate":1616721063221,"sysTenantId":null},{"_id":"605d34a78f087b6a1d51f706","639-1":"fo","sysImage":"","nativeName":"føroyskt","639-2":"fao","createdByName":"Josh Havens","createdDate":1616721063225,"﻿family":"Indo-European","createdBy":"5f47ce0e8f0815394ff3be1b","name":"Faroese","sysName":"","updatedDate":1616721063225,"sysTenantId":null},{"_id":"605d34a78f087b6a1d51f707","639-1":"fj","sysImage":"","nativeName":"vosa Vakaviti","639-2":"fij","createdByName":"Josh Havens","createdDate":1616721063229,"﻿family":"Austronesian","createdBy":"5f47ce0e8f0815394ff3be1b","name":"Fijian","sysName":"","updatedDate":1616721063229,"sysTenantId":null},{"_id":"605d34a78f087b6a1d51f708","639-1":"fi","sysImage":"","nativeName":"suomi, suomen kieli","639-2":"fin","createdByName":"Josh Havens","createdDate":1616721063233,"﻿family":"Uralic","createdBy":"5f47ce0e8f0815394ff3be1b","name":"Finnish","sysName":"","updatedDate":1616721063233,"sysTenantId":null},{"_id":"605d34a78f087b6a1d51f709","639-1":"fr","sysImage":"","nativeName":"français, langue française","639-2":"fra","createdByName":"Josh Havens","createdDate":1616721063237,"﻿family":"Indo-European","createdBy":"5f47ce0e8f0815394ff3be1b","name":"French","sysName":"","updatedDate":1616721878953,"translatable":false,"updatedBy":"5f47ce0e8f0815394ff3be1b","updatedByName":"Josh Havens","sysTenantId":null},{"_id":"605d34a78f087b6a1d51f70a","639-1":"ff","sysImage":"","nativeName":"Fulfulde, Pulaar, Pular","639-2":"ful","createdByName":"Josh Havens","createdDate":1616721063241,"﻿family":"Niger–Congo","createdBy":"5f47ce0e8f0815394ff3be1b","name":"Fula, Fulah, Pulaar, Pular","sysName":"","updatedDate":1616721063241,"sysTenantId":null},{"_id":"605d34a78f087b6a1d51f70b","639-1":"gl","sysImage":"","nativeName":"galego","639-2":"glg","createdByName":"Josh Havens","createdDate":1616721063245,"﻿family":"Indo-European","createdBy":"5f47ce0e8f0815394ff3be1b","name":"Galician","sysName":"","updatedDate":1616721063245,"sysTenantId":null},{"_id":"605d34a78f087b6a1d51f70c","639-1":"ka","sysImage":"","nativeName":"ქართული","639-2":"kat","createdByName":"Josh Havens","createdDate":1616721063249,"﻿family":"South Caucasian","createdBy":"5f47ce0e8f0815394ff3be1b","name":"Georgian","sysName":"","updatedDate":1616721063249,"sysTenantId":null},{"_id":"605d34a78f087b6a1d51f70d","639-1":"de","sysImage":"","nativeName":"Deutsch","639-2":"deu","createdByName":"Josh Havens","createdDate":1616721063253,"﻿family":"Indo-European","createdBy":"5f47ce0e8f0815394ff3be1b","name":"German","sysName":"","updatedDate":1616721885860,"translatable":false,"updatedBy":"5f47ce0e8f0815394ff3be1b","updatedByName":"Josh Havens","sysTenantId":null},{"_id":"605d34a78f087b6a1d51f70e","639-1":"el","sysImage":"","nativeName":"ελληνικά","639-2":"ell","createdByName":"Josh Havens","createdDate":1616721063258,"﻿family":"Indo-European","createdBy":"5f47ce0e8f0815394ff3be1b","name":"Greek (modern)","sysName":"","updatedDate":1616721063258,"sysTenantId":null},{"_id":"605d34a78f087b6a1d51f70f","639-1":"gn","sysImage":"","nativeName":"Avañe'ẽ","639-2":"grn","createdByName":"Josh Havens","createdDate":1616721063262,"﻿family":"Tupian","createdBy":"5f47ce0e8f0815394ff3be1b","name":"Guaraní","sysName":"","updatedDate":1616721063262,"sysTenantId":null},{"_id":"605d34a78f087b6a1d51f710","639-1":"gu","sysImage":"","nativeName":"ગુજરાતી","639-2":"guj","createdByName":"Josh Havens","createdDate":1616721063266,"﻿family":"Indo-European","createdBy":"5f47ce0e8f0815394ff3be1b","name":"Gujarati","sysName":"","updatedDate":1616721063266,"sysTenantId":null},{"_id":"605d34a78f087b6a1d51f711","639-1":"ht","sysImage":"","nativeName":"Kreyòl ayisyen","639-2":"hat","createdByName":"Josh Havens","createdDate":1616721063269,"﻿family":"Creole","createdBy":"5f47ce0e8f0815394ff3be1b","name":"Haitian, Haitian Creole","sysName":"","updatedDate":1616721063269,"sysTenantId":null},{"_id":"605d34a78f087b6a1d51f712","639-1":"ha","sysImage":"","nativeName":"(Hausa) هَوُسَ","639-2":"hau","createdByName":"Josh Havens","createdDate":1616721063273,"﻿family":"Afro-Asiatic","createdBy":"5f47ce0e8f0815394ff3be1b","name":"Hausa","sysName":"","updatedDate":1616721063273,"sysTenantId":null},{"_id":"605d34a78f087b6a1d51f713","639-1":"he","sysImage":"","nativeName":"עברית","639-2":"heb","createdByName":"Josh Havens","createdDate":1616721063278,"﻿family":"Afro-Asiatic","createdBy":"5f47ce0e8f0815394ff3be1b","name":"Hebrew (modern)","sysName":"","updatedDate":1616721063278,"sysTenantId":null},{"_id":"605d34a78f087b6a1d51f714","639-1":"hz","sysImage":"","nativeName":"Otjiherero","639-2":"her","createdByName":"Josh Havens","createdDate":1616721063282,"﻿family":"Niger–Congo","createdBy":"5f47ce0e8f0815394ff3be1b","name":"Herero","sysName":"","updatedDate":1616721063282,"sysTenantId":null},{"_id":"605d34a78f087b6a1d51f715","639-1":"hi","sysImage":"","nativeName":"हिन्दी, हिंदी","639-2":"hin","createdByName":"Josh Havens","createdDate":1616721063286,"﻿family":"Indo-European","createdBy":"5f47ce0e8f0815394ff3be1b","name":"Hindi","sysName":"","updatedDate":1616721063286,"translatable":true,"sysTenantId":null},{"_id":"605d34a78f087b6a1d51f716","639-1":"ho","sysImage":"","nativeName":"Hiri Motu","639-2":"hmo","createdByName":"Josh Havens","createdDate":1616721063290,"﻿family":"Austronesian","createdBy":"5f47ce0e8f0815394ff3be1b","name":"Hiri Motu","sysName":"","updatedDate":1616721063290,"sysTenantId":null},{"_id":"605d34a78f087b6a1d51f717","639-1":"hu","sysImage":"","nativeName":"magyar","639-2":"hun","createdByName":"Josh Havens","createdDate":1616721063294,"﻿family":"Uralic","createdBy":"5f47ce0e8f0815394ff3be1b","name":"Hungarian","sysName":"","updatedDate":1616721063294,"sysTenantId":null},{"_id":"605d34a78f087b6a1d51f718","639-1":"ia","sysImage":"","nativeName":"Interlingua","639-2":"ina","createdByName":"Josh Havens","createdDate":1616721063298,"﻿family":"Constructed","createdBy":"5f47ce0e8f0815394ff3be1b","name":"Interlingua","sysName":"","updatedDate":1616721063298,"sysTenantId":null},{"_id":"605d34a78f087b6a1d51f719","639-1":"id","sysImage":"","nativeName":"Bahasa Indonesia","639-2":"ind","createdByName":"Josh Havens","createdDate":1616721063302,"﻿family":"Austronesian","createdBy":"5f47ce0e8f0815394ff3be1b","name":"Indonesian","sysName":"","updatedDate":1616721063302,"sysTenantId":null},{"_id":"605d34a78f087b6a1d51f71a","639-1":"ie","sysImage":"","nativeName":"Originally called Occidental; then Interlingue after WWII","639-2":"ile","createdByName":"Josh Havens","createdDate":1616721063306,"﻿family":"Constructed","createdBy":"5f47ce0e8f0815394ff3be1b","name":"Interlingue","sysName":"","updatedDate":1616721063306,"sysTenantId":null},{"_id":"605d34a78f087b6a1d51f71b","639-1":"ga","sysImage":"","nativeName":"Gaeilge","639-2":"gle","createdByName":"Josh Havens","createdDate":1616721063310,"﻿family":"Indo-European","createdBy":"5f47ce0e8f0815394ff3be1b","name":"Irish","sysName":"","updatedDate":1616721063310,"sysTenantId":null},{"_id":"605d34a78f087b6a1d51f71c","639-1":"ig","sysImage":"","nativeName":"Asụsụ Igbo","639-2":"ibo","createdByName":"Josh Havens","createdDate":1616721063314,"﻿family":"Niger–Congo","createdBy":"5f47ce0e8f0815394ff3be1b","name":"Igbo","sysName":"","updatedDate":1616721063314,"sysTenantId":null},{"_id":"605d34a78f087b6a1d51f71d","639-1":"ik","sysImage":"","nativeName":"Iñupiaq, Iñupiatun","639-2":"ipk","createdByName":"Josh Havens","createdDate":1616721063318,"﻿family":"Eskimo–Aleut","createdBy":"5f47ce0e8f0815394ff3be1b","name":"Inupiaq","sysName":"","updatedDate":1616721063318,"sysTenantId":null},{"_id":"605d34a78f087b6a1d51f71e","639-1":"io","sysImage":"","nativeName":"Ido","639-2":"ido","createdByName":"Josh Havens","createdDate":1616721063322,"﻿family":"Constructed","createdBy":"5f47ce0e8f0815394ff3be1b","name":"Ido","sysName":"","updatedDate":1616721063322,"sysTenantId":null},{"_id":"605d34a78f087b6a1d51f71f","639-1":"is","sysImage":"","nativeName":"Íslenska","639-2":"isl","createdByName":"Josh Havens","createdDate":1616721063326,"﻿family":"Indo-European","createdBy":"5f47ce0e8f0815394ff3be1b","name":"Icelandic","sysName":"","updatedDate":1616721063326,"sysTenantId":null},{"_id":"605d34a78f087b6a1d51f720","639-1":"it","sysImage":"","nativeName":"Italiano","639-2":"ita","createdByName":"Josh Havens","createdDate":1616721063330,"﻿family":"Indo-European","createdBy":"5f47ce0e8f0815394ff3be1b","name":"Italian","sysName":"","updatedDate":1616721892622,"translatable":false,"updatedBy":"5f47ce0e8f0815394ff3be1b","updatedByName":"Josh Havens","sysTenantId":null},{"_id":"605d34a78f087b6a1d51f721","639-1":"iu","sysImage":"","nativeName":"ᐃᓄᒃᑎᑐᑦ","639-2":"iku","createdByName":"Josh Havens","createdDate":1616721063334,"﻿family":"Eskimo–Aleut","createdBy":"5f47ce0e8f0815394ff3be1b","name":"Inuktitut","sysName":"","updatedDate":1616721063334,"sysTenantId":null},{"_id":"605d34a78f087b6a1d51f722","639-1":"ja","sysImage":"","nativeName":"日本語 (にほんご)","639-2":"jpn","createdByName":"Josh Havens","createdDate":1616721063338,"﻿family":"Japonic","createdBy":"5f47ce0e8f0815394ff3be1b","name":"Japanese","sysName":"","updatedDate":1616721900626,"translatable":false,"updatedBy":"5f47ce0e8f0815394ff3be1b","updatedByName":"Josh Havens","sysTenantId":null},{"_id":"605d34a78f087b6a1d51f723","639-1":"jv","sysImage":"","nativeName":"ꦧꦱꦗꦮ, Basa Jawa","639-2":"jav","createdByName":"Josh Havens","createdDate":1616721063342,"﻿family":"Austronesian","createdBy":"5f47ce0e8f0815394ff3be1b","name":"Javanese","sysName":"","updatedDate":1616721063342,"sysTenantId":null},{"_id":"605d34a78f087b6a1d51f724","639-1":"kl","sysImage":"","nativeName":"kalaallisut, kalaallit oqaasii","639-2":"kal","createdByName":"Josh Havens","createdDate":1616721063346,"﻿family":"Eskimo–Aleut","createdBy":"5f47ce0e8f0815394ff3be1b","name":"Kalaallisut, Greenlandic","sysName":"","updatedDate":1616721063346,"sysTenantId":null},{"_id":"605d34a78f087b6a1d51f725","639-1":"kn","sysImage":"","nativeName":"ಕನ್ನಡ","639-2":"kan","createdByName":"Josh Havens","createdDate":1616721063350,"﻿family":"Dravidian","createdBy":"5f47ce0e8f0815394ff3be1b","name":"Kannada","sysName":"","updatedDate":1616721063350,"sysTenantId":null},{"_id":"605d34a78f087b6a1d51f726","639-1":"kr","sysImage":"","nativeName":"Kanuri","639-2":"kau","createdByName":"Josh Havens","createdDate":1616721063366,"﻿family":"Nilo-Saharan","createdBy":"5f47ce0e8f0815394ff3be1b","name":"Kanuri","sysName":"","updatedDate":1616721063366,"sysTenantId":null},{"_id":"605d34a78f087b6a1d51f727","639-1":"ks","sysImage":"","nativeName":"कश्मीरी, كشميري‎","639-2":"kas","createdByName":"Josh Havens","createdDate":1616721063370,"﻿family":"Indo-European","createdBy":"5f47ce0e8f0815394ff3be1b","name":"Kashmiri","sysName":"","updatedDate":1616721063370,"sysTenantId":null},{"_id":"605d34a78f087b6a1d51f728","639-1":"kk","sysImage":"","nativeName":"қазақ тілі","639-2":"kaz","createdByName":"Josh Havens","createdDate":1616721063374,"﻿family":"Turkic","createdBy":"5f47ce0e8f0815394ff3be1b","name":"Kazakh","sysName":"","updatedDate":1616721063374,"sysTenantId":null},{"_id":"605d34a78f087b6a1d51f729","639-1":"km","sysImage":"","nativeName":"ខ្មែរ, ខេមរភាសា, ភាសាខ្មែរ","639-2":"khm","createdByName":"Josh Havens","createdDate":1616721063378,"﻿family":"Austroasiatic","createdBy":"5f47ce0e8f0815394ff3be1b","name":"Khmer","sysName":"","updatedDate":1616721063378,"sysTenantId":null},{"_id":"605d34a78f087b6a1d51f72a","639-1":"ki","sysImage":"","nativeName":"Gĩkũyũ","639-2":"kik","createdByName":"Josh Havens","createdDate":1616721063382,"﻿family":"Niger–Congo","createdBy":"5f47ce0e8f0815394ff3be1b","name":"Kikuyu, Gikuyu","sysName":"","updatedDate":1616721063382,"sysTenantId":null},{"_id":"605d34a78f087b6a1d51f72b","639-1":"rw","sysImage":"","nativeName":"Ikinyarwanda","639-2":"kin","createdByName":"Josh Havens","createdDate":1616721063386,"﻿family":"Niger–Congo","createdBy":"5f47ce0e8f0815394ff3be1b","name":"Kinyarwanda","sysName":"","updatedDate":1616721063386,"sysTenantId":null},{"_id":"605d34a78f087b6a1d51f72c","639-1":"ky","sysImage":"","nativeName":"Кыргызча, Кыргыз тили","639-2":"kir","createdByName":"Josh Havens","createdDate":1616721063390,"﻿family":"Turkic","createdBy":"5f47ce0e8f0815394ff3be1b","name":"Kyrgyz","sysName":"","updatedDate":1616721063390,"sysTenantId":null},{"_id":"605d34a78f087b6a1d51f72d","639-1":"kv","sysImage":"","nativeName":"коми кыв","639-2":"kom","createdByName":"Josh Havens","createdDate":1616721063394,"﻿family":"Uralic","createdBy":"5f47ce0e8f0815394ff3be1b","name":"Komi","sysName":"","updatedDate":1616721063394,"sysTenantId":null},{"_id":"605d34a78f087b6a1d51f72e","639-1":"kg","sysImage":"","nativeName":"Kikongo","639-2":"kon","createdByName":"Josh Havens","createdDate":1616721063398,"﻿family":"Niger–Congo","createdBy":"5f47ce0e8f0815394ff3be1b","name":"Kongo","sysName":"","updatedDate":1616721063398,"sysTenantId":null},{"_id":"605d34a78f087b6a1d51f72f","639-1":"ko","sysImage":"","nativeName":"한국어","639-2":"kor","createdByName":"Josh Havens","createdDate":1616721063402,"﻿family":"Koreanic","createdBy":"5f47ce0e8f0815394ff3be1b","name":"Korean","sysName":"","updatedDate":1616721063402,"sysTenantId":null},{"_id":"605d34a78f087b6a1d51f730","639-1":"ku","sysImage":"","nativeName":"Kurdî, كوردی‎","639-2":"kur","createdByName":"Josh Havens","createdDate":1616721063406,"﻿family":"Indo-European","createdBy":"5f47ce0e8f0815394ff3be1b","name":"Kurdish","sysName":"","updatedDate":1616721063406,"sysTenantId":null},{"_id":"605d34a78f087b6a1d51f731","639-1":"kj","sysImage":"","nativeName":"Kuanyama","639-2":"kua","createdByName":"Josh Havens","createdDate":1616721063410,"﻿family":"Niger–Congo","createdBy":"5f47ce0e8f0815394ff3be1b","name":"Kwanyama, Kuanyama","sysName":"","updatedDate":1616721063410,"sysTenantId":null},{"_id":"605d34a78f087b6a1d51f732","639-1":"la","sysImage":"","nativeName":"latine, lingua latina","639-2":"lat","createdByName":"Josh Havens","createdDate":1616721063414,"﻿family":"Indo-European","createdBy":"5f47ce0e8f0815394ff3be1b","name":"Latin","sysName":"","updatedDate":1616721063414,"sysTenantId":null},{"_id":"605d34a78f087b6a1d51f733","639-1":"lb","sysImage":"","nativeName":"Lëtzebuergesch","639-2":"ltz","createdByName":"Josh Havens","createdDate":1616721063418,"﻿family":"Indo-European","createdBy":"5f47ce0e8f0815394ff3be1b","name":"Luxembourgish, Letzeburgesch","sysName":"","updatedDate":1616721063418,"sysTenantId":null},{"_id":"605d34a78f087b6a1d51f734","639-1":"lg","sysImage":"","nativeName":"Luganda","639-2":"lug","createdByName":"Josh Havens","createdDate":1616721063421,"﻿family":"Niger–Congo","createdBy":"5f47ce0e8f0815394ff3be1b","name":"Ganda","sysName":"","updatedDate":1616721063421,"sysTenantId":null},{"_id":"605d34a78f087b6a1d51f735","639-1":"li","sysImage":"","nativeName":"Limburgs","639-2":"lim","createdByName":"Josh Havens","createdDate":1616721063425,"﻿family":"Indo-European","createdBy":"5f47ce0e8f0815394ff3be1b","name":"Limburgish, Limburgan, Limburger","sysName":"","updatedDate":1616721063425,"sysTenantId":null},{"_id":"605d34a78f087b6a1d51f736","639-1":"ln","sysImage":"","nativeName":"Lingála","639-2":"lin","createdByName":"Josh Havens","createdDate":1616721063429,"﻿family":"Niger–Congo","createdBy":"5f47ce0e8f0815394ff3be1b","name":"Lingala","sysName":"","updatedDate":1616721063429,"sysTenantId":null},{"_id":"605d34a78f087b6a1d51f737","639-1":"lo","sysImage":"","nativeName":"ພາສາລາວ","639-2":"lao","createdByName":"Josh Havens","createdDate":1616721063433,"﻿family":"Tai–Kadai","createdBy":"5f47ce0e8f0815394ff3be1b","name":"Lao","sysName":"","updatedDate":1616721063433,"sysTenantId":null},{"_id":"605d34a78f087b6a1d51f738","639-1":"lt","sysImage":"","nativeName":"lietuvių kalba","639-2":"lit","createdByName":"Josh Havens","createdDate":1616721063437,"﻿family":"Indo-European","createdBy":"5f47ce0e8f0815394ff3be1b","name":"Lithuanian","sysName":"","updatedDate":1616721063437,"sysTenantId":null},{"_id":"605d34a78f087b6a1d51f739","639-1":"lu","sysImage":"","nativeName":"Tshiluba","639-2":"lub","createdByName":"Josh Havens","createdDate":1616721063441,"﻿family":"Niger–Congo","createdBy":"5f47ce0e8f0815394ff3be1b","name":"Luba-Katanga","sysName":"","updatedDate":1616721063441,"sysTenantId":null},{"_id":"605d34a78f087b6a1d51f73a","639-1":"lv","sysImage":"","nativeName":"latviešu valoda","639-2":"lav","createdByName":"Josh Havens","createdDate":1616721063445,"﻿family":"Indo-European","createdBy":"5f47ce0e8f0815394ff3be1b","name":"Latvian","sysName":"","updatedDate":1616721063445,"sysTenantId":null},{"_id":"605d34a78f087b6a1d51f73b","639-1":"gv","sysImage":"","nativeName":"Gaelg, Gailck","639-2":"glv","createdByName":"Josh Havens","createdDate":1616721063449,"﻿family":"Indo-European","createdBy":"5f47ce0e8f0815394ff3be1b","name":"Manx","sysName":"","updatedDate":1616721063449,"sysTenantId":null},{"_id":"605d34a78f087b6a1d51f73c","639-1":"mk","sysImage":"","nativeName":"македонски јазик","639-2":"mkd","createdByName":"Josh Havens","createdDate":1616721063453,"﻿family":"Indo-European","createdBy":"5f47ce0e8f0815394ff3be1b","name":"Macedonian","sysName":"","updatedDate":1616721063453,"sysTenantId":null},{"_id":"605d34a78f087b6a1d51f73d","639-1":"mg","sysImage":"","nativeName":"fiteny malagasy","639-2":"mlg","createdByName":"Josh Havens","createdDate":1616721063458,"﻿family":"Austronesian","createdBy":"5f47ce0e8f0815394ff3be1b","name":"Malagasy","sysName":"","updatedDate":1616721063458,"sysTenantId":null},{"_id":"605d34a78f087b6a1d51f73e","639-1":"ms","sysImage":"","nativeName":"bahasa Melayu, بهاس ملايو‎","639-2":"msa","createdByName":"Josh Havens","createdDate":1616721063462,"﻿family":"Austronesian","createdBy":"5f47ce0e8f0815394ff3be1b","name":"Malay","sysName":"","updatedDate":1616721063462,"sysTenantId":null},{"_id":"605d34a78f087b6a1d51f73f","639-1":"ml","sysImage":"","nativeName":"മലയാളം","639-2":"mal","createdByName":"Josh Havens","createdDate":1616721063466,"﻿family":"Dravidian","createdBy":"5f47ce0e8f0815394ff3be1b","name":"Malayalam","sysName":"","updatedDate":1616721063466,"sysTenantId":null},{"_id":"605d34a78f087b6a1d51f740","639-1":"mt","sysImage":"","nativeName":"Malti","639-2":"mlt","createdByName":"Josh Havens","createdDate":1616721063470,"﻿family":"Afro-Asiatic","createdBy":"5f47ce0e8f0815394ff3be1b","name":"Maltese","sysName":"","updatedDate":1616721063470,"sysTenantId":null},{"_id":"605d34a78f087b6a1d51f741","639-1":"mi","sysImage":"","nativeName":"te reo Māori","639-2":"mri","createdByName":"Josh Havens","createdDate":1616721063474,"﻿family":"Austronesian","createdBy":"5f47ce0e8f0815394ff3be1b","name":"Māori","sysName":"","updatedDate":1616721063474,"sysTenantId":null},{"_id":"605d34a78f087b6a1d51f742","639-1":"mr","sysImage":"","nativeName":"मराठी","639-2":"mar","createdByName":"Josh Havens","createdDate":1616721063478,"﻿family":"Indo-European","createdBy":"5f47ce0e8f0815394ff3be1b","name":"Marathi (Marāṭhī)","sysName":"","updatedDate":1616721063478,"sysTenantId":null},{"_id":"605d34a78f087b6a1d51f743","639-1":"mh","sysImage":"","nativeName":"Kajin M̧ajeļ","639-2":"mah","createdByName":"Josh Havens","createdDate":1616721063482,"﻿family":"Austronesian","createdBy":"5f47ce0e8f0815394ff3be1b","name":"Marshallese","sysName":"","updatedDate":1616721063482,"sysTenantId":null},{"_id":"605d34a78f087b6a1d51f744","639-1":"mn","sysImage":"","nativeName":"Монгол хэл","639-2":"mon","createdByName":"Josh Havens","createdDate":1616721063486,"﻿family":"Mongolic","createdBy":"5f47ce0e8f0815394ff3be1b","name":"Mongolian","sysName":"","updatedDate":1616721063486,"sysTenantId":null},{"_id":"605d34a78f087b6a1d51f745","639-1":"na","sysImage":"","nativeName":"Dorerin Naoero","639-2":"nau","createdByName":"Josh Havens","createdDate":1616721063490,"﻿family":"Austronesian","createdBy":"5f47ce0e8f0815394ff3be1b","name":"Nauruan","sysName":"","updatedDate":1616721063490,"sysTenantId":null},{"_id":"605d34a78f087b6a1d51f746","639-1":"nv","sysImage":"","nativeName":"Diné bizaad","639-2":"nav","createdByName":"Josh Havens","createdDate":1616721063494,"﻿family":"Dené–Yeniseian","createdBy":"5f47ce0e8f0815394ff3be1b","name":"Navajo, Navaho","sysName":"","updatedDate":1616721063494,"sysTenantId":null},{"_id":"605d34a78f087b6a1d51f747","639-1":"nd","sysImage":"","nativeName":"isiNdebele","639-2":"nde","createdByName":"Josh Havens","createdDate":1616721063498,"﻿family":"Niger–Congo","createdBy":"5f47ce0e8f0815394ff3be1b","name":"Northern Ndebele","sysName":"","updatedDate":1616721063498,"sysTenantId":null},{"_id":"605d34a78f087b6a1d51f748","639-1":"ne","sysImage":"","nativeName":"नेपाली","639-2":"nep","createdByName":"Josh Havens","createdDate":1616721063502,"﻿family":"Indo-European","createdBy":"5f47ce0e8f0815394ff3be1b","name":"Nepali","sysName":"","updatedDate":1616721063502,"sysTenantId":null},{"_id":"605d34a78f087b6a1d51f749","639-1":"ng","sysImage":"","nativeName":"Owambo","639-2":"ndo","createdByName":"Josh Havens","createdDate":1616721063506,"﻿family":"Niger–Congo","createdBy":"5f47ce0e8f0815394ff3be1b","name":"Ndonga","sysName":"","updatedDate":1616721063506,"sysTenantId":null},{"_id":"605d34a78f087b6a1d51f74a","639-1":"nb","sysImage":"","nativeName":"Norsk bokmål","639-2":"nob","createdByName":"Josh Havens","createdDate":1616721063510,"﻿family":"Indo-European","createdBy":"5f47ce0e8f0815394ff3be1b","name":"Norwegian Bokmål","sysName":"","updatedDate":1616721063510,"sysTenantId":null},{"_id":"605d34a78f087b6a1d51f74b","639-1":"nn","sysImage":"","nativeName":"Norsk nynorsk","639-2":"nno","createdByName":"Josh Havens","createdDate":1616721063514,"﻿family":"Indo-European","createdBy":"5f47ce0e8f0815394ff3be1b","name":"Norwegian Nynorsk","sysName":"","updatedDate":1616721063514,"sysTenantId":null},{"_id":"605d34a78f087b6a1d51f74c","639-1":"no","sysImage":"","nativeName":"Norsk","639-2":"nor","createdByName":"Josh Havens","createdDate":1616721063518,"﻿family":"Indo-European","createdBy":"5f47ce0e8f0815394ff3be1b","name":"Norwegian","sysName":"","updatedDate":1616721063518,"sysTenantId":null},{"_id":"605d34a78f087b6a1d51f74d","639-1":"ii","sysImage":"","nativeName":"ꆈꌠ꒿ Nuosuhxop","639-2":"iii","createdByName":"Josh Havens","createdDate":1616721063522,"﻿family":"Sino-Tibetan","createdBy":"5f47ce0e8f0815394ff3be1b","name":"Nuosu","sysName":"","updatedDate":1616721063522,"sysTenantId":null},{"_id":"605d34a78f087b6a1d51f74e","639-1":"nr","sysImage":"","nativeName":"isiNdebele","639-2":"nbl","createdByName":"Josh Havens","createdDate":1616721063526,"﻿family":"Niger–Congo","createdBy":"5f47ce0e8f0815394ff3be1b","name":"Southern Ndebele","sysName":"","updatedDate":1616721063526,"sysTenantId":null},{"_id":"605d34a78f087b6a1d51f74f","639-1":"oc","sysImage":"","nativeName":"occitan, lenga d'òc","639-2":"oci","createdByName":"Josh Havens","createdDate":1616721063530,"﻿family":"Indo-European","createdBy":"5f47ce0e8f0815394ff3be1b","name":"Occitan","sysName":"","updatedDate":1616721063530,"sysTenantId":null},{"_id":"605d34a78f087b6a1d51f750","639-1":"oj","sysImage":"","nativeName":"ᐊᓂᔑᓈᐯᒧᐎᓐ","639-2":"oji","createdByName":"Josh Havens","createdDate":1616721063534,"﻿family":"Algonquian","createdBy":"5f47ce0e8f0815394ff3be1b","name":"Ojibwe, Ojibwa","sysName":"","updatedDate":1616721063534,"sysTenantId":null},{"_id":"605d34a78f087b6a1d51f751","639-1":"cu","sysImage":"","nativeName":"ѩзыкъ словѣньскъ","639-2":"chu","createdByName":"Josh Havens","createdDate":1616721063538,"﻿family":"Indo-European","createdBy":"5f47ce0e8f0815394ff3be1b","name":"Old Church Slavonic, Church Slavonic, Old Bulgarian","sysName":"","updatedDate":1616721063538,"sysTenantId":null},{"_id":"605d34a78f087b6a1d51f752","639-1":"om","sysImage":"","nativeName":"Afaan Oromoo","639-2":"orm","createdByName":"Josh Havens","createdDate":1616721063542,"﻿family":"Afro-Asiatic","createdBy":"5f47ce0e8f0815394ff3be1b","name":"Oromo","sysName":"","updatedDate":1616721063542,"sysTenantId":null},{"_id":"605d34a78f087b6a1d51f753","639-1":"or","sysImage":"","nativeName":"ଓଡ଼ିଆ","639-2":"ori","createdByName":"Josh Havens","createdDate":1616721063546,"﻿family":"Indo-European","createdBy":"5f47ce0e8f0815394ff3be1b","name":"Oriya","sysName":"","updatedDate":1616721063546,"sysTenantId":null},{"_id":"605d34a78f087b6a1d51f754","639-1":"os","sysImage":"","nativeName":"ирон æвзаг","639-2":"oss","createdByName":"Josh Havens","createdDate":1616721063550,"﻿family":"Indo-European","createdBy":"5f47ce0e8f0815394ff3be1b","name":"Ossetian, Ossetic","sysName":"","updatedDate":1616721063550,"sysTenantId":null},{"_id":"605d34a78f087b6a1d51f755","639-1":"pa","sysImage":"","nativeName":"ਪੰਜਾਬੀ","639-2":"pan","createdByName":"Josh Havens","createdDate":1616721063554,"﻿family":"Indo-European","createdBy":"5f47ce0e8f0815394ff3be1b","name":"(Eastern) Punjabi","sysName":"","updatedDate":1616721063554,"sysTenantId":null},{"_id":"605d34a78f087b6a1d51f756","639-1":"pi","sysImage":"","nativeName":"पाऴि","639-2":"pli","createdByName":"Josh Havens","createdDate":1616721063558,"﻿family":"Indo-European","createdBy":"5f47ce0e8f0815394ff3be1b","name":"Pāli","sysName":"","updatedDate":1616721063558,"sysTenantId":null},{"_id":"605d34a78f087b6a1d51f757","639-1":"fa","sysImage":"","nativeName":"فارسی","639-2":"fas","createdByName":"Josh Havens","createdDate":1616721063562,"﻿family":"Indo-European","createdBy":"5f47ce0e8f0815394ff3be1b","name":"Persian (Farsi)","sysName":"","updatedDate":1616721852844,"translatable":false,"updatedBy":"5f47ce0e8f0815394ff3be1b","updatedByName":"Josh Havens","sysTenantId":null},{"_id":"605d34a78f087b6a1d51f758","639-1":"pl","sysImage":"","nativeName":"język polski, polszczyzna","639-2":"pol","createdByName":"Josh Havens","createdDate":1616721063566,"﻿family":"Indo-European","createdBy":"5f47ce0e8f0815394ff3be1b","name":"Polish","sysName":"","updatedDate":1616721063566,"sysTenantId":null},{"_id":"605d34a78f087b6a1d51f759","639-1":"ps","sysImage":"","nativeName":"پښتو","639-2":"pus","createdByName":"Josh Havens","createdDate":1616721063570,"﻿family":"Indo-European","createdBy":"5f47ce0e8f0815394ff3be1b","name":"Pashto, Pushto","sysName":"","updatedDate":1616721063570,"sysTenantId":null},{"_id":"605d34a78f087b6a1d51f75a","639-1":"pt","sysImage":"","nativeName":"Português","639-2":"por","createdByName":"Josh Havens","createdDate":1616721063574,"﻿family":"Indo-European","createdBy":"5f47ce0e8f0815394ff3be1b","name":"Portuguese","sysName":"","updatedDate":1616721907206,"translatable":true,"updatedBy":"5f47ce0e8f0815394ff3be1b","updatedByName":"Josh Havens","sysTenantId":null},{"_id":"605d34a78f087b6a1d51f75b","639-1":"qu","sysImage":"","nativeName":"Runa Simi, Kichwa","639-2":"que","createdByName":"Josh Havens","createdDate":1616721063578,"﻿family":"Quechuan","createdBy":"5f47ce0e8f0815394ff3be1b","name":"Quechua","sysName":"","updatedDate":1616721063578,"sysTenantId":null},{"_id":"605d34a78f087b6a1d51f75c","639-1":"rm","sysImage":"","nativeName":"rumantsch grischun","639-2":"roh","createdByName":"Josh Havens","createdDate":1616721063582,"﻿family":"Indo-European","createdBy":"5f47ce0e8f0815394ff3be1b","name":"Romansh","sysName":"","updatedDate":1616721063582,"sysTenantId":null},{"_id":"605d34a78f087b6a1d51f75d","639-1":"rn","sysImage":"","nativeName":"Ikirundi","639-2":"run","createdByName":"Josh Havens","createdDate":1616721063586,"﻿family":"Niger–Congo","createdBy":"5f47ce0e8f0815394ff3be1b","name":"Kirundi","sysName":"","updatedDate":1616721063586,"sysTenantId":null},{"_id":"605d34a78f087b6a1d51f75e","sysImage":"","nativeName":"Română","createdByName":"Josh Havens","translatable":true,"updatedDate":1616721063591,"639-1":"ro","639-2":"ron","createdDate":1616721063591,"﻿family":"Indo-European","createdBy":"5f47ce0e8f0815394ff3be1b","name":"Romanian","sysName":"","sysTenantId":null},{"_id":"605d34a78f087b6a1d51f75f","639-1":"ru","sysImage":"","nativeName":"Русский","639-2":"rus","createdByName":"Josh Havens","createdDate":1616721063595,"﻿family":"Indo-European","createdBy":"5f47ce0e8f0815394ff3be1b","name":"Russian","sysName":"","updatedDate":1616721915787,"translatable":true,"updatedBy":"5f47ce0e8f0815394ff3be1b","updatedByName":"Josh Havens","sysTenantId":null},{"_id":"605d34a78f087b6a1d51f760","639-1":"sa","sysImage":"","nativeName":"संस्कृतम्","639-2":"san","createdByName":"Josh Havens","createdDate":1616721063599,"﻿family":"Indo-European","createdBy":"5f47ce0e8f0815394ff3be1b","name":"Sanskrit (Saṁskṛta)","sysName":"","updatedDate":1616721063599,"sysTenantId":null},{"_id":"605d34a78f087b6a1d51f761","639-1":"sc","sysImage":"","nativeName":"sardu","639-2":"srd","createdByName":"Josh Havens","createdDate":1616721063603,"﻿family":"Indo-European","createdBy":"5f47ce0e8f0815394ff3be1b","name":"Sardinian","sysName":"","updatedDate":1616721063603,"sysTenantId":null},{"_id":"605d34a78f087b6a1d51f762","639-1":"sd","sysImage":"","nativeName":"सिन्धी, سنڌي، سندھی‎","639-2":"snd","createdByName":"Josh Havens","createdDate":1616721063607,"﻿family":"Indo-European","createdBy":"5f47ce0e8f0815394ff3be1b","name":"Sindhi","sysName":"","updatedDate":1616721063607,"sysTenantId":null},{"_id":"605d34a78f087b6a1d51f763","639-1":"se","sysImage":"","nativeName":"Davvisámegiella","639-2":"sme","createdByName":"Josh Havens","createdDate":1616721063611,"﻿family":"Uralic","createdBy":"5f47ce0e8f0815394ff3be1b","name":"Northern Sami","sysName":"","updatedDate":1616721063611,"sysTenantId":null},{"_id":"605d34a78f087b6a1d51f764","639-1":"sm","sysImage":"","nativeName":"gagana fa'a Samoa","639-2":"smo","createdByName":"Josh Havens","createdDate":1616721063615,"﻿family":"Austronesian","createdBy":"5f47ce0e8f0815394ff3be1b","name":"Samoan","sysName":"","updatedDate":1616721063615,"sysTenantId":null},{"_id":"605d34a78f087b6a1d51f765","639-1":"sg","sysImage":"","nativeName":"yângâ tî sängö","639-2":"sag","createdByName":"Josh Havens","createdDate":1616721063619,"﻿family":"Creole","createdBy":"5f47ce0e8f0815394ff3be1b","name":"Sango","sysName":"","updatedDate":1616721063619,"sysTenantId":null},{"_id":"605d34a78f087b6a1d51f766","639-1":"sr","sysImage":"","nativeName":"српски језик","639-2":"srp","createdByName":"Josh Havens","createdDate":1616721063623,"﻿family":"Indo-European","createdBy":"5f47ce0e8f0815394ff3be1b","name":"Serbian","sysName":"","updatedDate":1616721063623,"sysTenantId":null},{"_id":"605d34a78f087b6a1d51f767","639-1":"gd","sysImage":"","nativeName":"Gàidhlig","639-2":"gla","createdByName":"Josh Havens","createdDate":1616721063627,"﻿family":"Indo-European","createdBy":"5f47ce0e8f0815394ff3be1b","name":"Scottish Gaelic, Gaelic","sysName":"","updatedDate":1616721063627,"sysTenantId":null},{"_id":"605d34a78f087b6a1d51f768","639-1":"sn","sysImage":"","nativeName":"chiShona","639-2":"sna","createdByName":"Josh Havens","createdDate":1616721063631,"﻿family":"Niger–Congo","createdBy":"5f47ce0e8f0815394ff3be1b","name":"Shona","sysName":"","updatedDate":1616721063631,"sysTenantId":null},{"_id":"605d34a78f087b6a1d51f769","639-1":"si","sysImage":"","nativeName":"සිංහල","639-2":"sin","createdByName":"Josh Havens","createdDate":1616721063635,"﻿family":"Indo-European","createdBy":"5f47ce0e8f0815394ff3be1b","name":"Sinhalese, Sinhala","sysName":"","updatedDate":1616721063635,"sysTenantId":null},{"_id":"605d34a78f087b6a1d51f76a","639-1":"sk","sysImage":"","nativeName":"slovenčina, slovenský jazyk","639-2":"slk","createdByName":"Josh Havens","createdDate":1616721063639,"﻿family":"Indo-European","createdBy":"5f47ce0e8f0815394ff3be1b","name":"Slovak","sysName":"","updatedDate":1616721063639,"sysTenantId":null},{"_id":"605d34a78f087b6a1d51f76b","639-1":"sl","sysImage":"","nativeName":"slovenski jezik, slovenščina","639-2":"slv","createdByName":"Josh Havens","createdDate":1616721063644,"﻿family":"Indo-European","createdBy":"5f47ce0e8f0815394ff3be1b","name":"Slovene","sysName":"","updatedDate":1616721063644,"sysTenantId":null},{"_id":"605d34a78f087b6a1d51f76c","639-1":"so","sysImage":"","nativeName":"Soomaaliga, af Soomaali","639-2":"som","createdByName":"Josh Havens","createdDate":1616721063648,"﻿family":"Afro-Asiatic","createdBy":"5f47ce0e8f0815394ff3be1b","name":"Somali","sysName":"","updatedDate":1616721063648,"sysTenantId":null},{"_id":"605d34a78f087b6a1d51f76d","639-1":"st","sysImage":"","nativeName":"Sesotho","639-2":"sot","createdByName":"Josh Havens","createdDate":1616721063652,"﻿family":"Niger–Congo","createdBy":"5f47ce0e8f0815394ff3be1b","name":"Southern Sotho","sysName":"","updatedDate":1616721063652,"sysTenantId":null},{"_id":"605d34a78f087b6a1d51f76e","639-1":"es","sysImage":"","nativeName":"Español","639-2":"spa","createdByName":"Josh Havens","createdDate":1616721063656,"﻿family":"Indo-European","createdBy":"5f47ce0e8f0815394ff3be1b","name":"Spanish","sysName":"","updatedDate":1616721845850,"translatable":false,"updatedBy":"5f47ce0e8f0815394ff3be1b","updatedByName":"Josh Havens","sysTenantId":null},{"_id":"605d34a78f087b6a1d51f76f","639-1":"su","sysImage":"","nativeName":"Basa Sunda","639-2":"sun","createdByName":"Josh Havens","createdDate":1616721063660,"﻿family":"Austronesian","createdBy":"5f47ce0e8f0815394ff3be1b","name":"Sundanese","sysName":"","updatedDate":1616721063660,"sysTenantId":null},{"_id":"605d34a78f087b6a1d51f770","639-1":"sw","sysImage":"","nativeName":"Kiswahili","639-2":"swa","createdByName":"Josh Havens","createdDate":1616721063664,"﻿family":"Niger–Congo","createdBy":"5f47ce0e8f0815394ff3be1b","name":"Swahili","sysName":"","updatedDate":1616721063664,"sysTenantId":null},{"_id":"605d34a78f087b6a1d51f771","639-1":"ss","sysImage":"","nativeName":"SiSwati","639-2":"ssw","createdByName":"Josh Havens","createdDate":1616721063668,"﻿family":"Niger–Congo","createdBy":"5f47ce0e8f0815394ff3be1b","name":"Swati","sysName":"","updatedDate":1616721063668,"sysTenantId":null},{"_id":"605d34a78f087b6a1d51f772","639-1":"sv","sysImage":"","nativeName":"svenska","639-2":"swe","createdByName":"Josh Havens","createdDate":1616721063672,"﻿family":"Indo-European","createdBy":"5f47ce0e8f0815394ff3be1b","name":"Swedish","sysName":"","updatedDate":1616721063672,"sysTenantId":null},{"_id":"605d34a78f087b6a1d51f773","639-1":"ta","sysImage":"","nativeName":"தமிழ்","639-2":"tam","createdByName":"Josh Havens","createdDate":1616721063676,"﻿family":"Dravidian","createdBy":"5f47ce0e8f0815394ff3be1b","name":"Tamil","sysName":"","updatedDate":1616721063676,"sysTenantId":null},{"_id":"605d34a78f087b6a1d51f774","639-1":"te","sysImage":"","nativeName":"తెలుగు","639-2":"tel","createdByName":"Josh Havens","createdDate":1616721063679,"﻿family":"Dravidian","createdBy":"5f47ce0e8f0815394ff3be1b","name":"Telugu","sysName":"","updatedDate":1616721063679,"sysTenantId":null},{"_id":"605d34a78f087b6a1d51f775","639-1":"tg","sysImage":"","nativeName":"тоҷикӣ, toçikī, تاجیکی‎","639-2":"tgk","createdByName":"Josh Havens","createdDate":1616721063683,"﻿family":"Indo-European","createdBy":"5f47ce0e8f0815394ff3be1b","name":"Tajik","sysName":"","updatedDate":1616721063683,"sysTenantId":null},{"_id":"605d34a78f087b6a1d51f776","639-1":"th","sysImage":"","nativeName":"ไทย","639-2":"tha","createdByName":"Josh Havens","createdDate":1616721063688,"﻿family":"Tai–Kadai","createdBy":"5f47ce0e8f0815394ff3be1b","name":"Thai","sysName":"","updatedDate":1616721063688,"sysTenantId":null},{"_id":"605d34a78f087b6a1d51f777","639-1":"ti","sysImage":"","nativeName":"ትግርኛ","639-2":"tir","createdByName":"Josh Havens","createdDate":1616721063692,"﻿family":"Afro-Asiatic","createdBy":"5f47ce0e8f0815394ff3be1b","name":"Tigrinya","sysName":"","updatedDate":1616721063692,"sysTenantId":null},{"_id":"605d34a78f087b6a1d51f778","639-1":"bo","sysImage":"","nativeName":"བོད་ཡིག","639-2":"bod","createdByName":"Josh Havens","createdDate":1616721063696,"﻿family":"Sino-Tibetan","createdBy":"5f47ce0e8f0815394ff3be1b","name":"Tibetan Standard, Tibetan, Central","sysName":"","updatedDate":1616721063696,"sysTenantId":null},{"_id":"605d34a78f087b6a1d51f779","639-1":"tk","sysImage":"","nativeName":"Türkmen, Түркмен","639-2":"tuk","createdByName":"Josh Havens","createdDate":1616721063700,"﻿family":"Turkic","createdBy":"5f47ce0e8f0815394ff3be1b","name":"Turkmen","sysName":"","updatedDate":1616721063700,"sysTenantId":null},{"_id":"605d34a78f087b6a1d51f77a","639-1":"tl","sysImage":"","nativeName":"Wikang Tagalog","639-2":"tgl","createdByName":"Josh Havens","createdDate":1616721063704,"﻿family":"Austronesian","createdBy":"5f47ce0e8f0815394ff3be1b","name":"Tagalog","sysName":"","updatedDate":1616721063704,"sysTenantId":null},{"_id":"605d34a78f087b6a1d51f77b","639-1":"tn","sysImage":"","nativeName":"Setswana","639-2":"tsn","createdByName":"Josh Havens","createdDate":1616721063708,"﻿family":"Niger–Congo","createdBy":"5f47ce0e8f0815394ff3be1b","name":"Tswana","sysName":"","updatedDate":1616721063708,"sysTenantId":null},{"_id":"605d34a78f087b6a1d51f77c","639-1":"to","sysImage":"","nativeName":"faka Tonga","639-2":"ton","createdByName":"Josh Havens","createdDate":1616721063712,"﻿family":"Austronesian","createdBy":"5f47ce0e8f0815394ff3be1b","name":"Tonga (Tonga Islands)","sysName":"","updatedDate":1616721063712,"sysTenantId":null},{"_id":"605d34a78f087b6a1d51f77d","639-1":"tr","sysImage":"","nativeName":"Türkçe","639-2":"tur","createdByName":"Josh Havens","createdDate":1616721063716,"﻿family":"Turkic","createdBy":"5f47ce0e8f0815394ff3be1b","name":"Turkish","sysName":"","updatedDate":1616721063716,"sysTenantId":null},{"_id":"605d34a78f087b6a1d51f77e","639-1":"ts","sysImage":"","nativeName":"Xitsonga","639-2":"tso","createdByName":"Josh Havens","createdDate":1616721063720,"﻿family":"Niger–Congo","createdBy":"5f47ce0e8f0815394ff3be1b","name":"Tsonga","sysName":"","updatedDate":1616721063720,"sysTenantId":null},{"_id":"605d34a78f087b6a1d51f77f","639-1":"tt","sysImage":"","nativeName":"татар теле, tatar tele","639-2":"tat","createdByName":"Josh Havens","createdDate":1616721063724,"﻿family":"Turkic","createdBy":"5f47ce0e8f0815394ff3be1b","name":"Tatar","sysName":"","updatedDate":1616721063724,"sysTenantId":null},{"_id":"605d34a78f087b6a1d51f780","639-1":"tw","sysImage":"","nativeName":"Twi","639-2":"twi","createdByName":"Josh Havens","createdDate":1616721063728,"﻿family":"Niger–Congo","createdBy":"5f47ce0e8f0815394ff3be1b","name":"Twi","sysName":"","updatedDate":1616721063728,"sysTenantId":null},{"_id":"605d34a78f087b6a1d51f781","639-1":"ty","sysImage":"","nativeName":"Reo Tahiti","639-2":"tah","createdByName":"Josh Havens","createdDate":1616721063732,"﻿family":"Austronesian","createdBy":"5f47ce0e8f0815394ff3be1b","name":"Tahitian","sysName":"","updatedDate":1616721063732,"sysTenantId":null},{"_id":"605d34a78f087b6a1d51f782","639-1":"ug","sysImage":"","nativeName":"ئۇيغۇرچە‎, Uyghurche","639-2":"uig","createdByName":"Josh Havens","createdDate":1616721063736,"﻿family":"Turkic","createdBy":"5f47ce0e8f0815394ff3be1b","name":"Uyghur","sysName":"","updatedDate":1616721063736,"sysTenantId":null},{"_id":"605d34a78f087b6a1d51f783","639-1":"uk","sysImage":"","nativeName":"Українська","639-2":"ukr","createdByName":"Josh Havens","createdDate":1616721063740,"﻿family":"Indo-European","createdBy":"5f47ce0e8f0815394ff3be1b","name":"Ukrainian","sysName":"","updatedDate":1616721063740,"sysTenantId":null},{"_id":"605d34a78f087b6a1d51f784","639-1":"ur","sysImage":"","nativeName":"اردو","639-2":"urd","createdByName":"Josh Havens","createdDate":1616721063744,"﻿family":"Indo-European","createdBy":"5f47ce0e8f0815394ff3be1b","name":"Urdu","sysName":"","updatedDate":1616721923363,"translatable":false,"updatedBy":"5f47ce0e8f0815394ff3be1b","updatedByName":"Josh Havens","sysTenantId":null},{"_id":"605d34a78f087b6a1d51f785","639-1":"uz","sysImage":"","nativeName":"Oʻzbek, Ўзбек, أۇزبېك‎","639-2":"uzb","createdByName":"Josh Havens","createdDate":1616721063748,"﻿family":"Turkic","createdBy":"5f47ce0e8f0815394ff3be1b","name":"Uzbek","sysName":"","updatedDate":1616721063748,"sysTenantId":null},{"_id":"605d34a78f087b6a1d51f786","639-1":"ve","sysImage":"","nativeName":"Tshivenḓa","639-2":"ven","createdByName":"Josh Havens","createdDate":1616721063752,"﻿family":"Niger–Congo","createdBy":"5f47ce0e8f0815394ff3be1b","name":"Venda","sysName":"","updatedDate":1616721063752,"sysTenantId":null},{"_id":"605d34a78f087b6a1d51f787","639-1":"vi","sysImage":"","nativeName":"Tiếng Việt","639-2":"vie","createdByName":"Josh Havens","createdDate":1616721063756,"﻿family":"Austroasiatic","createdBy":"5f47ce0e8f0815394ff3be1b","name":"Vietnamese","sysName":"","updatedDate":1616721935057,"translatable":false,"updatedBy":"5f47ce0e8f0815394ff3be1b","updatedByName":"Josh Havens","sysTenantId":null},{"_id":"605d34a78f087b6a1d51f788","639-1":"vo","sysImage":"","nativeName":"Volapük","639-2":"vol","createdByName":"Josh Havens","createdDate":1616721063760,"﻿family":"Constructed","createdBy":"5f47ce0e8f0815394ff3be1b","name":"Volapük","sysName":"","updatedDate":1616721063760,"sysTenantId":null},{"_id":"605d34a78f087b6a1d51f789","639-1":"wa","sysImage":"","nativeName":"walon","639-2":"wln","createdByName":"Josh Havens","createdDate":1616721063764,"﻿family":"Indo-European","createdBy":"5f47ce0e8f0815394ff3be1b","name":"Walloon","sysName":"","updatedDate":1616721063764,"sysTenantId":null},{"_id":"605d34a78f087b6a1d51f78a","639-1":"cy","sysImage":"","nativeName":"Cymraeg","639-2":"cym","createdByName":"Josh Havens","createdDate":1616721063768,"﻿family":"Indo-European","createdBy":"5f47ce0e8f0815394ff3be1b","name":"Welsh","sysName":"","updatedDate":1616721063768,"sysTenantId":null},{"_id":"605d34a78f087b6a1d51f78b","639-1":"wo","sysImage":"","nativeName":"Wollof","639-2":"wol","createdByName":"Josh Havens","createdDate":1616721063773,"﻿family":"Niger–Congo","createdBy":"5f47ce0e8f0815394ff3be1b","name":"Wolof","sysName":"","updatedDate":1616721063773,"sysTenantId":null},{"_id":"605d34a78f087b6a1d51f78c","639-1":"fy","sysImage":"","nativeName":"Frysk","639-2":"fry","createdByName":"Josh Havens","createdDate":1616721063777,"﻿family":"Indo-European","createdBy":"5f47ce0e8f0815394ff3be1b","name":"Western Frisian","sysName":"","updatedDate":1616721063777,"sysTenantId":null},{"_id":"605d34a78f087b6a1d51f78d","639-1":"xh","sysImage":"","nativeName":"isiXhosa","639-2":"xho","createdByName":"Josh Havens","createdDate":1616721063781,"﻿family":"Niger–Congo","createdBy":"5f47ce0e8f0815394ff3be1b","name":"Xhosa","sysName":"","updatedDate":1616721063781,"sysTenantId":null},{"_id":"605d34a78f087b6a1d51f78e","639-1":"yi","sysImage":"","nativeName":"ייִדיש","639-2":"yid","createdByName":"Josh Havens","createdDate":1616721063785,"﻿family":"Indo-European","createdBy":"5f47ce0e8f0815394ff3be1b","name":"Yiddish","sysName":"","updatedDate":1616721063785,"sysTenantId":null},{"_id":"605d34a78f087b6a1d51f78f","639-1":"yo","sysImage":"","nativeName":"Yorùbá","639-2":"yor","createdByName":"Josh Havens","createdDate":1616721063789,"﻿family":"Niger–Congo","createdBy":"5f47ce0e8f0815394ff3be1b","name":"Yoruba","sysName":"","updatedDate":1616721063789,"sysTenantId":null},{"_id":"605d34a78f087b6a1d51f790","639-1":"za","sysImage":"","nativeName":"Saɯ cueŋƅ, Saw cuengh","639-2":"zha","createdByName":"Josh Havens","createdDate":1616721063793,"﻿family":"Tai–Kadai","createdBy":"5f47ce0e8f0815394ff3be1b","name":"Zhuang, Chuang","sysName":"","updatedDate":1616721063793,"sysTenantId":null},{"_id":"605d34a78f087b6a1d51f791","639-1":"zu","sysImage":"","nativeName":"isiZulu","639-2":"zul","createdByName":"Josh Havens","createdDate":1616721063797,"﻿family":"Niger–Congo","createdBy":"5f47ce0e8f0815394ff3be1b","name":"Zulu","sysName":"","updatedDate":1616721063797,"sysTenantId":null},{"_id":"605d370231a2a3213ccf9421","639-1":"es-MX","sysImage":"","nativeName":"Español","639-2":"spa-MX","createdByName":"Josh Havens","createdDate":1616721063656,"﻿family":"Indo-European","createdBy":"5f47ce0e8f0815394ff3be1b","name":"Mexican Spanish","sysName":"","updatedDate":1616721838917,"translatable":true,"updatedBy":"5f47ce0e8f0815394ff3be1b","updatedByName":"Josh Havens","sysTenantId":null},{"_id":"6529746d8f08f58c26f1bee5","createdDate":1697215597901,"name":"Unknown","sysContainerId":null,"sysImage":"","sysName":"","updatedDate":1697215597901,"nativeName":"Unknown","639-1":"un","639-2":"unk","family":null,"translatable":false,"seq":null,"labelKey":null,"label":null,"createdBy":"5f47ce0e8f0815394ff3be1b","createdByName":"Josh Havens","sysTenantId":null}]}]