[{"modelName":"Menu_QuestionTypes","companyId":"5f47ce0c8f0815394ff3bd8a","data":[{"_id":"5e83a2d8e4b0fa5ef777a712","label":"Essay","name":"Essay","assessmentType":"Test","createdBy":"5e28c55ee4b0dc635b34d96c","createdByName":"Josh Havens","sysName":"","sysImage":"","createdDate":1585685208895,"updatedDate":1601049476306,"iconURL":"https://gu-app-assets.s3.amazonaws.com/5f47ce0c8f0815394ff3bd8a/5f5a37f98f082b9cdc6584b6-pencil-alt_gray.png","updatedBy":"5f47ce0e8f0815394ff3be1b","updatedByName":"Josh Havens","sysTenantId":null},{"_id":"5e83a2dfe4b0fa5ef777a714","label":"Matching","name":"Matching","assessmentType":"Test","createdBy":"5e28c55ee4b0dc635b34d96c","createdByName":"Josh Havens","sysName":"","sysImage":"","createdDate":1585685215848,"updatedDate":1601049495786,"iconURL":"https://gu-app-assets.s3.amazonaws.com/5f47ce0c8f0815394ff3bd8a/5f5a37f38f082b9cdc65849f-brakckets_gray.png","updatedBy":"5f47ce0e8f0815394ff3be1b","updatedByName":"Josh Havens","sysTenantId":null},{"_id":"5e83a2f8e4b0fa5ef777a716","label":"Multiple Choice","name":"Multiple_Choice","assessmentType":"Test","createdBy":"5e28c55ee4b0dc635b34d96c","createdByName":"Josh Havens","sysName":"","sysImage":"","createdDate":1585685240114,"updatedDate":1601049486610,"iconURL":"https://gu-app-assets.s3.amazonaws.com/5f47ce0c8f0815394ff3bd8a/5f5a37f78f082b9cdc6584af-letterblocks_gray.png","updatedBy":"5f47ce0e8f0815394ff3be1b","updatedByName":"Josh Havens","sysTenantId":null},{"_id":"5e83a304e4b0fa5ef777a718","label":"Multiple Answer","name":"Multiple_Answer","assessmentType":"Test","createdBy":"5e28c55ee4b0dc635b34d96c","createdByName":"Josh Havens","sysName":"","sysImage":"","createdDate":1585685252825,"updatedDate":1601049489579,"iconURL":"https://gu-app-assets.s3.amazonaws.com/5f47ce0c8f0815394ff3bd8a/5f5a37f58f082b9cdc6584a6-cubes_gray.png","updatedBy":"5f47ce0e8f0815394ff3be1b","updatedByName":"Josh Havens","sysTenantId":null},{"_id":"5e83a340e4b0fa5ef777a722","label":"Scale","name":"Scale","assessmentType":"Survey","createdBy":"5e28c55ee4b0dc635b34d96c","createdByName":"Josh Havens","sysName":"","sysImage":"","createdDate":1585685312513,"updatedDate":1600975713216,"iconURL":"https://gu-app-assets.s3.amazonaws.com/5f47ce0c8f0815394ff3bd8a/5f5a38358f082b9cdc658526-skipping-rope_gray.png","updatedBy":"5e62959ee4b0b63905b583f9","updatedByName":"Chris Lamberth","sysTenantId":null},{"_id":"5e83a346e4b0fa5ef777a724","label":"Rating","name":"Rating","assessmentType":"Survey","createdBy":"5e28c55ee4b0dc635b34d96c","createdByName":"Josh Havens","sysName":"","sysImage":"","createdDate":1585685318685,"updatedDate":1600975209007,"iconURL":"https://gu-app-assets.s3.amazonaws.com/5f47ce0c8f0815394ff3bd8a/5f63c3a68f082b9cdc65957c-StarIcon.jpg","updatedBy":"5e62959ee4b0b63905b583f9","updatedByName":"Chris Lamberth","sysTenantId":null},{"_id":"5e83a34ee4b0fa5ef777a726","label":"Essay","name":"Essay","assessmentType":"Survey","createdBy":"5e28c55ee4b0dc635b34d96c","createdByName":"Josh Havens","sysName":"","sysImage":"","createdDate":1585685326718,"updatedDate":1600974838599,"iconURL":"https://gu-app-assets.s3.amazonaws.com/5f47ce0c8f0815394ff3bd8a/5f5a37f98f082b9cdc6584b6-pencil-alt_gray.png","updatedBy":"5e62959ee4b0b63905b583f9","updatedByName":"Chris Lamberth","sysTenantId":null},{"_id":"5e83a35be4b0fa5ef777a728","label":"Multiple Choice","name":"Multiple_Choice","assessmentType":"Survey","createdBy":"5e28c55ee4b0dc635b34d96c","createdByName":"Josh Havens","sysName":"","sysImage":"","createdDate":1585685339750,"updatedDate":1600974815099,"iconURL":"https://gu-app-assets.s3.amazonaws.com/5f47ce0c8f0815394ff3bd8a/5f5a37f78f082b9cdc6584af-letterblocks_gray.png","updatedBy":"5e62959ee4b0b63905b583f9","updatedByName":"Chris Lamberth","sysTenantId":null},{"_id":"5e83a365e4b0fa5ef777a72a","label":"Multiple Answer","name":"Multiple_Answer","assessmentType":"Survey","createdBy":"5e28c55ee4b0dc635b34d96c","createdByName":"Josh Havens","sysName":"","sysImage":"","createdDate":1585685349109,"updatedDate":1600974803269,"iconURL":"https://gu-app-assets.s3.amazonaws.com/5f47ce0c8f0815394ff3bd8a/5f5a37f58f082b9cdc6584a6-cubes_gray.png","updatedBy":"5e62959ee4b0b63905b583f9","updatedByName":"Chris Lamberth","sysTenantId":null},{"_id":"5e83a311e4b0fa5ef777a71a","label":"Essay","name":"Essay","assessmentType":"Exam","createdBy":"5e28c55ee4b0dc635b34d96c","createdByName":"Josh Havens","sysName":"","sysImage":"","createdDate":1585685265985,"updatedDate":1585685265985,"sysTenantId":null},{"_id":"5e83a318e4b0fa5ef777a71c","label":"Matching","name":"Matching","assessmentType":"Exam","createdBy":"5e28c55ee4b0dc635b34d96c","createdByName":"Josh Havens","sysName":"","sysImage":"","createdDate":1585685272126,"updatedDate":1585685272126,"sysTenantId":null},{"_id":"5e83a322e4b0fa5ef777a71e","label":"Multiple Answer","name":"Multiple_Answer","assessmentType":"Exam","createdBy":"5e28c55ee4b0dc635b34d96c","createdByName":"Josh Havens","sysName":"","sysImage":"","createdDate":1585685282663,"updatedDate":1585685282663,"sysTenantId":null},{"_id":"5e83a32de4b0fa5ef777a720","label":"Multiple Choice","name":"Multiple_Choice","assessmentType":"Exam","createdBy":"5e28c55ee4b0dc635b34d96c","createdByName":"Josh Havens","sysName":"","sysImage":"","createdDate":1585685293329,"updatedDate":1585685293329,"sysTenantId":null}]}]