[{"modelName":"Menu_ManagementItems","companyId":"5f47ce0c8f0815394ff3bd8a","data":[{"_id":"5efb4e6ee4b079655021eb27","name":"Permissions","imageURL":"https://gu-app-assets.s3.amazonaws.com/5e28c55de4b0dc635b34d8f5/5f035279e4b0307171edcf9b-lock.png","description":"This is to get to this user's permissions","actionLabel":"Edit Permissions","createdBy":"5e28c55ee4b0dc635b34d96c","createdByName":"Josh Havens","sysName":"","sysImage":"","createdDate":1593527918433,"updatedDate":1597327347916,"updatedBy":"5e28c55ee4b0dc635b34d96c","updatedByName":"Josh Havens","wfId":"5f47f8728f0814ff0a917756","type":"Admin","language":"en","menuItemId":"5ee91d85e4b0db3a8806f7e4","action":"User","sysTenantId":null},{"_id":"5efb4e7ee4b079655021eb29","name":"Profile Information","imageURL":"https://gu-app-assets.s3.amazonaws.com/5e28c55de4b0dc635b34d8f5/5e4ae659e4b053c18438f624-avatar.png","description":"This is to get to this user's profile information","actionLabel":"Edit Profile Information","createdBy":"5e28c55ee4b0dc635b34d96c","createdByName":"Josh Havens","sysName":"","sysImage":"","createdDate":1593527934407,"updatedDate":1597327351468,"updatedBy":"5e28c55ee4b0dc635b34d96c","updatedByName":"Josh Havens","wfId":"5f47f8728f0814ff0a917753","type":"Admin","language":"en","menuItemId":"5ee91d85e4b0db3a8806f7e4","action":"User","sysTenantId":null},{"_id":"5efb4e8ee4b079655021eb2b","name":"Online Activity","imageURL":"https://gu-app-assets.s3.amazonaws.com/5e28c55de4b0dc635b34d8f5/5e74f356e4b0b63905b5a846-history.png","description":"This is to see this user's online activity","actionLabel":"View Online Activity","createdBy":"5e28c55ee4b0dc635b34d96c","createdByName":"Josh Havens","sysName":"","sysImage":"","createdDate":1593527950814,"updatedDate":1599158009149,"updatedBy":"5f47ce0e8f0815394ff3be1b","updatedByName":"Josh Havens","type":"Admin","language":"en","menuItemId":"5ee91d85e4b0db3a8806f7e4","wfId":"5f47f8728f0814ff0a917766","action":"User","sysTenantId":null},{"_id":"5efb4ea0e4b079655021eb2d","name":"Financial Activity","imageURL":"https://gu-app-assets.s3.amazonaws.com/5e28c55de4b0dc635b34d8f5/5f035364e4b0307171edcf9c-money.png","description":"This is to see this user's financial activity","actionLabel":"View Financial Activity","createdBy":"5e28c55ee4b0dc635b34d96c","createdByName":"Josh Havens","sysName":"","sysImage":"","createdDate":1593527968425,"updatedDate":1606857908108,"updatedBy":"5f47ce0e8f0815394ff3be1b","updatedByName":"Josh Havens","type":"Admin","language":"en","menuItemId":"5ee91d85e4b0db3a8806f7e4","action":"User","wfId":"5fc6b4688f0812e96d3e38be","sysTenantId":null},{"_id":"5efb4eb5e4b079655021eb2f","name":"Student","imageURL":"https://gu-app-assets.s3.amazonaws.com/5e28c55de4b0dc635b34d8f5/5e6baf5de4b0b63905b59b56-book.png","description":"This is to see this user's student information","createdBy":"5e28c55ee4b0dc635b34d96c","createdByName":"Josh Havens","sysName":"","sysImage":"","createdDate":1593527989592,"updatedDate":1600378379553,"actionLabel":"Access Student Records","updatedBy":"5f47ce0e8f0815394ff3be1b","updatedByName":"Josh Havens","roleId":"5f4d78738f086f27a2ab1333","type":"Admin","language":"en","wfId":"5f63d5b78f082b9cdc65959a","menuItemId":"5ee91d85e4b0db3a8806f7e4","action":"User","sysTenantId":null},{"_id":"5efb4ec0e4b079655021eb31","name":"Instructor","imageURL":"https://gu-app-assets.s3.amazonaws.com/5e28c55de4b0dc635b34d8f5/5e5e75f2e4b053c184391054-lesson.png","description":"This is to see this user's Instructor stuff.","actionLabel":"Access Instructor Records","createdBy":"5e28c55ee4b0dc635b34d96c","createdByName":"Josh Havens","sysName":"","sysImage":"","createdDate":1593528000895,"updatedDate":1609186455350,"updatedBy":"5f1ef350e4b0e5386400761a","updatedByName":"Sean Stevens","roleId":"5f4d786c8f086f27a2ab1330","type":"Admin","language":"en","menuItemId":"5ee91d85e4b0db3a8806f7e4","action":"User","sysTenantId":null},{"_id":"5efb4ed4e4b079655021eb33","name":"Customer Service","imageURL":"https://gu-app-assets.s3.amazonaws.com/5e28c55de4b0dc635b34d8f5/5e737b8ee4b0b63905b5a3b7-users.png","description":"This is to see this user's customer service info.","actionLabel":"Access Customer Service Records","createdBy":"5e28c55ee4b0dc635b34d96c","createdByName":"Josh Havens","sysName":"","sysImage":"","createdDate":1593528020824,"updatedDate":1600371648105,"updatedBy":"5f47ce0e8f0815394ff3be1b","updatedByName":"Josh Havens","roleId":"5f4d787c8f086f27a2ab1336","type":"Admin","language":"en","menuItemId":"5ee91d85e4b0db3a8806f7e4","action":"User","sysTenantId":null},{"_id":"5efb4eeee4b079655021eb35","name":"Admin","imageURL":"https://gu-app-assets.s3.amazonaws.com/5e28c55de4b0dc635b34d8f5/5e737b8ee4b0b63905b5a3b6-settings.png","description":"This is to see this user's admin stuff.","createdBy":"5e28c55ee4b0dc635b34d96c","createdByName":"Josh Havens","sysName":"","sysImage":"","createdDate":1593528046336,"updatedDate":1600371660280,"actionLabel":"Access Admin Stuffage","updatedBy":"5f47ce0e8f0815394ff3be1b","updatedByName":"Josh Havens","roleId":"5f47f6158f0814ff0a91755c","type":"Admin","language":"en","menuItemId":"5ee91d85e4b0db3a8806f7e4","action":"User","sysTenantId":null},{"_id":"5f0dd37e012d856b3838fddb","name":"Online Activity","imageURL":"https://gu-app-assets.s3.amazonaws.com/5e28c55de4b0dc635b34d8f5/5e74f356e4b0b63905b5a846-history.png","description":"This is to see this user's online activity","actionLabel":"View Online Activity","createdBy":"5e28c55ee4b0dc635b34d96c","createdByName":"Josh Havens","sysName":"","sysImage":"","createdDate":1593527950814,"updatedDate":1599158015057,"updatedBy":"5f47ce0e8f0815394ff3be1b","updatedByName":"Josh Havens","type":"My Account","language":"en","menuItemId":"5ee78973e4b0db3a8806f280","action":"User","wfId":"5f47f8728f0814ff0a917766","sysTenantId":null},{"_id":"5f11c270e4b0e53864006a96","actionLabel":"Edit Profile","description":"This is to edit your own profile","imageURL":"https://gu-app-assets.s3.amazonaws.com/5e28c55de4b0dc635b34d8f5/5e4ae659e4b053c18438f624-avatar.png","name":"Profile Information","wfId":"5f47f8728f0814ff0a917753","roleId":"","type":"My Account","createdBy":"5e28c55ee4b0dc635b34d96c","createdByName":"Josh Havens","sysName":"","sysImage":"","createdDate":1594999408419,"updatedDate":1599167963599,"updatedBy":"5f47ce0e8f0815394ff3be1b","updatedByName":"Josh Havens","language":"en","menuItemId":"5ee78973e4b0db3a8806f280","action":"User","sysTenantId":null},{"_id":"5f11d04fe4b0e53864006a9e","actionLabel":"View Profile Information","description":"This is to view the user's profile information","name":"View Profile Information","wfId":"5f47f8728f0814ff0a91775c","type":"Admin","createdBy":"5ea71ccee4b035979c1a182d","createdByName":"Sean Stevens","sysName":"","sysImage":"","createdDate":1595002959196,"updatedDate":1599167915702,"imageURL":"https://gu-app-assets.s3.amazonaws.com/5e28c55de4b0dc635b34d8f5/5e4ae659e4b053c18438f624-avatar.png","updatedBy":"5f1ef350e4b0e5386400761a","updatedByName":"Sean Stevens","language":"en","menuItemId":"5ee91d85e4b0db3a8806f7e4","action":"User","sysTenantId":null},{"_id":"5f1b40e7e4b0e538640075b9","action":"User","actionLabel":"View Online Activity","description":"This is to see this user's online activity","imageURL":"","name":"Online Activity","wfId":"","roleId":"","type":"Students","menuItemId":"5ee78805e4b0db3a8806f267","createdBy":"5e28c55ee4b0dc635b34d96c","createdByName":"Josh Havens","sysName":"","sysImage":"","createdDate":1595621607126,"updatedDate":1597327403660,"updatedBy":"5e28c55ee4b0dc635b34d96c","updatedByName":"Josh Havens","sysTenantId":null},{"_id":"5f1b4106e4b0e538640075bb","actionLabel":"Access Student Records","description":"This is to see this user's student information","imageURL":"","name":"Student","wfId":"","roleId":"","type":"Students","menuItemId":"5ee78805e4b0db3a8806f267","createdBy":"5e28c55ee4b0dc635b34d96c","createdByName":"Josh Havens","sysName":"","sysImage":"","createdDate":1595621638182,"updatedDate":1597327397051,"updatedBy":"5e28c55ee4b0dc635b34d96c","updatedByName":"Josh Havens","action":"User","sysTenantId":null},{"_id":"5f1b4130e4b0e538640075bd","actionLabel":"View Profile Information","description":"This is to view this user's profile information","imageURL":"","name":"Profile Information","wfId":"","roleId":"","type":"Students","menuItemId":"5ee78805e4b0db3a8806f267","createdBy":"5e28c55ee4b0dc635b34d96c","createdByName":"Josh Havens","sysName":"","sysImage":"","createdDate":1595621680310,"updatedDate":1597327400221,"updatedBy":"5e28c55ee4b0dc635b34d96c","updatedByName":"Josh Havens","action":"User","sysTenantId":null},{"_id":"5f35487fe4b09666fd028b40","action":"Branch","actionLabel":"Edit Settings","description":"This is to edit this branch's settings","imageURL":"https://gu-app-assets.s3.amazonaws.com/5e28c55de4b0dc635b34d8f5/5e737b8ee4b0b63905b5a3b6-settings.png","language":"en","menuItemId":"5f354befe4b09666fd028b46","name":"Settings","roleId":"","createdBy":"5e28c55ee4b0dc635b34d96c","createdByName":"Josh Havens","sysName":"","sysImage":"","createdDate":1597327487296,"updatedDate":1599058459904,"updatedBy":"5f47ce0e8f0815394ff3be1b","updatedByName":"Josh Havens","type":"Administrator","actionBGColor":"redorange","wfId":"5f47f8728f0814ff0a91779c","sysTenantId":null},{"_id":"5f354893e4b09666fd028b42","action":"Branch","actionLabel":"Edit Styles","description":"This is to edit this branch's styles","imageURL":"https://gu-app-assets.s3.amazonaws.com/5e28c55de4b0dc635b34d8f5/5f3549ede4b0a21a46001d48-art.png","language":"en","menuItemId":"5f354befe4b09666fd028b46","name":"Styles","roleId":"","createdBy":"5e28c55ee4b0dc635b34d96c","createdByName":"Josh Havens","sysName":"","sysImage":"","createdDate":1597327507581,"updatedDate":1599058499186,"updatedBy":"5f47ce0e8f0815394ff3be1b","updatedByName":"Josh Havens","type":"Administrator","actionBGColor":"redorange","wfId":"5f47f8728f0814ff0a91779d","sysTenantId":null},{"_id":"5f3548ece4b09666fd028b44","action":"Branch","actionLabel":"Edit Homepage","description":"This is to edit this branch's homepage","imageURL":"https://gu-app-assets.s3.amazonaws.com/5e28c55de4b0dc635b34d8f5/5e6956fce4b0b63905b59871-presentation.png","language":"en","menuItemId":"5f354befe4b09666fd028b46","name":"Homepage","roleId":"","createdBy":"5e28c55ee4b0dc635b34d96c","createdByName":"Josh Havens","sysName":"","sysImage":"","createdDate":1597327596036,"updatedDate":1599058565834,"updatedBy":"5f47ce0e8f0815394ff3be1b","updatedByName":"Josh Havens","type":"Administrator","wfId":"5f47f8728f0814ff0a917781","actionBGColor":"redorange","sysTenantId":null},{"_id":"5f774c1a31a2a3213c5a2474","action":"Branch","actionLabel":"Edit Settings","description":"This is to edit this branch's settings","imageURL":"https://gu-app-assets.s3.amazonaws.com/5e28c55de4b0dc635b34d8f5/5e737b8ee4b0b63905b5a3b6-settings.png","language":"en","menuItemId":"5f35508be4b09666fd028b63","name":"Settings","roleId":"","createdBy":"5e28c55ee4b0dc635b34d96c","createdByName":"Josh Havens","sysName":"","sysImage":"","createdDate":1597327487296,"updatedDate":1601654354647,"updatedBy":"5f47ce0e8f0815394ff3be1b","updatedByName":"Josh Havens","type":"System Admin","actionBGColor":"redorange","wfId":"5f47f8728f0814ff0a91779c","sysTenantId":null},{"_id":"5f774c2b31a2a3213c5a247e","action":"Branch","actionLabel":"Edit Styles","description":"This is to edit this branch's styles","imageURL":"https://gu-app-assets.s3.amazonaws.com/5e28c55de4b0dc635b34d8f5/5f3549ede4b0a21a46001d48-art.png","language":"en","menuItemId":"5f35508be4b09666fd028b63","name":"Styles","roleId":"","createdBy":"5e28c55ee4b0dc635b34d96c","createdByName":"Josh Havens","sysName":"","sysImage":"","createdDate":1597327507581,"updatedDate":1601654360193,"updatedBy":"5f47ce0e8f0815394ff3be1b","updatedByName":"Josh Havens","type":"System Admin","actionBGColor":"redorange","wfId":"5f47f8728f0814ff0a91779d","sysTenantId":null},{"_id":"5f774c3b31a2a3213c5a248a","action":"Branch","actionLabel":"Edit Homepage","description":"This is to edit this branch's homepage","imageURL":"https://gu-app-assets.s3.amazonaws.com/5e28c55de4b0dc635b34d8f5/5e6956fce4b0b63905b59871-presentation.png","language":"en","menuItemId":"5f35508be4b09666fd028b63","name":"Homepage","roleId":"","createdBy":"5e28c55ee4b0dc635b34d96c","createdByName":"Josh Havens","sysName":"","sysImage":"","createdDate":1597327596036,"updatedDate":1601654363807,"updatedBy":"5f47ce0e8f0815394ff3be1b","updatedByName":"Josh Havens","type":"System Admin","wfId":"5f47f8728f0814ff0a917781","actionBGColor":"redorange","sysTenantId":null},{"_id":"5f77593631a2a3213c5a2c9a","action":"Branch","actionLabel":"Edit Administrators","description":"This is to edit this branch's administrators","imageURL":"https://gu-app-assets.s3.amazonaws.com/5e28c55de4b0dc635b34d8f5/5e737b8ee4b0b63905b5a3b6-settings.png","language":"en","menuItemId":"5f35508be4b09666fd028b63","name":"Administrators","roleId":"","createdBy":"5e28c55ee4b0dc635b34d96c","createdByName":"Josh Havens","sysName":"","sysImage":"","createdDate":1597327487296,"updatedDate":1601674155767,"updatedBy":"5f47ce0e8f0815394ff3be1b","updatedByName":"Josh Havens","type":"System Admin","actionBGColor":"redorange","wfId":"5f776fc08f0840cd96e3a78b","sysTenantId":null}]}]