[{"modelName":"ReportDataChartType","companyId":"5f47ce0c8f0815394ff3bd8a","data":[{"_id":"64626d658f0837881e3d1911","chartIcon":"https://esp-app-content.s3.amazonaws.com/545928dae4b0d99180744f96/6462a3c88f0877467654624e-barC.svg","chartType":"bar","createdBy":"5f2c82a98f08f6a20209ccf1","createdByName":"Cindy Spencer","createdDate":1684172133706,"seq":0,"sysContainerId":null,"sysImage":"","sysName":"","updatedBy":"5f5954238f08ce4e1248db92","updatedByName":"First Admin","updatedDate":1684972584404,"name":"Bar Graph","sysTenantId":null,"uiChartType":"bar","enabled":true},{"_id":"64626d698f0837881e3d1912","chartIcon":"https://esp-app-content.s3.amazonaws.com/545928dae4b0d99180744f96/6462a3c98f08774676546251-donutpie.svg","chartType":"donut_pie","createdBy":"5f2c82a98f08f6a20209ccf1","createdByName":"Cindy Spencer","createdDate":1684172137680,"seq":4,"sysContainerId":null,"sysImage":"","sysName":"","updatedBy":"5f5954238f08ce4e1248db92","updatedByName":"First Admin","updatedDate":1684972619874,"name":"Donut Pie","sysTenantId":null,"uiChartType":"pie","isDonut":true,"enabled":true},{"_id":"64626d918f0837881e3d1913","chartIcon":"https://esp-app-content.s3.amazonaws.com/545928dae4b0d99180744f96/6462a3c78f0877467654624d-areanew.svg","chartType":"area","createdBy":"5f2c82a98f08f6a20209ccf1","createdByName":"Cindy Spencer","createdDate":1684172177999,"seq":13,"sysContainerId":null,"sysImage":"","sysName":"","updatedBy":"5f5954238f08ce4e1248db92","updatedByName":"First Admin","updatedDate":1684972575837,"name":"Area","sysTenantId":null,"uiChartType":"area","enabled":false},{"_id":"64626df78f0837881e3d1915","chartIcon":"https://esp-app-content.s3.amazonaws.com/545928dae4b0d99180744f96/6462a3c98f08774676546250-curvedlineC.svg","chartType":"curved_line","createdBy":"5f2c82a98f08f6a20209ccf1","createdByName":"Cindy Spencer","createdDate":1684172279074,"seq":7,"sysContainerId":null,"sysImage":"","sysName":"","updatedBy":"5f5954238f08ce4e1248db92","updatedByName":"First Admin","updatedDate":1684972606365,"name":"Curved Line","sysTenantId":null,"uiChartType":"line","isSmooth":true,"enabled":true},{"_id":"64626e458f0837881e3d1916","chartIcon":"https://esp-app-content.s3.amazonaws.com/545928dae4b0d99180744f96/6462a3ca8f08774676546252-halfpieC.svg","chartType":"half_pie","createdBy":"5f2c82a98f08f6a20209ccf1","createdByName":"Cindy Spencer","createdDate":1684172357794,"seq":3,"sysContainerId":null,"sysImage":"","sysName":"","updatedBy":"5f5954238f08ce4e1248db92","updatedByName":"First Admin","updatedDate":1684972630196,"name":"Half Pie","sysTenantId":null,"uiChartType":"pie","isHalfPie":true,"enabled":true},{"_id":"64626e5b8f0837881e3d1917","chartIcon":"https://esp-app-content.s3.amazonaws.com/545928dae4b0d99180744f96/6462a3ca8f08774676546253-heatmapC.svg","chartType":"heatmap","createdBy":"5f2c82a98f08f6a20209ccf1","createdByName":"Cindy Spencer","createdDate":1684172379695,"seq":12,"sysContainerId":null,"sysImage":"","sysName":"","updatedBy":"634d87ea8f08a321cbd32187","updatedByName":"jillian fitzmauric","updatedDate":1684188828168,"name":"Heat Map","sysTenantId":null,"uiChartType":"heatmap","enabled":false},{"_id":"64626e828f0837881e3d1918","chartIcon":"https://esp-app-content.s3.amazonaws.com/545928dae4b0d99180744f96/6462a3cb8f08774676546254-lineC.svg","chartType":"line","createdBy":"5f2c82a98f08f6a20209ccf1","createdByName":"Cindy Spencer","createdDate":1684172418315,"seq":6,"sysContainerId":null,"sysImage":"","sysName":"","updatedBy":"5f5954238f08ce4e1248db92","updatedByName":"First Admin","updatedDate":1684972638183,"name":"Line Graph","sysTenantId":null,"uiChartType":"line","enabled":true},{"_id":"64626eb48f0837881e3d191b","chartIcon":"https://esp-app-content.s3.amazonaws.com/545928dae4b0d99180744f96/6462a3cb8f08774676546255-pieC.svg","chartType":"pie","createdBy":"5f2c82a98f08f6a20209ccf1","createdByName":"Cindy Spencer","createdDate":1684172468388,"seq":2,"sysContainerId":null,"sysImage":"","sysName":"","updatedBy":"5f5954238f08ce4e1248db92","updatedByName":"First Admin","updatedDate":1684972645405,"name":"Pie Chart","sysTenantId":null,"uiChartType":"pie","enabled":true},{"_id":"646273528f0837881e3d191d","chartIcon":"https://esp-app-content.s3.amazonaws.com/545928dae4b0d99180744f96/6462a3cc8f08774676546256-plotC.svg","chartType":"scatter","createdBy":"5f2c82a98f08f6a20209ccf1","createdByName":"Cindy Spencer","createdDate":1684173650443,"seq":12,"sysContainerId":null,"sysImage":"","sysName":"","updatedBy":"5f5954238f08ce4e1248db92","updatedByName":"First Admin","updatedDate":1684972653975,"name":"Plot Graph","sysTenantId":null,"uiChartType":"scatter","enabled":false},{"_id":"646273688f0837881e3d191e","chartIcon":"https://esp-app-content.s3.amazonaws.com/545928dae4b0d99180744f96/6462a3cc8f08774676546257-raidialC.svg","chartType":"radial","createdBy":"5f2c82a98f08f6a20209ccf1","createdByName":"Cindy Spencer","createdDate":1684173672189,"seq":11,"sysContainerId":null,"sysImage":"","sysName":"","updatedBy":"634d87ea8f08a321cbd32187","updatedByName":"jillian fitzmauric","updatedDate":1684188940646,"name":"Radial Graph","sysTenantId":null,"enabled":false},{"_id":"646273938f0837881e3d1920","chartIcon":"https://esp-app-content.s3.amazonaws.com/545928dae4b0d99180744f96/6462a3cd8f08774676546258-timeC.svg","chartType":"time","createdBy":"5f2c82a98f08f6a20209ccf1","createdByName":"Cindy Spencer","createdDate":1684173715027,"seq":10,"sysContainerId":null,"sysImage":"","sysName":"","updatedBy":"634d87ea8f08a321cbd32187","updatedByName":"jillian fitzmauric","updatedDate":1684188958454,"name":"Time Graph","sysTenantId":null,"enabled":false},{"_id":"64628d5a8f0837881e3d1924","chartIcon":"https://esp-app-content.s3.amazonaws.com/545928dae4b0d99180744f96/6462a3c88f0877467654624f-barhorzC.svg","chartType":"horizontal_bar","createdBy":"634d87ea8f08a321cbd32187","createdByName":"jillian fitzmauric","createdDate":1684180314510,"seq":1,"sysContainerId":null,"sysImage":"","sysName":"","updatedBy":"5f5954238f08ce4e1248db92","updatedByName":"First Admin","updatedDate":1684972594659,"name":"Bar Graph Horizontal","sysTenantId":null,"uiChartType":"bar","isHorizontal":true,"enabled":true}]}]