[{"modelName":"System_Forms","companyId":"5f47ce0c8f0815394ff3bd8a","data":[{"_id":"632cc4968f083d8e332215ff","createdBy":"5f47ce0e8f0815394ff3be1b","createdByName":"Josh Havens","createdDate":1663878294009,"label":"Account Creation","labelKey":null,"seq":1,"sysContainerId":null,"sysImage":"","sysName":"","updatedBy":"5f47ce0e8f0815394ff3be1b","updatedByName":"Josh Havens","updatedDate":1663941278772,"assessment":{"_id":"632cc4968f083d8e332215ff","sysImage":"","branchId":"5f356a6ee4b09666fd028b93","createdByName":"Josh Havens","instructions":null,"sectionsList":[{"uniqueID":1663877280372,"sectionTitle":"Login Information","sectionDescription":null,"selectedQuestion":[{"sequence":null,"type":"USERNAMEAC","sequenceMath":null,"questionText":null,"options":[],"isRequired":true,"questionTextRaw":null,"userAnswer":null},{"sequence":null,"type":"EMAILAC","sequenceMath":null,"questionText":null,"options":[],"isRequired":true,"questionTextRaw":null,"userAnswer":null}]},{"sectionTitle":"Personal Information","uniqueID":1663877317223,"sectionDescription":null,"selectedQuestion":[{"sequence":null,"type":"SA","sequenceMath":null,"questionText":"First Name","options":[],"isRequired":true,"isRequiredDisplay":"* (required)","questionTextRaw":null,"userAnswer":null,"isUsedForProfile":true,"isUsedForProfileField":"firstName"},{"sequence":null,"type":"SA","sequenceMath":null,"questionText":"Last Name","options":[],"isRequired":true,"isRequiredDisplay":"* (required)","questionTextRaw":null,"userAnswer":null,"isUsedForProfile":true,"isUsedForProfileField":"lastName"},{"sequence":null,"type":"PN","sequenceMath":null,"questionText":"Phone Number","options":[],"isRequired":true,"isRequiredDisplay":"* (required)","questionTextRaw":null,"userAnswer":null,"isUsedForProfile":true},{"sequence":null,"type":"SA","sequenceMath":null,"questionText":"WhatsApp Number (no spaces or special characters)","options":[],"isRequired":false,"isRequiredDisplay":"* (required)","questionTextRaw":null,"userAnswer":null,"isUsedForProfile":true}]}],"formType":"Account Creation","updatedBy":"623b79b98f08f48aa9e8585b","tempQuestionProgress":null,"updatedByName":"Josh Havens","description":null,"sysContainerId":null,"updatedDate":1663877504754,"title":"Create Account","type":"Account Creation","createdDate":1663877280372,"createdBy":"623b79b98f08f48aa9e8585b","imageURL":null,"tempQuestionCount":null,"sysName":"","courseId":null,"questionType":null,"status":"ACTIVE"},"sysTenantId":null}]}]