[{"id":"670e888c2a7a96224a543e91","companyId":"5f47ce0c8f0815394ff3bd8a","createdDate":1729005708479,"updatedDate":1729005708479,"versionId":0,"referenceId":null,"systemStatus":null,"updatedByUserId":null,"updatedByUserName":null,"systemStatusText":null,"userTypes":null,"requirementIds":null,"name":"Knowledge Base Project","sourceReferenceId":"670e87652a7a96224a543e79","sourceReferenceAppId":null,"lockedByUserId":null,"lockedByUserName":null,"publicArtifact":false,"enableOffline":false,"locked":false,"canUnlock":false,"publishComment":null,"importantPublish":false,"appId":"670e87222a7a96224a543e75","type":"fldr","parentId":"670e888c2a7a96224a543ea1","childId":null},
{"id":"670e888c2a7a96224a543e92","companyId":"5f47ce0c8f0815394ff3bd8a","createdDate":1729005708479,"updatedDate":1729005708479,"versionId":0,"referenceId":null,"systemStatus":null,"updatedByUserId":null,"updatedByUserName":null,"systemStatusText":null,"userTypes":null,"requirementIds":null,"name":null,"sourceReferenceId":"670e87992a7a96224a543e7a","sourceReferenceAppId":null,"lockedByUserId":null,"lockedByUserName":null,"publicArtifact":false,"enableOffline":false,"locked":false,"canUnlock":false,"publishComment":null,"importantPublish":false,"appId":"670e87222a7a96224a543e75","type":"wf","parentId":"670e888c2a7a96224a543e91","childId":"670e888c2a7a96224a543ea3"},
{"id":"670e888c2a7a96224a543e93","companyId":"5f47ce0c8f0815394ff3bd8a","createdDate":1729005708480,"updatedDate":1729005708480,"versionId":0,"referenceId":null,"systemStatus":null,"updatedByUserId":null,"updatedByUserName":null,"systemStatusText":null,"userTypes":null,"requirementIds":null,"name":null,"sourceReferenceId":"670e87992a7a96224a543e7b","sourceReferenceAppId":null,"lockedByUserId":null,"lockedByUserName":null,"publicArtifact":false,"enableOffline":false,"locked":false,"canUnlock":false,"publishComment":null,"importantPublish":false,"appId":"670e87222a7a96224a543e75","type":"wf","parentId":"670e888c2a7a96224a543e91","childId":"670e888c2a7a96224a543ea4"},
{"id":"670e888c2a7a96224a543e94","companyId":"5f47ce0c8f0815394ff3bd8a","createdDate":1729005708481,"updatedDate":1729005708481,"versionId":0,"referenceId":null,"systemStatus":null,"updatedByUserId":null,"updatedByUserName":null,"systemStatusText":null,"userTypes":null,"requirementIds":null,"name":null,"sourceReferenceId":"670e87992a7a96224a543e7c","sourceReferenceAppId":null,"lockedByUserId":null,"lockedByUserName":null,"publicArtifact":false,"enableOffline":false,"locked":false,"canUnlock":false,"publishComment":null,"importantPublish":false,"appId":"670e87222a7a96224a543e75","type":"wf","parentId":"670e888c2a7a96224a543e91","childId":"670e888c2a7a96224a543ea9"},
{"id":"670e888c2a7a96224a543e95","companyId":"5f47ce0c8f0815394ff3bd8a","createdDate":1729005708481,"updatedDate":1729005708481,"versionId":0,"referenceId":null,"systemStatus":null,"updatedByUserId":null,"updatedByUserName":null,"systemStatusText":null,"userTypes":null,"requirementIds":null,"name":null,"sourceReferenceId":"670e87992a7a96224a543e7d","sourceReferenceAppId":null,"lockedByUserId":null,"lockedByUserName":null,"publicArtifact":false,"enableOffline":false,"locked":false,"canUnlock":false,"publishComment":null,"importantPublish":false,"appId":"670e87222a7a96224a543e75","type":"wf","parentId":"670e888c2a7a96224a543e91","childId":"670e888c2a7a96224a543ea5"},
{"id":"670e888c2a7a96224a543e96","companyId":"5f47ce0c8f0815394ff3bd8a","createdDate":1729005708482,"updatedDate":1729005708482,"versionId":0,"referenceId":null,"systemStatus":null,"updatedByUserId":null,"updatedByUserName":null,"systemStatusText":null,"userTypes":null,"requirementIds":null,"name":null,"sourceReferenceId":"670e87992a7a96224a543e7e","sourceReferenceAppId":null,"lockedByUserId":null,"lockedByUserName":null,"publicArtifact":false,"enableOffline":false,"locked":false,"canUnlock":false,"publishComment":null,"importantPublish":false,"appId":"670e87222a7a96224a543e75","type":"wf","parentId":"670e888c2a7a96224a543e91","childId":"670e888c2a7a96224a543ea7"},
{"id":"670e888c2a7a96224a543e97","companyId":"5f47ce0c8f0815394ff3bd8a","createdDate":1729005708483,"updatedDate":1729005708483,"versionId":0,"referenceId":null,"systemStatus":null,"updatedByUserId":null,"updatedByUserName":null,"systemStatusText":null,"userTypes":null,"requirementIds":null,"name":null,"sourceReferenceId":"670e87992a7a96224a543e7f","sourceReferenceAppId":null,"lockedByUserId":null,"lockedByUserName":null,"publicArtifact":false,"enableOffline":false,"locked":false,"canUnlock":false,"publishComment":null,"importantPublish":false,"appId":"670e87222a7a96224a543e75","type":"wf","parentId":"670e888c2a7a96224a543e91","childId":"670e888c2a7a96224a543ea6"},
{"id":"670e888c2a7a96224a543e98","companyId":"5f47ce0c8f0815394ff3bd8a","createdDate":1729005708484,"updatedDate":1729005708484,"versionId":0,"referenceId":null,"systemStatus":null,"updatedByUserId":null,"updatedByUserName":null,"systemStatusText":null,"userTypes":null,"requirementIds":null,"name":null,"sourceReferenceId":"670e87992a7a96224a543e80","sourceReferenceAppId":null,"lockedByUserId":null,"lockedByUserName":null,"publicArtifact":false,"enableOffline":false,"locked":false,"canUnlock":false,"publishComment":null,"importantPublish":false,"appId":"670e87222a7a96224a543e75","type":"wf","parentId":"670e888c2a7a96224a543e91","childId":"670e888c2a7a96224a543ea8"},
{"id":"670e888c2a7a96224a543e99","companyId":"5f47ce0c8f0815394ff3bd8a","createdDate":1729005708485,"updatedDate":1729005708485,"versionId":0,"referenceId":null,"systemStatus":null,"updatedByUserId":null,"updatedByUserName":null,"systemStatusText":null,"userTypes":null,"requirementIds":null,"name":null,"sourceReferenceId":"670e87992a7a96224a543e81","sourceReferenceAppId":null,"lockedByUserId":null,"lockedByUserName":null,"publicArtifact":false,"enableOffline":false,"locked":false,"canUnlock":false,"publishComment":null,"importantPublish":false,"appId":"670e87222a7a96224a543e75","type":"wf","parentId":"670e888c2a7a96224a543e91","childId":"670e888c2a7a96224a543ea2"},
{"id":"670e888c2a7a96224a543e9a","companyId":"5f47ce0c8f0815394ff3bd8a","createdDate":1729005708485,"updatedDate":1729005708485,"versionId":0,"referenceId":null,"systemStatus":null,"updatedByUserId":null,"updatedByUserName":null,"systemStatusText":null,"userTypes":null,"requirementIds":null,"name":null,"sourceReferenceId":"670e87a42a7a96224a543e82","sourceReferenceAppId":null,"lockedByUserId":null,"lockedByUserName":null,"publicArtifact":false,"enableOffline":false,"locked":false,"canUnlock":false,"publishComment":null,"importantPublish":false,"appId":"670e87222a7a96224a543e75","type":"cc","parentId":"670e888c2a7a96224a543e91","childId":"670e888b2a7a96224a543e8c"},
{"id":"670e888c2a7a96224a543e9b","companyId":"5f47ce0c8f0815394ff3bd8a","createdDate":1729005708486,"updatedDate":1729005708486,"versionId":0,"referenceId":null,"systemStatus":null,"updatedByUserId":null,"updatedByUserName":null,"systemStatusText":null,"userTypes":null,"requirementIds":null,"name":null,"sourceReferenceId":"670e87a42a7a96224a543e83","sourceReferenceAppId":null,"lockedByUserId":null,"lockedByUserName":null,"publicArtifact":false,"enableOffline":false,"locked":false,"canUnlock":false,"publishComment":null,"importantPublish":false,"appId":"670e87222a7a96224a543e75","type":"cc","parentId":"670e888c2a7a96224a543e91","childId":"670e888b2a7a96224a543e8d"},
{"id":"670e888c2a7a96224a543e9c","companyId":"5f47ce0c8f0815394ff3bd8a","createdDate":1729005708487,"updatedDate":1729005708487,"versionId":0,"referenceId":null,"systemStatus":null,"updatedByUserId":null,"updatedByUserName":null,"systemStatusText":null,"userTypes":null,"requirementIds":null,"name":null,"sourceReferenceId":"670e87a42a7a96224a543e84","sourceReferenceAppId":null,"lockedByUserId":null,"lockedByUserName":null,"publicArtifact":false,"enableOffline":false,"locked":false,"canUnlock":false,"publishComment":null,"importantPublish":false,"appId":"670e87222a7a96224a543e75","type":"cc","parentId":"670e888c2a7a96224a543e91","childId":"670e888b2a7a96224a543e8a"},
{"id":"670e888c2a7a96224a543e9d","companyId":"5f47ce0c8f0815394ff3bd8a","createdDate":1729005708488,"updatedDate":1729005708488,"versionId":0,"referenceId":null,"systemStatus":null,"updatedByUserId":null,"updatedByUserName":null,"systemStatusText":null,"userTypes":null,"requirementIds":null,"name":null,"sourceReferenceId":"670e87a42a7a96224a543e85","sourceReferenceAppId":null,"lockedByUserId":null,"lockedByUserName":null,"publicArtifact":false,"enableOffline":false,"locked":false,"canUnlock":false,"publishComment":null,"importantPublish":false,"appId":"670e87222a7a96224a543e75","type":"cc","parentId":"670e888c2a7a96224a543e91","childId":"670e888b2a7a96224a543e8b"},
{"id":"670e888c2a7a96224a543e9e","companyId":"5f47ce0c8f0815394ff3bd8a","createdDate":1729005708488,"updatedDate":1729005708488,"versionId":0,"referenceId":null,"systemStatus":null,"updatedByUserId":null,"updatedByUserName":null,"systemStatusText":null,"userTypes":null,"requirementIds":null,"name":null,"sourceReferenceId":"670e87a42a7a96224a543e86","sourceReferenceAppId":null,"lockedByUserId":null,"lockedByUserName":null,"publicArtifact":false,"enableOffline":false,"locked":false,"canUnlock":false,"publishComment":null,"importantPublish":false,"appId":"670e87222a7a96224a543e75","type":"cc","parentId":"670e888c2a7a96224a543e91","childId":"670e888c2a7a96224a543e8e"},
{"id":"670e888c2a7a96224a543e9f","companyId":"5f47ce0c8f0815394ff3bd8a","createdDate":1729005708489,"updatedDate":1729005708489,"versionId":0,"referenceId":null,"systemStatus":null,"updatedByUserId":null,"updatedByUserName":null,"systemStatusText":null,"userTypes":null,"requirementIds":null,"name":null,"sourceReferenceId":"670e87a42a7a96224a543e87","sourceReferenceAppId":null,"lockedByUserId":null,"lockedByUserName":null,"publicArtifact":false,"enableOffline":false,"locked":false,"canUnlock":false,"publishComment":null,"importantPublish":false,"appId":"670e87222a7a96224a543e75","type":"cc","parentId":"670e888c2a7a96224a543e91","childId":"670e888c2a7a96224a543e8f"},
{"id":"670e888c2a7a96224a543ea0","companyId":"5f47ce0c8f0815394ff3bd8a","createdDate":1729005708490,"updatedDate":1729005708490,"versionId":0,"referenceId":null,"systemStatus":null,"updatedByUserId":null,"updatedByUserName":null,"systemStatusText":null,"userTypes":null,"requirementIds":null,"name":null,"sourceReferenceId":"670e87a42a7a96224a543e88","sourceReferenceAppId":null,"lockedByUserId":null,"lockedByUserName":null,"publicArtifact":false,"enableOffline":false,"locked":false,"canUnlock":false,"publishComment":null,"importantPublish":false,"appId":"670e87222a7a96224a543e75","type":"cc","parentId":"670e888c2a7a96224a543e91","childId":"670e888c2a7a96224a543e90"},
{"id":"670e888c2a7a96224a543ea1","companyId":"5f47ce0c8f0815394ff3bd8a","createdDate":1726522170169,"updatedDate":1729196239077,"versionId":0,"referenceId":null,"systemStatus":null,"updatedByUserId":null,"updatedByUserName":null,"systemStatusText":null,"userTypes":null,"requirementIds":null,"name":"Custom Exports","sourceReferenceId":"66e8a33a8f087b8dfd31caca","sourceReferenceAppId":null,"lockedByUserId":null,"lockedByUserName":null,"publicArtifact":false,"enableOffline":false,"locked":false,"canUnlock":false,"publishComment":null,"importantPublish":false,"appId":"670e87222a7a96224a543e75","type":"fldr","parentId":"670e87222a7a96224a543e75","childId":null},
{"id":"670feb302a7a96224a544a86","companyId":null,"createdDate":1729096496763,"updatedDate":1729096496763,"versionId":0,"referenceId":null,"systemStatus":null,"updatedByUserId":null,"updatedByUserName":null,"systemStatusText":null,"userTypes":null,"requirementIds":null,"name":null,"sourceReferenceId":null,"sourceReferenceAppId":null,"lockedByUserId":null,"lockedByUserName":null,"publicArtifact":false,"enableOffline":false,"locked":false,"canUnlock":false,"publishComment":null,"importantPublish":false,"appId":"670e87222a7a96224a543e75","type":"cc","parentId":"undefined","childId":"670feb302a7a96224a544a7a"},
{"id":"670ff4782a7a96224a544dab","companyId":null,"createdDate":1729098872353,"updatedDate":1729098872353,"versionId":0,"referenceId":null,"systemStatus":null,"updatedByUserId":null,"updatedByUserName":null,"systemStatusText":null,"userTypes":null,"requirementIds":null,"name":null,"sourceReferenceId":null,"sourceReferenceAppId":null,"lockedByUserId":null,"lockedByUserName":null,"publicArtifact":false,"enableOffline":false,"locked":false,"canUnlock":false,"publishComment":null,"importantPublish":false,"appId":"670e87222a7a96224a543e75","type":"cc","parentId":"undefined","childId":"670ff4782a7a96224a544da8"},
{"id":"670ff50a2a7a96224a544db7","companyId":null,"createdDate":1729099018197,"updatedDate":1729099018197,"versionId":0,"referenceId":null,"systemStatus":null,"updatedByUserId":null,"updatedByUserName":null,"systemStatusText":null,"userTypes":null,"requirementIds":null,"name":null,"sourceReferenceId":null,"sourceReferenceAppId":null,"lockedByUserId":null,"lockedByUserName":null,"publicArtifact":false,"enableOffline":false,"locked":false,"canUnlock":false,"publishComment":null,"importantPublish":false,"appId":"670e87222a7a96224a543e75","type":"cc","parentId":"undefined","childId":"670ff50a2a7a96224a544db3"},
{"id":"671a718d2a7a96224a54737d","companyId":null,"createdDate":1729786253637,"updatedDate":1729786253637,"versionId":0,"referenceId":null,"systemStatus":null,"updatedByUserId":null,"updatedByUserName":null,"systemStatusText":null,"userTypes":null,"requirementIds":null,"name":null,"sourceReferenceId":null,"sourceReferenceAppId":null,"lockedByUserId":null,"lockedByUserName":null,"publicArtifact":false,"enableOffline":false,"locked":false,"canUnlock":false,"publishComment":null,"importantPublish":false,"appId":"670e87222a7a96224a543e75","type":"cc","parentId":"undefined","childId":"671a718d2a7a96224a547379"},
{"id":"671fbbec2a7a96224a547a42","companyId":null,"createdDate":1730132972310,"updatedDate":1730132972310,"versionId":0,"referenceId":null,"systemStatus":null,"updatedByUserId":null,"updatedByUserName":null,"systemStatusText":null,"userTypes":null,"requirementIds":null,"name":null,"sourceReferenceId":null,"sourceReferenceAppId":null,"lockedByUserId":null,"lockedByUserName":null,"publicArtifact":false,"enableOffline":false,"locked":false,"canUnlock":false,"publishComment":null,"importantPublish":false,"appId":"670e87222a7a96224a543e75","type":"cc","parentId":"undefined","childId":"671fbbec2a7a96224a547a3e"},
{"id":"671fbe352a7a96224a547a48","companyId":null,"createdDate":1730133557459,"updatedDate":1730133557459,"versionId":0,"referenceId":null,"systemStatus":null,"updatedByUserId":null,"updatedByUserName":null,"systemStatusText":null,"userTypes":null,"requirementIds":null,"name":null,"sourceReferenceId":null,"sourceReferenceAppId":null,"lockedByUserId":null,"lockedByUserName":null,"publicArtifact":false,"enableOffline":false,"locked":false,"canUnlock":false,"publishComment":null,"importantPublish":false,"appId":"670e87222a7a96224a543e75","type":"cc","parentId":"undefined","childId":"671fbe352a7a96224a547a44"},
{"id":"671fe8af2a7a96224a547a8a","companyId":null,"createdDate":1730144431576,"updatedDate":1730144431576,"versionId":0,"referenceId":null,"systemStatus":null,"updatedByUserId":null,"updatedByUserName":null,"systemStatusText":null,"userTypes":null,"requirementIds":null,"name":"TO TEST ","sourceReferenceId":null,"sourceReferenceAppId":null,"lockedByUserId":null,"lockedByUserName":null,"publicArtifact":false,"enableOffline":false,"locked":false,"canUnlock":false,"publishComment":null,"importantPublish":false,"appId":"670e87222a7a96224a543e75","type":"fldr","parentId":"670e888c2a7a96224a543ea1","childId":null},
{"id":"671fe8c42a7a96224a547a8b","companyId":null,"createdDate":1730144452792,"updatedDate":1730144452792,"versionId":0,"referenceId":null,"systemStatus":null,"updatedByUserId":null,"updatedByUserName":null,"systemStatusText":null,"userTypes":null,"requirementIds":null,"name":null,"sourceReferenceId":null,"sourceReferenceAppId":null,"lockedByUserId":null,"lockedByUserName":null,"publicArtifact":false,"enableOffline":false,"locked":false,"canUnlock":false,"publishComment":null,"importantPublish":false,"appId":"670e87222a7a96224a543e75","type":"wf","parentId":"671fe8af2a7a96224a547a8a","childId":"671fbb1c2a7a96224a547a3a"},
{"id":"671fe8c42a7a96224a547a8c","companyId":null,"createdDate":1730144452803,"updatedDate":1730144452803,"versionId":0,"referenceId":null,"systemStatus":null,"updatedByUserId":null,"updatedByUserName":null,"systemStatusText":null,"userTypes":null,"requirementIds":null,"name":null,"sourceReferenceId":null,"sourceReferenceAppId":null,"lockedByUserId":null,"lockedByUserName":null,"publicArtifact":false,"enableOffline":false,"locked":false,"canUnlock":false,"publishComment":null,"importantPublish":false,"appId":"670e87222a7a96224a543e75","type":"wf","parentId":"671fe8af2a7a96224a547a8a","childId":"671bc8ef2a7a96224a5479df"},
{"id":"671fe8d12a7a96224a547a8d","companyId":null,"createdDate":1730144465464,"updatedDate":1730144465464,"versionId":0,"referenceId":null,"systemStatus":null,"updatedByUserId":null,"updatedByUserName":null,"systemStatusText":null,"userTypes":null,"requirementIds":null,"name":null,"sourceReferenceId":null,"sourceReferenceAppId":null,"lockedByUserId":null,"lockedByUserName":null,"publicArtifact":false,"enableOffline":false,"locked":false,"canUnlock":false,"publishComment":null,"importantPublish":false,"appId":"670e87222a7a96224a543e75","type":"cc","parentId":"671fe8af2a7a96224a547a8a","childId":"670e888b2a7a96224a543e8c"},
{"id":"671fe8d12a7a96224a547a8e","companyId":null,"createdDate":1730144465474,"updatedDate":1730144465474,"versionId":0,"referenceId":null,"systemStatus":null,"updatedByUserId":null,"updatedByUserName":null,"systemStatusText":null,"userTypes":null,"requirementIds":null,"name":null,"sourceReferenceId":null,"sourceReferenceAppId":null,"lockedByUserId":null,"lockedByUserName":null,"publicArtifact":false,"enableOffline":false,"locked":false,"canUnlock":false,"publishComment":null,"importantPublish":false,"appId":"670e87222a7a96224a543e75","type":"cc","parentId":"671fe8af2a7a96224a547a8a","childId":"671fbe352a7a96224a547a44"},
{"id":"6722a9912a7a96224a547b91","companyId":null,"createdDate":1730324881916,"updatedDate":1730324881916,"versionId":0,"referenceId":null,"systemStatus":null,"updatedByUserId":null,"updatedByUserName":null,"systemStatusText":null,"userTypes":null,"requirementIds":null,"name":null,"sourceReferenceId":null,"sourceReferenceAppId":null,"lockedByUserId":null,"lockedByUserName":null,"publicArtifact":false,"enableOffline":false,"locked":false,"canUnlock":false,"publishComment":null,"importantPublish":false,"appId":"670e87222a7a96224a543e75","type":"wf","parentId":"671fe8af2a7a96224a547a8a","childId":"672150ce2a7a96224a547b20"},
{"id":"6722a9d92a7a96224a547b99","companyId":null,"createdDate":1730324953928,"updatedDate":1730324953928,"versionId":0,"referenceId":null,"systemStatus":null,"updatedByUserId":null,"updatedByUserName":null,"systemStatusText":null,"userTypes":null,"requirementIds":null,"name":null,"sourceReferenceId":null,"sourceReferenceAppId":null,"lockedByUserId":null,"lockedByUserName":null,"publicArtifact":false,"enableOffline":false,"locked":false,"canUnlock":false,"publishComment":null,"importantPublish":false,"appId":"670e87222a7a96224a543e75","type":"cc","parentId":"671fe8af2a7a96224a547a8a","childId":"670e888b2a7a96224a543e8d"}]