[{"id":"6717ee772a7a96224a54647f","companyId":"5f47ce0c8f0815394ff3bd8a","createdDate":1729621623830,"updatedDate":1730219386293,"versionId":0,"referenceId":null,"systemStatus":null,"updatedByUserId":"5fa999cf8f08eee59b0a70e1","updatedByUserName":"Mark Bonham","systemStatusText":null,"userTypes":[],"requirementIds":[],"name":"Menu_Items to searchTags","sourceReferenceId":null,"sourceReferenceAppId":null,"lockedByUserId":null,"lockedByUserName":null,"publicArtifact":false,"enableOffline":false,"locked":false,"canUnlock":false,"publishComment":null,"importantPublish":false,"appId":"670e87222a7a96224a543e75","dataModel":"Menu_Items","inputDataModel":"Menu_DashboardItems","operator":"and","relationshipOperator":"and","onlySelectedFields":true,"dynamicSearchCriteria":false,"dynamicCriteriaFieldName":null,"relationshipFilters":null,"selectFields":[{"modelLabel":null,"fieldName":"name","sortOrder":0,"seq":0,"dynamicFieldName":false},{"modelLabel":null,"fieldName":"loggedInUserRole","sortOrder":0,"seq":0,"dynamicFieldName":false}],"sortFields":[{"modelLabel":null,"fieldName":"name","sortOrder":1,"seq":1,"dynamicFieldName":false},{"modelLabel":null,"fieldName":"loggedInUserRole","sortOrder":1,"seq":2,"dynamicFieldName":false}],"conditions":[{"fieldName":"name","fieldValue":"","dynamicOpeartor":false,"operator":"notEmpty","fieldType":null,"dynamicFieldName":false,"dynamicFilter":false,"filterValueToken":false,"ignoreCase":false,"fieldListValue":null,"additionalValueDynamic":false,"additionalValueField":null,"additionalValue":0.0,"location":null,"locations":null,"leftModelLabel":null,"rightModelLabel":null,"rightFieldName":null},{"fieldName":"menuContext","fieldValue":"Dashboard","dynamicOpeartor":false,"operator":"$eq","fieldType":null,"dynamicFieldName":false,"dynamicFilter":false,"filterValueToken":false,"ignoreCase":false,"fieldListValue":null,"additionalValueDynamic":false,"additionalValueField":null,"additionalValue":0.0,"location":null,"locations":null,"leftModelLabel":null,"rightModelLabel":null,"rightFieldName":null}],"relationFilterFieldName":"menuContext","limit":0,"randomizeResults":false,"hidden":false,"platformObjects":false,"dynamicDataModel":false,"dataModelField":null,"platformObjectName":null,"inputRecordModel":null,"inputRecordField":null,"allRelations":false,"relatedDataModel":null,"relationName":null,"outputDataModel":null,"outputFieldName":null,"sourceDatabase":null,"aggregation":false,"multipleModels":false,"joinModels":null,"joinConditions":null,"deletedData":false,"auditData":false,"auditRecordIdField":null,"aggregationFields":null,"groupFields":null,"createScreen":false,"pageId":null,"pageModelName":null,"pageModelId":null,"securityConditions":null}]