[{"id":"5f47f8728f0814ff0a91766c","companyId":"5f47ce0c8f0815394ff3bd8a","createdDate":1730304626930,"updatedDate":1730304626930,"versionId":66,"referenceId":null,"systemStatus":"P","updatedByUserId":"5f4d87978f086f27a2ab1467","updatedByUserName":"Chris Lamberth","systemStatusText":null,"userTypes":[],"requirementIds":[],"name":"Course_Viewer_Module_Text","sourceReferenceId":"5e95eec0e4b0fa5ef777cadc","sourceReferenceAppId":"5e4ad395e4b053c18438f562","lockedByUserId":null,"lockedByUserName":null,"publicArtifact":false,"enableOffline":false,"locked":false,"canUnlock":false,"publishComment":" ","importantPublish":false,"appId":"5f47f6258f0814ff0a91755e","folderId":null,"desc":null,"loadDataFrom":"model","dataModel":"Course_ContentModule","webserviceId":null,"webserviceOutput":null,"preLoadWorkflowId":null,"workflowId":"5f47f8728f0814ff0a917746","backButtonWorkflowId":null,"targetDevice":"browser","detachTemplate":true,"templateId":"","landscapeTemplateId":"","defaultTemplate":"portrait","config":{"type":"gridpanel","style":{"width":"100%","height":"100%","display":"grid","padding-top":"0","padding-left":"0","padding-right":"0","padding-bottom":"0","grid-gap":"0em","grid-template-columns":"repeat(4, 1fr)","grid-template-rows":"repeat(4, 1fr)","grid-auto-rows":"1fr","grid-auto-columns":"1fr"},"direction":"layout-grid","fields":[{"type":"flexlayout","componentName":"","componentType":"vbox","class":"sortable","direction":"vertical","align":"start","pack":"stretch","style":{"width":"100%","display":"flex","max-width":"800px","margin-top":"0px","margin-left":"auto","margin-right":"auto","margin-bottom":"0px","padding-top":"0","padding-left":"20px","padding-right":"20px","padding-bottom":"20px","align-items":"center","grid-area":"1 / 1 / 5 / 5"},"hasChild":false,"gridArea":"1 / 1 / 5 / 5","id":1586884289159,"childStyle":{},"fields":[{"type":"flexlayout","componentName":"","componentType":"vbox","class":"sortable","direction":"vertical","align":"start","pack":"stretch","style":{"width":"100%","display":"flex","margin-bottom":"20px"},"hasChild":false,"id":1613405703612,"childStyle":{},"fields":[{"type":"rte","class":"someClass orTwo","componentType":"rte","style":{"border-width":"0","border-left-width":"0","border-right-width":"0","border-top-width":"0","border-bottom-width":"0","border-style":"none","border-color":"rgb(204,204,204)","width":"100%","height":"100%","display":"none","min-height":"400px","margin-bottom":"30px","align-self":"center"},"hasChild":true,"id":1586884289160,"dynamicStyles":{},"dynamicChildStyles":{},"background-color":{"isTransparent":false,"isChildTransparent":false},"name":"RTE Text"},{"type":"text","componentName":"","componentType":"input","class":"text-wrap","style":{"font-size":"1em"},"hasChild":false,"id":1613771474524,"dynamicStyles":{"color":{"isDynamic":true,"dataSourceType":"global","dataSourcefieldName":"secondaryBGTextColor","dataSourceKey":"BRANCH_STYLES","dataSourceModelName":"Branch_Styles"}},"background-color":{"isTransparent":false,"isChildTransparent":false}}],"dynamicStyles":{},"background-color":{"isTransparent":false,"isChildTransparent":false}},{"type":"flexlayout","componentName":"","componentType":"vbox","class":"sortable","direction":"vertical","align":"start","pack":"stretch","style":{"width":"100%","display":"flex"},"hasChild":false,"id":1730303819441,"childStyle":{},"fields":[{"type":"list","class":"someClass orTwo","componentType":"list","style":{"width":"100%","height":"100%","margin-bottom":"10px"},"hasChild":true,"id":1730303819442,"dynamicStyles":{},"dynamicChildStyles":{}}],"dynamicStyles":{}}],"dynamicStyles":{},"background-color":{"isTransparent":false,"isChildTransparent":false}}],"id":1586884289158,"gridLayoutProps":{"rows":1,"cols":1,"layOutRows":4,"layOutCols":4,"grids":["1 / 1 / 5 / 5"]},"childStyle":{},"dynamicStyles":{},"background-color":{"isTransparent":false,"isChildTransparent":false}},"portraitConfig":null,"landscapeConfig":null,"pageBuilderConfig":{"1586884289158":{"listeners":{"click":{"workflow":"","submit":false,"type":"workflow","success":{"type":"goTo","screenId":""}},"drag":{"workflow":"","submit":false}},"cssClassNamedataSourceType":"","hoverTxtdataSourceType":""},"1586884289160":{"listeners":{"blur":{"workflow":"","submit":false,"type":"workflow","success":{"type":"goTo","screenId":""}},"drop":{"workflow":"","submit":false,"type":"workflow","success":{"type":"goTo","screenId":""}},"select":{"workflow":"","submit":false,"type":"workflow","success":{"type":"goTo","screenId":""}},"keyup":{"type":"workflow","success":{"type":"goTo","screenId":""}}},"cssClassNamedataSourceType":"","dataSourceType":"global","ExternalCssdataSourceType":"","textSelectiondataSourceType":"","useExistingKey":true,"dataSourceKey":"CURRENT_MODULE","dataSourceModelName":"Course_ContentModule","dataSourcefieldName":"content","isReadOnly":true,"height":"","removeSource":true,"removePrint":true,"removeZoom":true,"showToolbar":true,"resizable":false,"bodyClass":"article","rawTextdataSourceType":""},"1586884289159":{"listeners":{"click":{"workflow":"","submit":false,"type":"workflow","success":{"type":"goTo","screenId":""}},"drag":{"workflow":"","submit":false},"doubleclick":{"type":"workflow","success":{"type":"goTo","screenId":""}}},"hoverTxtdataSourceType":""},"1588098941349":{"DynaCCdataSourceType":"global","DynaInputdataSourceType":"global","fieldName":"moduleQuestion","includedPageId":"5f47f8728f0814ff0a917687"},"1613405703612":{"listeners":{"click":{"workflow":"","submit":false,"type":"workflow","success":{"type":"goTo","screenId":""}},"drag":{"workflow":"","submit":false},"doubleclick":{"type":"workflow","success":{"type":"goTo","screenId":""}}},"hoverTxtdataSourceType":""},"1613771474524":{"listeners":{"click":{"workflow":"","submit":false,"type":"workflow","success":{"type":"goTo","screenId":""}},"doubleclick":{"type":"workflow","success":{"type":"goTo","screenId":""}}},"cssClassNamedataSourceType":"","dataSourceType":"pagemodel","dataSourcefieldName":"content","ellipsis":"","isRequiredKeydataSourceType":"","enableTranslation":true,"hideTooltip":true},"dataModel":"Course_ContentModule","1730303819442":{"listeners":{"click":{"workflow":"","submit":false,"type":"workflow","success":{"type":"goTo","screenId":""}},"focus":{"workflow":"","submit":false,"type":"workflow","success":{"type":"goTo","screenId":""}}},"isMultiCustom":false,"listCC":[],"cssClassNamedataSourceType":"","listType":"customList","dataSourceType":"pagemodel","scrollTodataSourceType":"","emptyListCCdataSourceType":"","customComponent":"5f47f8728f0814ff0a917687","dataSourcefieldName":"learningConfirmation"},"1730303819441":{"listeners":{"click":{"workflow":"","submit":false},"drag":{"workflow":"","submit":false},"panelResize":{"workflow":"","submit":false}}}},"gridLayoutConfig":{"cols":1,"rows":1,"gridgap":{"int":0,"unit":"em"},"autoflow":true,"explicit":{"colValues":"auto","rowValues":"auto"}},"savedId":null,"workInProgress":false,"status":null,"createdBy":null,"lastModifiedBy":null,"deleted":false,"customComponent":true,"style":false,"animation":false,"styleComponentType":null,"hidden":false,"hideDrawer":false,"lockOrientation":null,"screenShotData":null,"customComponentScreenShot":false,"eventMappings":null,"layoutRows":0,"layoutCols":0,"enableRuntimeConfiguration":false,"inputs":null,"timerWorkflowId":null,"timeInterval":0,"label":null,"leftArrowWorkflowId":null,"rightArrowWorkflowId":null,"bpmManaged":false,"category":null,"displaySeq":0,"rowCounter":0,"columnCounter":0,"aiHtml":null,"responsiveCSSProps":null,"customization":null,"pageData":null},
{"id":"6650c2468f08144d3d67c99c","companyId":"5f47ce0c8f0815394ff3bd8a","createdDate":1730304645822,"updatedDate":1730304645822,"versionId":15,"referenceId":null,"systemStatus":"P","updatedByUserId":"5f4d87978f086f27a2ab1467","updatedByUserName":"Chris Lamberth","systemStatusText":null,"userTypes":[],"requirementIds":[],"name":"Course_Builder_Module_Question_List","sourceReferenceId":null,"sourceReferenceAppId":null,"lockedByUserId":null,"lockedByUserName":null,"publicArtifact":false,"enableOffline":false,"locked":false,"canUnlock":false,"publishComment":" ","importantPublish":false,"appId":"5f47f6258f0814ff0a91755e","folderId":null,"desc":null,"loadDataFrom":"model","dataModel":"Course_ContentModule","webserviceId":null,"webserviceOutput":null,"preLoadWorkflowId":null,"workflowId":null,"backButtonWorkflowId":null,"targetDevice":"browser","detachTemplate":true,"templateId":"","landscapeTemplateId":"","defaultTemplate":"portrait","config":{"type":"panel","style":{"width":"100%","height":"100%"},"direction":"layout-box horizontal align-start pack-start","fields":[{"type":"flexlayout","componentName":"","componentType":"vbox","class":"sortable","direction":"vertical","align":"start","pack":"stretch","style":{"width":"100%","height":"100%","display":"flex"},"hasChild":false,"id":1716568649721,"childStyle":{},"fields":[{"type":"flexlayout","componentName":"","componentType":"hbox","class":"sortable","direction":"horizontal","align":"start","pack":"stretch","style":{"border-radius":"4px","width":"100%","height":"50px","display":"flex","margin-top":"0px","margin-left":"0px","margin-right":"0px","margin-bottom":"0px","padding-top":"10px","padding-left":"10px","padding-right":"10px","padding-bottom":"10px","align-items":"center","cursor":"Pointer","grid-area":"1 / 1 / 2 / 2"},"hasChild":false,"id":1716569563112,"fields":[{"type":"flexlayout","componentName":"","componentType":"vbox","class":"sortable","direction":"vertical","align":"start","pack":"stretch","style":{"width":"NaN%","display":"flex","margin-top":"0px","margin-left":"0px","margin-right":"10px","margin-bottom":"0px","padding-top":"0px","padding-left":"0px","padding-right":"0px","padding-bottom":"0px"},"hasChild":false,"id":1716569563114,"childStyle":{},"fields":[{"type":"text","componentName":"","componentType":"input","class":"text-wrap","style":{"margin-top":"0px","margin-left":"0px","margin-right":"0px","margin-bottom":"0px","padding-top":"10px","padding-left":"10px","padding-right":"10px","padding-bottom":"10px","font-family":"Montserrat","font-weight":"bold"},"hasChild":false,"id":1716569563115,"dynamicStyles":{"color":{"isDynamic":true,"dataSourceType":"global","dataSourcefieldName":"secondaryBGTextColor","dataSourceKey":"BRANCH_STYLES","dataSourceModelName":"Branch_Styles"}},"background-color":{"isTransparent":false,"isChildTransparent":false},"headerType":"","rrStyles":[]}],"dynamicStyles":{},"background-color":{"isTransparent":false,"isChildTransparent":false}},{"type":"flexlayout","componentName":"","componentType":"vbox","class":"sortable","direction":"vertical","align":"start","pack":"stretch","style":{"width":"NaN%","display":"flex","margin-top":"0px","margin-left":"0px","margin-right":"0px","margin-bottom":"0px","padding-top":"0px","padding-left":"0px","padding-right":"0px","padding-bottom":"0px"},"hasChild":false,"id":1716569563116,"childStyle":{},"fields":[{"type":"button","componentName":"","componentType":"button","class":"btn btn-primary","style":{"background-color":"rgba(1, 0, 0, 0)","background-position":"center center","background-repeat":"no-repeat","background-size":"20px","border-width":"0px","border-left-width":"0px","border-right-width":"0px","border-top-width":"0px","border-bottom-width":"0px","width":"40px","height":"40px","display":"flex","margin-top":"0px","margin-left":"0px","margin-right":"0px","margin-bottom":"0px","padding-top":"0px","padding-left":"0px","padding-right":"0px","padding-bottom":"0px","font-size":"22px"},"hasChild":false,"id":1716569563119,"dynamicStyles":{"color":{"isDynamic":true,"dataSourceType":"global","dataSourcefieldName":"primaryBGColorText","dataSourceKey":"BRANCH_STYLES","dataSourceModelName":"Branch_Styles"}},"background-color":{"isTransparent":false,"isChildTransparent":false},"name":"Add Question"}],"dynamicStyles":{},"background-color":{"isTransparent":false,"isChildTransparent":false}}],"childStyle":{},"dynamicStyles":{"color":{"isDynamic":true,"dataSourceType":"global","dataSourcefieldName":"secondaryBGTextColor","dataSourceKey":"BRANCH_STYLES","dataSourceModelName":"Branch_Styles"}},"background-color":{"isTransparent":false,"isChildTransparent":false},"name":"Add Question Header","gridArea":"1 / 1 / 2 / 2"},{"type":"flexlayout","componentName":"","componentType":"vbox","class":"sortable","direction":"vertical","align":"start","pack":"stretch","style":{"width":"100%","display":"flex"},"hasChild":false,"id":1716569269306,"childStyle":{},"fields":[{"type":"list","class":"someClass orTwo","componentType":"list","style":{"width":"100%","height":"100%","margin-bottom":"10px"},"hasChild":true,"id":1716568649722,"dynamicStyles":{},"dynamicChildStyles":{},"name":"Learning_List"}],"dynamicStyles":{}}],"dynamicStyles":{}}],"id":1716568649720,"childStyle":{},"dynamicStyles":{}},"portraitConfig":null,"landscapeConfig":null,"pageBuilderConfig":{"1716568649720":{"listeners":{"click":{"workflow":"","submit":false},"drag":{"workflow":"","submit":false},"panelResize":{"workflow":"","submit":false}},"cssClassNamedataSourceType":""},"1716568649722":{"listeners":{"click":{"workflow":"","submit":false,"type":"workflow","success":{"type":"goTo","screenId":""}},"focus":{"workflow":"","submit":false,"type":"workflow","success":{"type":"goTo","screenId":""}},"sortUpdate":{"type":"workflow","success":{"type":"goTo","screenId":""}}},"isMultiCustom":false,"listCC":[],"cssClassNamedataSourceType":"","listType":"customList","dataSourceType":"pagemodel","scrollTodataSourceType":"","emptyListCCdataSourceType":"","customComponent":"66d0c1868f087bd71df499dc","dataSourcefieldName":"learningConfirmation","draggableSort":true,"sequenceModel":"Assessment_Questions","sequenceField":"sequence"},"1716568649721":{"listeners":{"click":{"workflow":"","submit":false,"type":"workflow","success":{"type":"goTo","screenId":""}},"drag":{"workflow":"","submit":false},"panelResize":{"workflow":"","submit":false},"doubleclick":{"type":"workflow","success":{"type":"goTo","screenId":""}}},"hoverTxtdataSourceType":""},"1716569563112":{"listeners":{"click":{"workflow":"","submit":false,"type":"workflow","success":{"type":"goTo","screenId":""}},"drag":{"workflow":"","submit":false},"doubleclick":{"type":"workflow","success":{"type":"goTo","screenId":""},"workflow":""}},"cssClassNamedataSourceType":"","hoverTxtdataSourceType":""},"1716569563114":{"listeners":{"click":{"workflow":"","submit":false,"type":"workflow","success":{"type":"goTo","screenId":""}},"drag":{"workflow":"","submit":false},"doubleclick":{"type":"workflow","success":{"type":"goTo","screenId":""}}},"hoverTxtdataSourceType":""},"1716569563115":{"listeners":{"click":{"workflow":"","submit":false,"type":"workflow","success":{"type":"goTo","screenId":""}},"doubleclick":{"type":"workflow","success":{"type":"goTo","screenId":""}}},"dataSourceType":"constant","dataSourcefieldName":"Learning Confirmation","ellipsis":"","isRequiredKeydataSourceType":"","labelKey":"","cssClassNamedataSourceType":""},"1716569563116":{"listeners":{"click":{"workflow":"","submit":false,"type":"workflow","success":{"type":"goTo","screenId":""}},"drag":{"workflow":"","submit":false},"doubleclick":{"type":"workflow","success":{"type":"goTo","screenId":""}}},"hoverTxtdataSourceType":""},"1716569563119":{"listeners":{"click":{"workflow":"6650e71d8f08bdb80fbb52cc","submit":false,"type":"workflow","success":{"type":"goTo","screenId":""},"customComponent":"6650e9368f08bdb80fbb52e4","modal-width":"700","modal-height":"700","headerInputConfig":"constant","modal-header-value":"Question Bank"},"longPress":{"workflow":"","submit":false}},"filter":"","ellipsis":"","dataSourceType":"constant","badgedataSourceType":"","hoverTxtdataSourceType":"","dataSourcefieldName":"<i class=\"fa-solid fa-plus\"></i>"},"1716569269306":{"listeners":{"click":{"workflow":"","submit":false},"drag":{"workflow":"","submit":false},"panelResize":{"workflow":"","submit":false}}},"dataModel":"Course_ContentModule"},"gridLayoutConfig":{"cols":1,"rows":1,"gridgap":{"int":0,"unit":"em"},"autoflow":true,"explicit":{"colValues":"auto","rowValues":"auto"}},"savedId":null,"workInProgress":false,"status":null,"createdBy":null,"lastModifiedBy":null,"deleted":false,"customComponent":true,"style":false,"animation":false,"styleComponentType":null,"hidden":false,"hideDrawer":false,"lockOrientation":null,"screenShotData":null,"customComponentScreenShot":false,"eventMappings":null,"layoutRows":0,"layoutCols":0,"enableRuntimeConfiguration":false,"inputs":null,"timerWorkflowId":null,"timeInterval":0,"label":null,"leftArrowWorkflowId":null,"rightArrowWorkflowId":null,"bpmManaged":false,"category":null,"displaySeq":0,"rowCounter":0,"columnCounter":0,"aiHtml":null,"responsiveCSSProps":null,"customization":null,"pageData":null}]