[{"id":"66fec6b52a7a96224a54309f","companyId":null,"createdDate":1727973045436,"updatedDate":1727973045436,"versionId":0,"referenceId":null,"systemStatus":null,"updatedByUserId":null,"updatedByUserName":null,"systemStatusText":null,"userTypes":null,"requirementIds":null,"name":"Roles","sourceReferenceId":null,"sourceReferenceAppId":null,"lockedByUserId":null,"lockedByUserName":null,"publicArtifact":false,"enableOffline":false,"locked":false,"canUnlock":false,"publishComment":null,"importantPublish":false,"appId":"5f47f6158f0814ff0a917552","type":"fldr","parentId":"66fec69e2a7a96224a54309c","childId":null},
{"id":"66fec72f2a7a96224a5430c5","companyId":null,"createdDate":1727973167637,"updatedDate":1727973167637,"versionId":0,"referenceId":null,"systemStatus":null,"updatedByUserId":null,"updatedByUserName":null,"systemStatusText":null,"userTypes":null,"requirementIds":null,"name":null,"sourceReferenceId":null,"sourceReferenceAppId":null,"lockedByUserId":null,"lockedByUserName":null,"publicArtifact":false,"enableOffline":false,"locked":false,"canUnlock":false,"publishComment":null,"importantPublish":false,"appId":"5f47f6158f0814ff0a917552","type":"rl","parentId":"66fec6b52a7a96224a54309f","childId":"5f47f6158f0814ff0a91755b"},
{"id":"66fec72f2a7a96224a5430c6","companyId":null,"createdDate":1727973167648,"updatedDate":1727973167648,"versionId":0,"referenceId":null,"systemStatus":null,"updatedByUserId":null,"updatedByUserName":null,"systemStatusText":null,"userTypes":null,"requirementIds":null,"name":null,"sourceReferenceId":null,"sourceReferenceAppId":null,"lockedByUserId":null,"lockedByUserName":null,"publicArtifact":false,"enableOffline":false,"locked":false,"canUnlock":false,"publishComment":null,"importantPublish":false,"appId":"5f47f6158f0814ff0a917552","type":"rl","parentId":"66fec6b52a7a96224a54309f","childId":"5f4d78628f086f27a2ab132c"},
{"id":"66fec72f2a7a96224a5430c7","companyId":null,"createdDate":1727973167658,"updatedDate":1727973167658,"versionId":0,"referenceId":null,"systemStatus":null,"updatedByUserId":null,"updatedByUserName":null,"systemStatusText":null,"userTypes":null,"requirementIds":null,"name":null,"sourceReferenceId":null,"sourceReferenceAppId":null,"lockedByUserId":null,"lockedByUserName":null,"publicArtifact":false,"enableOffline":false,"locked":false,"canUnlock":false,"publishComment":null,"importantPublish":false,"appId":"5f47f6158f0814ff0a917552","type":"rl","parentId":"66fec6b52a7a96224a54309f","childId":"5f4d786c8f086f27a2ab132f"},
{"id":"66fec72f2a7a96224a5430c8","companyId":null,"createdDate":1727973167669,"updatedDate":1727973167669,"versionId":0,"referenceId":null,"systemStatus":null,"updatedByUserId":null,"updatedByUserName":null,"systemStatusText":null,"userTypes":null,"requirementIds":null,"name":null,"sourceReferenceId":null,"sourceReferenceAppId":null,"lockedByUserId":null,"lockedByUserName":null,"publicArtifact":false,"enableOffline":false,"locked":false,"canUnlock":false,"publishComment":null,"importantPublish":false,"appId":"5f47f6158f0814ff0a917552","type":"rl","parentId":"66fec6b52a7a96224a54309f","childId":"5f4d78b68f086f27a2ab1339"},
{"id":"66fec72f2a7a96224a5430c9","companyId":null,"createdDate":1727973167680,"updatedDate":1727973167680,"versionId":0,"referenceId":null,"systemStatus":null,"updatedByUserId":null,"updatedByUserName":null,"systemStatusText":null,"userTypes":null,"requirementIds":null,"name":null,"sourceReferenceId":null,"sourceReferenceAppId":null,"lockedByUserId":null,"lockedByUserName":null,"publicArtifact":false,"enableOffline":false,"locked":false,"canUnlock":false,"publishComment":null,"importantPublish":false,"appId":"5f47f6158f0814ff0a917552","type":"rl","parentId":"66fec6b52a7a96224a54309f","childId":"5f4d78738f086f27a2ab1332"},
{"id":"66fec72f2a7a96224a5430ca","companyId":null,"createdDate":1727973167690,"updatedDate":1727973167690,"versionId":0,"referenceId":null,"systemStatus":null,"updatedByUserId":null,"updatedByUserName":null,"systemStatusText":null,"userTypes":null,"requirementIds":null,"name":null,"sourceReferenceId":null,"sourceReferenceAppId":null,"lockedByUserId":null,"lockedByUserName":null,"publicArtifact":false,"enableOffline":false,"locked":false,"canUnlock":false,"publishComment":null,"importantPublish":false,"appId":"5f47f6158f0814ff0a917552","type":"rl","parentId":"66fec6b52a7a96224a54309f","childId":"5f4d78558f086f27a2ab1329"},
{"id":"66fec69e2a7a96224a54309c","companyId":null,"createdDate":1727973022453,"updatedDate":1727973022453,"versionId":0,"referenceId":null,"systemStatus":null,"updatedByUserId":null,"updatedByUserName":null,"systemStatusText":null,"userTypes":null,"requirementIds":null,"name":"App Data","sourceReferenceId":null,"sourceReferenceAppId":null,"lockedByUserId":null,"lockedByUserName":null,"publicArtifact":false,"enableOffline":false,"locked":false,"canUnlock":false,"publishComment":null,"importantPublish":false,"appId":"5f47f6158f0814ff0a917552","type":"fldr","parentId":"5f47f6158f0814ff0a917552","childId":null}]