[{"id":"6734e111671f3e73e2dd1c36","companyId":"5f47ce0c8f0815394ff3bd8a","createdDate":1731518737698,"updatedDate":1731518737698,"versionId":0,"referenceId":null,"systemStatus":null,"updatedByUserId":"5f4d87978f086f27a2ab1467","updatedByUserName":"Chris Lamberth","systemStatusText":null,"userTypes":[],"requirementIds":[],"name":"Student_CourseEnrollments for GPACalc Update","sourceReferenceId":null,"sourceReferenceAppId":null,"lockedByUserId":null,"lockedByUserName":null,"publicArtifact":false,"enableOffline":false,"locked":false,"canUnlock":false,"publishComment":null,"importantPublish":false,"appId":"5f47f6158f0814ff0a917552","dataModel":"Student_CourseEnrollment","inputDataModel":"API_CourseRequest","operator":"and","relationshipOperator":"and","onlySelectedFields":true,"dynamicSearchCriteria":false,"dynamicCriteriaFieldName":null,"relationshipFilters":null,"selectFields":[{"modelLabel":null,"fieldName":"courseId","sortOrder":0,"seq":0,"dynamicFieldName":false},{"modelLabel":null,"fieldName":"userId","sortOrder":0,"seq":0,"dynamicFieldName":false}],"sortFields":[{"modelLabel":null,"fieldName":"createdDate","sortOrder":-1,"seq":1,"dynamicFieldName":false}],"conditions":[{"fieldName":"courseId","fieldValue":"courseId","dynamicOpeartor":false,"operator":"$eq","fieldType":null,"dynamicFieldName":false,"dynamicFilter":true,"filterValueToken":false,"ignoreCase":false,"fieldListValue":null,"additionalValueDynamic":false,"additionalValueField":null,"additionalValue":0.0,"location":null,"locations":null,"leftModelLabel":null,"rightModelLabel":null,"rightFieldName":null}],"relationFilterFieldName":null,"limit":0,"randomizeResults":false,"hidden":false,"platformObjects":false,"dynamicDataModel":false,"dataModelField":null,"platformObjectName":null,"inputRecordModel":null,"inputRecordField":null,"allRelations":false,"relatedDataModel":null,"relationName":null,"outputDataModel":null,"outputFieldName":null,"sourceDatabase":null,"aggregation":false,"multipleModels":false,"joinModels":null,"joinConditions":null,"deletedData":false,"auditData":false,"auditRecordIdField":null,"aggregationFields":null,"groupFields":null,"createScreen":false,"pageId":null,"pageModelName":null,"pageModelId":null,"securityConditions":null}]