[{"id":"6750adad671f3e73e2dd43ea","companyId":null,"createdDate":1733340589042,"updatedDate":1733340589042,"versionId":0,"referenceId":null,"systemStatus":null,"updatedByUserId":null,"updatedByUserName":null,"systemStatusText":null,"userTypes":null,"requirementIds":null,"name":"2024_Q4_11_Bug_Fix_Release","sourceReferenceId":null,"sourceReferenceAppId":null,"lockedByUserId":null,"lockedByUserName":null,"publicArtifact":false,"enableOffline":false,"locked":false,"canUnlock":false,"publishComment":null,"importantPublish":false,"appId":"6021d6608f08822c86268501","type":"fldr","parentId":"6021d6608f08822c86268501","childId":null},
{"id":"6750adb6671f3e73e2dd43eb","companyId":null,"createdDate":1733340598996,"updatedDate":1733340598996,"versionId":0,"referenceId":null,"systemStatus":null,"updatedByUserId":null,"updatedByUserName":null,"systemStatusText":null,"userTypes":null,"requirementIds":null,"name":null,"sourceReferenceId":null,"sourceReferenceAppId":null,"lockedByUserId":null,"lockedByUserName":null,"publicArtifact":false,"enableOffline":false,"locked":false,"canUnlock":false,"publishComment":null,"importantPublish":false,"appId":"6021d6608f08822c86268501","type":"wf","parentId":"6750adad671f3e73e2dd43ea","childId":"67508847671f3e73e2dd42d6"}]