[{"id":"67508847671f3e73e2dd42d6","companyId":"5f47ce0c8f0815394ff3bd8a","createdDate":1733331795624,"updatedDate":1733331795624,"versionId":0,"referenceId":null,"systemStatus":"P","updatedByUserId":"5f47ce0e8f0815394ff3be1b","updatedByUserName":"Josh Havens","systemStatusText":null,"userTypes":null,"requirementIds":null,"name":"24-11-30--Add CRUD Non-Menu Permissions for Collections to Users","sourceReferenceId":null,"sourceReferenceAppId":null,"lockedByUserId":null,"lockedByUserName":null,"publicArtifact":false,"enableOffline":false,"locked":false,"canUnlock":false,"publishComment":" ","importantPublish":false,"appId":"6021d6608f08822c86268501","folderId":"","initializer":null,"triggerType":"workflow","flow":[],"createdBy":null,"lastModifiedBy":null,"objectsMap":{"1733331015530":{"id":"1733331015530","type":"startObject","value":null,"taskName":"Start","triggerType":"workflow","addedToConfig":true,"painted":true,"position":{},"taskNotes":"<p><br></p>","modelName":"SysTenant","desc":"SysTenant"},"17333310155301000":{"id":"17333310155301000","parent":"1733331113570iterationEnd","systemExit":true,"type":"return","returnType":"exit","taskName":"Exit","label":"","addedToConfig":false,"painted":false,"position":{}},"1733331031850":{"id":"1733331031850","type":"expression","position":{"top":433,"left":1053},"expression":[{"type":"data","source":"constant","value":"Collections Non-Menu Permissions Added - "},{"type":"operator","operator":"+","symbol":"+"},{"type":"data","sourceText":"Output of Current Time","source":"1733331034398"}],"targetVariable":null,"label":"","taskName":"Expression","parent":"1733331034398","painted":false,"taskNotes":"<p><br></p>","expressionType":"string","addedToConfig":false},"1733331034398":{"id":"1733331034398","type":"service","value":"Utility Function","serviceType":"internal","position":{"top":401,"left":727},"label":"","callType":"async","taskName":"Current Time","parent":"1733331015530","painted":false,"desc":"Utility Function","taskNotes":"<p><br></p>","utilityFunctionId":"getCurrentTime","dateFormat":"","addedToConfig":false},"1733331113570iterationEnd":{"id":"1733331113570iterationEnd","iteratorId":"1733331113570","parent":"1733331160254_end","position":{"top":657,"left":726},"type":"iterationEnd","painted":false,"addedToConfig":false},"1733331113570":{"id":"1733331113570","type":"iterator","iterationType":"for","position":{"top":657,"left":726},"mapping":[],"label":"","taskName":"Control Loop","parent":"1733331218351","painted":false,"counterType":"fixed","operator":"and","taskNotes":"<p><br></p>","fixedLoopCounterTypeOption":"constant","counterValue":"20000","addedToConfig":false},"1733331130752":{"id":"1733331130752","type":"query","position":{"top":583,"left":593},"source":null,"target":null,"mapping":[{"name":"systemStatus","valueType":"variable","value":null,"fieldType":"String","list":false,"comparator":"notequals","source":"1733331031850"}],"label":"","filterBy":"criteria","searchOption":"one","operator":"and","taskName":"User","parent":"1733331113570","painted":false,"taskNotes":"<p><br></p>","ignoreSecurity":true,"queryType":"dynamic","relationshipMapping":[],"selectFields":[],"sortFields":[],"modelName":"User","addedToConfig":false},"1733331160254_end":{"id":"1733331160254_end","decisionId":"1733331160254","position":{"top":603,"left":569},"type":"decisionEnd","painted":false,"addedToConfig":false},"1733331160254_success_start":{"id":"1733331160254_success_start","decisionId":"1733331160254","parent":"1733331160254","position":{"top":603,"left":569},"type":"decisionSucessStart","painted":false,"addedToConfig":false},"1733331160254_failure_start":{"id":"1733331160254_failure_start","decisionId":"1733331160254","parent":"1733331160254","position":{"top":603,"left":569},"type":"decisionFailureStart","painted":false,"addedToConfig":false},"1733331160254_success_end":{"id":"1733331160254_success_end","decisionId":"1733331160254","parent":"1733331783755","position":{"top":603,"left":569},"type":"decisionSucessEnd","painted":false,"addedToConfig":false},"1733331160254_failure_end":{"id":"1733331160254_failure_end","decisionId":"1733331160254","parent":"1733331172534","position":{"top":603,"left":569},"type":"decisionFailureEnd","painted":false,"addedToConfig":false},"1733331160254":{"id":"1733331160254","type":"decision","newMapping":true,"position":{"top":603,"left":569},"condition":null,"serviceName":null,"serviceType":null,"operator":"and","mapping":[{"sourceType":"notNull","sourceValue":null,"source":"1733331130752","sourceFieldType":null,"sourceModel":"User","isSourceList":null,"targetType":"variable","targetValue":null,"target":null,"targetFieldType":null,"targetModel":"","isTargetList":null,"comparator":null}],"label":"","parent":"1733331130752","painted":false,"taskNotes":"<p><br></p>","addedToConfig":false},"1733331172534":{"id":"1733331172534","type":"return","returnType":"exit","taskName":"Exit","label":"","position":{"top":565,"left":594},"parent":"1733331160254_failure_start","painted":false,"addedToConfig":false},"1733331218351":{"id":"1733331218351","type":"query","position":{"top":353,"left":601},"source":null,"target":null,"mapping":[{"name":"parentMenuItemId","valueType":"constant","value":"5ff5e4958f0886ca4754f3f8","fieldType":"String","list":false,"fromModel":"","comparator":"equals"}],"label":"","filterBy":"criteria","searchOption":"many","operator":"and","taskName":"Menu_Items","parent":"1733331031850","painted":false,"taskNotes":"<p><br></p>","ignoreSecurity":true,"useOwnerTenant":true,"queryType":"dynamic","relationshipMapping":[],"selectFields":[],"sortFields":[],"modelName":"Menu_Items","addedToConfig":false},"1733331343411iterationEnd":{"id":"1733331343411iterationEnd","iteratorId":"1733331343411","parent":"1733331460318_end","position":{"top":547,"left":535},"type":"iterationEnd","painted":false,"addedToConfig":false},"1733331343411":{"id":"1733331343411","type":"iterator","iterationType":"for","position":{"top":547,"left":535},"mapping":[],"label":"","taskName":"Current Menu_Item","parent":"1733331160254_success_start","painted":false,"counterType":"dynamic","operator":"and","taskNotes":"<p><br></p>","inputValue":null,"inputTask":"1733331218351","inputDataModel":"Menu_Items","addedToConfig":false},"1733331393171":{"id":"1733331393171","type":"query","position":{"top":553,"left":450},"source":null,"target":null,"mapping":[{"name":"userId","valueType":"variable","value":"_id","fieldType":"String","list":false,"fromModel":"User","comparator":"equals","source":"1733331130752"},{"name":"itemId","valueType":"variable","value":"_id","fieldType":"String","list":false,"fromModel":"Menu_Items","comparator":"equals","source":"1733331343411"}],"label":"","filterBy":"criteria","searchOption":"many","operator":"and","taskName":"User_MenuPermissions","parent":"1733331343411","painted":false,"taskNotes":"<p><br></p>","ignoreSecurity":true,"queryType":"dynamic","relationshipMapping":[],"selectFields":[],"sortFields":[],"modelName":"User_MenuPermissions","addedToConfig":false},"1733331460318_end":{"id":"1733331460318_end","decisionId":"1733331460318","position":{"top":593,"left":488},"type":"decisionEnd","painted":false,"addedToConfig":false},"1733331460318_success_start":{"id":"1733331460318_success_start","decisionId":"1733331460318","parent":"1733331460318","position":{"top":593,"left":488},"type":"decisionSucessStart","painted":false,"addedToConfig":false},"1733331460318_failure_start":{"id":"1733331460318_failure_start","decisionId":"1733331460318","parent":"1733331460318","position":{"top":593,"left":488},"type":"decisionFailureStart","painted":false,"addedToConfig":false},"1733331460318_success_end":{"id":"1733331460318_success_end","decisionId":"1733331460318","parent":"1733331698045","position":{"top":593,"left":488},"type":"decisionSucessEnd","painted":false,"addedToConfig":false},"1733331460318_failure_end":{"id":"1733331460318_failure_end","decisionId":"1733331460318","parent":"1733331648854","position":{"top":593,"left":488},"type":"decisionFailureEnd","painted":false,"addedToConfig":false},"1733331460318":{"id":"1733331460318","type":"decision","newMapping":true,"position":{"top":593,"left":488},"condition":null,"serviceName":null,"serviceType":null,"operator":"and","mapping":[{"sourceType":"notNull","sourceValue":null,"source":"1733331393171","sourceFieldType":null,"sourceModel":"User_MenuPermissions","isSourceList":null,"targetType":"variable","targetValue":null,"target":null,"targetFieldType":null,"targetModel":"","isTargetList":null,"comparator":null}],"label":"","parent":"1733331393171","painted":false,"taskNotes":"<p><br></p>","addedToConfig":false},"1733331469292":{"id":"1733331469292","type":"createDataObject","position":{"top":589,"left":531},"condition":"User_MenuPermissions","mapping":[{"name":"userId","valueType":"variable","value":"_id","fieldType":"String","list":false,"rr_dynamic_field_name_type":"","fromModel":"User","source":"1733331130752"},{"name":"role","valueType":"variable","value":"loggedInUserRole","fieldType":"String","list":false,"rr_dynamic_field_name_type":"","fromModel":"Menu_Items","source":"1733331343411"},{"name":"boolean","valueType":"constant","value":"true","fieldType":"Boolean","list":false,"rr_dynamic_field_name_type":"","fromModel":""},{"name":"branchId","valueType":"variable","value":"branchId","fieldType":"String","list":false,"rr_dynamic_field_name_type":"","fromModel":"User","source":"1733331130752"},{"name":"itemId","valueType":"variable","value":"_id","fieldType":"String","list":false,"rr_dynamic_field_name_type":"","fromModel":"Menu_Items","source":"1733331343411"},{"name":"itemName","valueType":"variable","value":"name","fieldType":"String","list":false,"rr_dynamic_field_name_type":"","fromModel":"Menu_Items","source":"1733331343411"},{"name":"itemType","valueType":"variable","value":"menuType","fieldType":"String","list":false,"rr_dynamic_field_name_type":"","fromModel":"Menu_Items","source":"1733331343411"}],"label":"","taskName":"Create Model Record","parent":"1733331460318_failure_start","painted":false,"taskNotes":"<p><br></p>","addedToConfig":false},"1733331648854":{"id":"1733331648854","type":"persist","position":{"top":687,"left":929},"source":null,"target":null,"mapping":null,"label":"","taskName":"Save Data","parent":"1733331469292","isMerge":true,"taskNotes":"<p><br></p>","inputTask":"1733331469292","inputValue":null,"modelName":"User_MenuPermissions","ignoreSecurity":true,"addedToConfig":false},"1733331684494":{"id":"1733331684494","type":"dataTransfer","position":{"top":645,"left":773},"source":"mddui_page_input_data","sourceType":"page","sourceVariable":"rr_page_data","targetType":"page","target":"1733331393171","targetVariable":null,"resultVariable":null,"mapping":[{"name":"boolean","valueType":"constant","value":"true","fieldType":"Boolean","list":false,"rr_dynamic_field_name_type":"","fromModel":""}],"label":"","taskName":"Update Model in Memory","parent":"1733331460318_success_start","painted":false,"taskNotes":"<p><br></p>","condition":"User_MenuPermissions","addedToConfig":false},"1733331698045":{"id":"1733331698045","type":"persist","position":{"top":687,"left":929},"source":null,"target":null,"mapping":null,"label":"","taskName":"Save Data","parent":"1733331684494","isMerge":true,"taskNotes":"<p><br></p>","inputTask":"1733331393171","inputValue":null,"modelName":"User_MenuPermissions","ignoreSecurity":true,"addedToConfig":false},"1733331708072":{"id":"1733331708072","type":"dataTransfer","position":{"top":805,"left":894},"source":"mddui_page_input_data","sourceType":"page","sourceVariable":"rr_page_data","targetType":"page","target":"1733331130752","targetVariable":null,"resultVariable":null,"mapping":[{"name":"systemStatus","valueType":"variable","value":null,"fieldType":"String","list":false,"rr_dynamic_field_name_type":"","source":"1733331031850"}],"label":"","taskName":"Update Model in Memory","parent":"1733331343411iterationEnd","painted":false,"taskNotes":"<p><br></p>","condition":"User","addedToConfig":false},"1733331783755":{"id":"1733331783755","type":"persist","position":{"top":847,"left":879},"source":null,"target":null,"mapping":null,"label":"","taskName":"Save Data","parent":"1733331708072","isMerge":true,"taskNotes":"<p><br></p>","inputTask":"1733331130752","inputValue":null,"modelName":"User","ignoreSecurity":true,"addedToConfig":false}},"decisionsMap":{"1733331160254":{"success":"1733331160254_success_start","failure":"1733331160254_failure_start","successEnd":"1733331160254_success_end","failureEnd":"1733331160254_failure_end","end":"1733331160254_end","root":true},"1733331460318":{"success":"1733331460318_success_start","failure":"1733331460318_failure_start","successEnd":"1733331460318_success_end","failureEnd":"1733331460318_failure_end","end":"1733331460318_end","root":false}},"active":false,"scheduler":false,"savedId":null,"workInProgress":false,"uiFLow":false,"startTaskId":"1733331015530","shouldSecure":true,"allowExecutionForAll":false,"testCase":false,"testSuite":false,"sequence":1,"internal":false,"triggeredFromBpm":false,"inputModel":"SysTenant","outputModel":null,"appName":null}]